user_input,retrieved_contexts,response,faithfulness,answer_relevancy,llm_context_precision_without_reference,model
When does the 2025 Fall semester officially begin at CCU?,"['Again, welcome to CCU and we are looking forward to seeing you on campus soon.    Best regards,    Office of International Affairs  National Chung Cheng University        Welcome to CCU!          3    01  CCU’s Calendar  for  Fall Semester  2025  CCU’s Calendar for Fall Semester 2025  國立中正大學 114 學年度第 1 學期行事曆     4   The academic calendar for CCU(114 學年度行事曆) is available at this website.   https://oia.ccu.edu.tw/p/405-1008-63090,c1425.php?Lang=en    Date 日期 Event  行事  2025.08.29 (Fri.)  Leave-School Deadline for Graduate students who have passed the  Degree Examinations in the 2025 Spring semester  第 2 學期完成學位考試之研究生離校截止日  Dormitory move-in day 學生宿舍進住日  2025.09.01 (Mon.) ~  2025.09.05 (Fri.)  Registration week for new students 新生註冊週  2025.09.01 (Mon.) ~  2025.09.15 (Mon.)  Application of transferring new and in-service students’credits  新生(含專班)抵免學分申請  2025.09.03 (Wed.) On-campus health examination for freshman 校內新生體檢  2025.09.03 (Wed.) ~  2025.09.05 (Fri.)  First Course Selection for New Students (including', '(Wed.)  Deadline for submitting “Cut-off book for not participating in students  group insurance”  繳交「不參加學生團體保險切結書」截止日  2025.10.17 (Fri.) Standard of one-third school days.  學生申請休、退學退費上課達 1/3 基準日       CCU’s Calendar for Fall Semester 2025  國立中正大學 114 學年度第 1 學期行事曆     5   Date 日期 Event  行事  2025.10.25 (Sat.) Sports Day for the Celebration of CCU’s Anniversary 校慶運動會  2025.10.31 (Fri.)  Minor and double major application Cancellation.   放棄輔系、雙主修申請截止日  2025.11.03 (Mon.) ~  2025.11.9 (Sun.)  Midterm exam week 期中考週  2025.11.10(Mon.) ~  2025.12.08(Mon.)  Course drop-out application period for 2025 Fall semester 棄選申請  2025.11.28 (Fri.) Standard of two-thirds school days 學生申請休、退學退費上課達 2/3 基準日  2025.12.15 (Mon.)  Application for Graduate Students’ Degree Examination in Fall Semester  Ends.  第一學期研究生學位考試申請截止  2025.12.22 (Mon.)~  2025.12.26 (Fri.)  First course selection for Spring Semester 2026  第 2 學期第一階段選課  2025.12.22 (Mon.) ~  2025.12.28 (Sun.)  Instructors at CCU can arrange their classes to accommodate flexible', '2025.12.26 (Fri.)  First course selection for Spring Semester 2026  第 2 學期第一階段選課  2025.12.22 (Mon.) ~  2025.12.28 (Sun.)  Instructors at CCU can arrange their classes to accommodate flexible  teaching practices in relation to the final exams scheduled in the 16th  week. 因應彈性教學教師可規劃課程於第 16 週期末考試 2025.12.29 (Mon.) ~  2026.01.09 (Fri.)  Flexible teaching period for the 2025 Fall Semester 教師彈性教學  2025.12.31 (Wed.) Deadline of applying for graduating beforehand (For undergraduate  students) 學士班學生提前畢業申請截止日  2026.01.01 (Thu.) Anniversary of the Founding of R. O. C. (day off) 中華民國開國紀念日(放假)  2026.01.02 (Fri.)  Last lecture day. Deadline of applying for dropping out in the 2025 Fall  Semester.  第 1 學期上課最後一天，第 1 學期休學申請截止日  2026.01.03 (Sat.) ~  2026.01.09 (Fri.)  Final examination period 期末考週  2026.01.13 (Tues.) Dormitory move-out deadline 退宿截止日  2026.01.28 (Wed.)  Deadline for Graduate Students Degree Examination in Fall Semester  第 1 學期研究生學位考試截止日  2026.01.31 (Sat.) End of the first semester 第 1 學期結束   6     02']","The 2025 Fall semester at CCU officially begins on **2025.08.29 (Friday)** with the **Dormitory move-in day** and **Leave-School Deadline for Graduate students**. 

Key dates include:
- **2025.09.01 (Monday)**: Start of **Registration week for new students**.
- **2025.09.03 (Wednesday)**: **On-campus health examination for freshman**.
- **2025.12.22 (Monday)**: Start of **Flexible teaching period**.
- **2026.01.02 (Friday)**: **Last lecture day** and **Drop-out deadline**.
- **2026.01.31 (Saturday)**: **End of the first semester**.",0.7777777777777778,0.9495480024191222,0.8333333332916666,Qwen3_no_think
What is the last day to apply for a full refund after dropping out in the first semester?,"['students’credits  新生(含專班)抵免學分申請  2025.09.03 (Wed.) On-campus health examination for freshman 校內新生體檢  2025.09.03 (Wed.) ~  2025.09.05 (Fri.)  First Course Selection for New Students (including Special Programs)新生 (含專班)第一階段選課  2025.09.05 (Fri.)  Deadline of applying full refund in the First semester (For expelled and  drop-out students). 第 1 學期學生申請休、退學全額退費截止日  2025.09.08 (Mon.)  Class begins. 第 1 學期上課開始  Registration deadline for all current and new students. 註冊截止日  Application for Degree Examination of Graduate Student Starts 研究生學 位考試申請開始  2025.09.08 (Mon.) ~  2025.09.19 (Fri.)  2nd Course Selection for Fall Semester 2025  114-1 學期第二階段選課  2025.09.19 (Fri.) National Disaster Prevention Day 國家防災日演習  2025.10.06 (Mon.) Mid-Autumn Festival (day off) 中秋節 (放假一天)  2025.10.10 (Fri.) National Day (day off) 國慶日 (放假一天)  2025.10.15 (Wed.)  Deadline for submitting “Cut-off book for not participating in students  group insurance”  繳交「不參加學生團體保險切結書」截止日  2025.10.17 (Fri.) Standard of one-third school days.  學生申請休、退學退費上課達 1/3', 'Date for Student Withdrawal/Leave of Absence and  Tuition Refund (Upon Reaching 2/3 of Semester Classes)  學生申請休、退學退費上課達 2/3 基準日  2026.05.29 (Fri.)  Deadline for Early Graduation Application (Undergraduate Students)   學士班學生提前畢業申請截止日  2026.06.01 (Mon.) Application for department transfer, minor, or double major for  undergraduate students. 學士班申請轉系、輔系、雙主修      2026.06.06 (Sat.) Graduation Ceremony  畢業典禮  2026.06.08 (Mon.) ~  2026.06.12 (Fri.)  Phase 1 Course Selection (1st Semester, AY 115)  115 學年第 1 學期第一階段選課  2026.06.08 (Mon.) ~  2026.06.14 (Sun.)  Final Exam Week (Flexible Teaching Period for Instructors)  因應彈性教學教師可規劃課程於第 16 週期末考試  2026.06.15 (Mon.) ~  2026.06.26 (Fri.)  Flexible Teaching Period for Instructors 教師彈性教學  2026.06.18 (Thu.) Last Day of Classes for 2nd Semester 第 2 學期上課最後一天  2026.06.19 (Fri.) Dragon Boat Festival 端午節  2026.06.20 (Sat.) ~  2026.06.26 (Fri.)  Final Exam Week (General Courses, Week 18); Flexible Teaching  Courses follow Course Syllabus  一般課程期末考試(彈性教學課程依課程大綱辦理)  2026.07.05 (Sun.)', 'Date for Student Withdrawal/Leave of Absence and  Tuition Refund (Upon Reaching 2/3 of Semester Classes)  學生申請休、退學退費上課達 2/3 基準日  2026.05.29 (Fri.)  Deadline for Early Graduation Application (Undergraduate Students)   學士班學生提前畢業申請截止日  2026.06.01 (Mon.) Application for department transfer, minor, or double major for  undergraduate students. 學士班申請轉系、輔系、雙主修      2026.06.06 (Sat.) Graduation Ceremony  畢業典禮  2026.06.08 (Mon.) ~  2026.06.12 (Fri.)  Phase 1 Course Selection (1st Semester, AY 115)  115 學年第 1 學期第一階段選課  2026.06.08 (Mon.) ~  2026.06.14 (Sun.)  Final Exam Week (Flexible Teaching Period for Instructors)  因應彈性教學教師可規劃課程於第 16 週期末考試  2026.06.15 (Mon.) ~  2026.06.26 (Fri.)  Flexible Teaching Period for Instructors 教師彈性教學  2026.06.18 (Thu.) Last Day of Classes for 2nd Semester 第 2 學期上課最後一天  2026.06.19 (Fri.) Dragon Boat Festival 端午節  2026.06.20 (Sat.) ~  2026.06.26 (Fri.)  Final Exam Week (General Courses, Week 18); Flexible Teaching  Courses follow Course Syllabus  一般課程期末考試(彈性教學課程依課程大綱辦理)  2026.07.05 (Sun.)']",The last day to apply for a full refund after dropping out in the first semester is 2025.09.08 (Mon.).,0.0,0.9999999999999992,0.9999999999,Qwen3_no_think
When is the midterm exam week during the 2025 Fall semester?,"['(Wed.)  Deadline for submitting “Cut-off book for not participating in students  group insurance”  繳交「不參加學生團體保險切結書」截止日  2025.10.17 (Fri.) Standard of one-third school days.  學生申請休、退學退費上課達 1/3 基準日       CCU’s Calendar for Fall Semester 2025  國立中正大學 114 學年度第 1 學期行事曆     5   Date 日期 Event  行事  2025.10.25 (Sat.) Sports Day for the Celebration of CCU’s Anniversary 校慶運動會  2025.10.31 (Fri.)  Minor and double major application Cancellation.   放棄輔系、雙主修申請截止日  2025.11.03 (Mon.) ~  2025.11.9 (Sun.)  Midterm exam week 期中考週  2025.11.10(Mon.) ~  2025.12.08(Mon.)  Course drop-out application period for 2025 Fall semester 棄選申請  2025.11.28 (Fri.) Standard of two-thirds school days 學生申請休、退學退費上課達 2/3 基準日  2025.12.15 (Mon.)  Application for Graduate Students’ Degree Examination in Fall Semester  Ends.  第一學期研究生學位考試申請截止  2025.12.22 (Mon.)~  2025.12.26 (Fri.)  First course selection for Spring Semester 2026  第 2 學期第一階段選課  2025.12.22 (Mon.) ~  2025.12.28 (Sun.)  Instructors at CCU can arrange their classes to accommodate flexible', '2025.12.26 (Fri.)  First course selection for Spring Semester 2026  第 2 學期第一階段選課  2025.12.22 (Mon.) ~  2025.12.28 (Sun.)  Instructors at CCU can arrange their classes to accommodate flexible  teaching practices in relation to the final exams scheduled in the 16th  week. 因應彈性教學教師可規劃課程於第 16 週期末考試 2025.12.29 (Mon.) ~  2026.01.09 (Fri.)  Flexible teaching period for the 2025 Fall Semester 教師彈性教學  2025.12.31 (Wed.) Deadline of applying for graduating beforehand (For undergraduate  students) 學士班學生提前畢業申請截止日  2026.01.01 (Thu.) Anniversary of the Founding of R. O. C. (day off) 中華民國開國紀念日(放假)  2026.01.02 (Fri.)  Last lecture day. Deadline of applying for dropping out in the 2025 Fall  Semester.  第 1 學期上課最後一天，第 1 學期休學申請截止日  2026.01.03 (Sat.) ~  2026.01.09 (Fri.)  Final examination period 期末考週  2026.01.13 (Tues.) Dormitory move-out deadline 退宿截止日  2026.01.28 (Wed.)  Deadline for Graduate Students Degree Examination in Fall Semester  第 1 學期研究生學位考試截止日  2026.01.31 (Sat.) End of the first semester 第 1 學期結束   6     02', 'students’credits  新生(含專班)抵免學分申請  2025.09.03 (Wed.) On-campus health examination for freshman 校內新生體檢  2025.09.03 (Wed.) ~  2025.09.05 (Fri.)  First Course Selection for New Students (including Special Programs)新生 (含專班)第一階段選課  2025.09.05 (Fri.)  Deadline of applying full refund in the First semester (For expelled and  drop-out students). 第 1 學期學生申請休、退學全額退費截止日  2025.09.08 (Mon.)  Class begins. 第 1 學期上課開始  Registration deadline for all current and new students. 註冊截止日  Application for Degree Examination of Graduate Student Starts 研究生學 位考試申請開始  2025.09.08 (Mon.) ~  2025.09.19 (Fri.)  2nd Course Selection for Fall Semester 2025  114-1 學期第二階段選課  2025.09.19 (Fri.) National Disaster Prevention Day 國家防災日演習  2025.10.06 (Mon.) Mid-Autumn Festival (day off) 中秋節 (放假一天)  2025.10.10 (Fri.) National Day (day off) 國慶日 (放假一天)  2025.10.15 (Wed.)  Deadline for submitting “Cut-off book for not participating in students  group insurance”  繳交「不參加學生團體保險切結書」截止日  2025.10.17 (Fri.) Standard of one-third school days.  學生申請休、退學退費上課達 1/3']",The midterm exam week during the 2025 Fall semester is from 2025.11.03 (Mon.) to 2025.11.09 (Sun.).,1.0,0.9999999999999996,0.9999999999,Qwen3_no_think
What is the dormitory move-out deadline at the end of the Fall 2025 semester?,"['2025.12.26 (Fri.)  First course selection for Spring Semester 2026  第 2 學期第一階段選課  2025.12.22 (Mon.) ~  2025.12.28 (Sun.)  Instructors at CCU can arrange their classes to accommodate flexible  teaching practices in relation to the final exams scheduled in the 16th  week. 因應彈性教學教師可規劃課程於第 16 週期末考試 2025.12.29 (Mon.) ~  2026.01.09 (Fri.)  Flexible teaching period for the 2025 Fall Semester 教師彈性教學  2025.12.31 (Wed.) Deadline of applying for graduating beforehand (For undergraduate  students) 學士班學生提前畢業申請截止日  2026.01.01 (Thu.) Anniversary of the Founding of R. O. C. (day off) 中華民國開國紀念日(放假)  2026.01.02 (Fri.)  Last lecture day. Deadline of applying for dropping out in the 2025 Fall  Semester.  第 1 學期上課最後一天，第 1 學期休學申請截止日  2026.01.03 (Sat.) ~  2026.01.09 (Fri.)  Final examination period 期末考週  2026.01.13 (Tues.) Dormitory move-out deadline 退宿截止日  2026.01.28 (Wed.)  Deadline for Graduate Students Degree Examination in Fall Semester  第 1 學期研究生學位考試截止日  2026.01.31 (Sat.) End of the first semester 第 1 學期結束   6     02', 'Festival 端午節  2026.06.20 (Sat.) ~  2026.06.26 (Fri.)  Final Exam Week (General Courses, Week 18); Flexible Teaching  Courses follow Course Syllabus  一般課程期末考試(彈性教學課程依課程大綱辦理)  2026.07.05 (Sun.) Dormitory move-out deadline  退宿截止日  2026.07.31 (Fri.) End of the spring semester 第 2 學期結束     6     02        Pre-departure Checklist Pre-departure Checklist    7   2.1 Pre-departure Checklist       Event Check  1 Valid Resident VISA & Health Certificate for Alien Residence Certificate(ARC)   2 Passport (Original and 3 photocopies)   3  Personal photos*4 & the digital file  The photo should be a color photo with a glossy finish taken with a white background  within the last six months. The photo should be 4.5cm × 3.5cm with an image of the  head that should be no shorter than 3.2 cm or longer  than 3.6 cm from the top of the head to the chin.  The photo should be with clear and identifiable  facial features without wearing a hat or a pair of  color glasses. Please refer to the sample photo.  If you are worried that the', 'Again, welcome to CCU and we are looking forward to seeing you on campus soon.    Best regards,    Office of International Affairs  National Chung Cheng University        Welcome to CCU!          3    01  CCU’s Calendar  for  Fall Semester  2025  CCU’s Calendar for Fall Semester 2025  國立中正大學 114 學年度第 1 學期行事曆     4   The academic calendar for CCU(114 學年度行事曆) is available at this website.   https://oia.ccu.edu.tw/p/405-1008-63090,c1425.php?Lang=en    Date 日期 Event  行事  2025.08.29 (Fri.)  Leave-School Deadline for Graduate students who have passed the  Degree Examinations in the 2025 Spring semester  第 2 學期完成學位考試之研究生離校截止日  Dormitory move-in day 學生宿舍進住日  2025.09.01 (Mon.) ~  2025.09.05 (Fri.)  Registration week for new students 新生註冊週  2025.09.01 (Mon.) ~  2025.09.15 (Mon.)  Application of transferring new and in-service students’credits  新生(含專班)抵免學分申請  2025.09.03 (Wed.) On-campus health examination for freshman 校內新生體檢  2025.09.03 (Wed.) ~  2025.09.05 (Fri.)  First Course Selection for New Students (including']",The dormitory move-out deadline at the end of the Fall 2025 semester is 2026.01.13 (Tues.).,0.5,0.9999999999999994,0.9999999999,Qwen3_no_think
"Which national holiday falls on October 10, 2025?","['students’credits  新生(含專班)抵免學分申請  2025.09.03 (Wed.) On-campus health examination for freshman 校內新生體檢  2025.09.03 (Wed.) ~  2025.09.05 (Fri.)  First Course Selection for New Students (including Special Programs)新生 (含專班)第一階段選課  2025.09.05 (Fri.)  Deadline of applying full refund in the First semester (For expelled and  drop-out students). 第 1 學期學生申請休、退學全額退費截止日  2025.09.08 (Mon.)  Class begins. 第 1 學期上課開始  Registration deadline for all current and new students. 註冊截止日  Application for Degree Examination of Graduate Student Starts 研究生學 位考試申請開始  2025.09.08 (Mon.) ~  2025.09.19 (Fri.)  2nd Course Selection for Fall Semester 2025  114-1 學期第二階段選課  2025.09.19 (Fri.) National Disaster Prevention Day 國家防災日演習  2025.10.06 (Mon.) Mid-Autumn Festival (day off) 中秋節 (放假一天)  2025.10.10 (Fri.) National Day (day off) 國慶日 (放假一天)  2025.10.15 (Wed.)  Deadline for submitting “Cut-off book for not participating in students  group insurance”  繳交「不參加學生團體保險切結書」截止日  2025.10.17 (Fri.) Standard of one-third school days.  學生申請休、退學退費上課達 1/3', '(Wed.)  Deadline for submitting “Cut-off book for not participating in students  group insurance”  繳交「不參加學生團體保險切結書」截止日  2025.10.17 (Fri.) Standard of one-third school days.  學生申請休、退學退費上課達 1/3 基準日       CCU’s Calendar for Fall Semester 2025  國立中正大學 114 學年度第 1 學期行事曆     5   Date 日期 Event  行事  2025.10.25 (Sat.) Sports Day for the Celebration of CCU’s Anniversary 校慶運動會  2025.10.31 (Fri.)  Minor and double major application Cancellation.   放棄輔系、雙主修申請截止日  2025.11.03 (Mon.) ~  2025.11.9 (Sun.)  Midterm exam week 期中考週  2025.11.10(Mon.) ~  2025.12.08(Mon.)  Course drop-out application period for 2025 Fall semester 棄選申請  2025.11.28 (Fri.) Standard of two-thirds school days 學生申請休、退學退費上課達 2/3 基準日  2025.12.15 (Mon.)  Application for Graduate Students’ Degree Examination in Fall Semester  Ends.  第一學期研究生學位考試申請截止  2025.12.22 (Mon.)~  2025.12.26 (Fri.)  First course selection for Spring Semester 2026  第 2 學期第一階段選課  2025.12.22 (Mon.) ~  2025.12.28 (Sun.)  Instructors at CCU can arrange their classes to accommodate flexible', 'The swimming pool is a seasonal facility and is usually open from April 15 to October 15 each year. On weekdays, opening hours are from 18:00 to 21:00. On weekends and public holidays, there are two sessions: from 14:00 to 17:00 and from 18:00 to 21:00.']","The national holiday on October 10, 2025, is National Day (放假一天).",1.0,0.9834076506371958,0.9999999999,Qwen3_no_think
How many students share a room in the undergraduate dormitory at CCU?,"['pay a residence deposit of  NT$1,600 and an electricity cha rge of NT$ 2,000, a total of NT$3, 600 (not  included in CCU scholarship). You will get an IC card saved with NT$1,000 to use  for the electricity cost of your room. If the amount of NT$1,000 runs out, you  should go to the Dormitory Service Center, with your card & money, to recharge  your card. The rest of NT$500 is reserved for the cost of public space. In the end  of every semester, the Dormitory Service Center will calculate the exact cost of  the electricity charge. If it is greater than the amount paid in the beginning of  semester, you will have to pay the difference.  4. The dormitory doesn’t supply the sheet for tenants. Furthermore, it doesn’t  include kitchen space, so please do not cook in your room.  5. Please ask the buddy assigned by OIA to help you regarding the check in  procedure at Dormitory Service Center.    3.1 Undergraduate student Dormitory  1. Undergraduate: 4 students share a room.  2. Each room is equipped with beds,', 'pay a residence deposit of  NT$1,600 and an electricity cha rge of NT$ 2,000, a total of NT$3, 600 (not  included in CCU scholarship). You will get an IC card saved with NT$1,000 to use  for the electricity cost of your room. If the amount of NT$1,000 runs out, you  should go to the Dormitory Service Center, with your card & money, to recharge  your card. The rest of NT$500 is reserved for the cost of public space. In the end  of every semester, the Dormitory Service Center will calculate the exact cost of  the electricity charge. If it is greater than the amount paid in the beginning of  semester, you will have to pay the difference.  4. The dormitory doesn’t supply the sheet for tenants. Furthermore, it doesn’t  include kitchen space, so please do not cook in your room.  5. Please ask the buddy assigned by OIA to help you regarding the check in  procedure at Dormitory Service Center.    3.1 Undergraduate student Dormitory  1. Undergraduate: 4 students share a room.  2. Each room is equipped with beds,', 'to help you regarding the check in  procedure at Dormitory Service Center.    3.1 Undergraduate student Dormitory  1. Undergraduate: 4 students share a room.  2. Each room is equipped with beds, L-shaped desks,  closets, telephone, lamps. Internet access is  available in all dormitories.  3. You can apply for dormitory network in the  Computer Center; the fee is NT$1,000 per  semester.    Accommodation    12     3.2 Graduate student Dormitory  1. Graduate: 2 students share a room.  2. Each room is equipped with beds, desks, chairs,  book shelf, closets, telephone. Internet access is  available in all dormitories.  3. You can apply for dormitory network in the  Computer Center; the fee is NT$1,000 per semester.    3.3 PhD student Dormitory  1. PhD: one to three students share a room.  2. Each room is equipped with beds, desks, chairs,  book shelf, closets, telephone. Internet access is  available in all dormitories.  3. You can apply for dormitory network in the  Computer Center; the fee is NT$1,000 per']","Undergraduate students share a room with 4 other students. Each room is equipped with beds, L-shaped desks, closets, telephone, lamps, and internet access. The dormitory does not supply sheets, and cooking is not allowed in the room.",1.0,0.7345076854489557,0.9999999999666667,Qwen3_no_think
Which item is NOT provided in the CCU dormitory room?,"['Expenses  around 54,000 (9,000 per month)  *Actual expenses depend on consumption habits of each person.  Currency Unit: NT (NT$28.89=US$1)           based on the rate on 2025/7/03      10                                03  Accommodation Accommodation    11     1. On-campus accommodation is guaranteed for international students. The first- year-students don’t need to apply; the CCU Office of International Affairs will  arrange it for you . However, your dormitory room will be assigned ; you are  unable to choose your own rooms or roommates.  2. Your dormitory room is not equipped with mattress, pillow, and quilt.  3. Besides the dormitory fee, each one of  you has to pay a residence deposit of  NT$1,600 and an electricity cha rge of NT$ 2,000, a total of NT$3, 600 (not  included in CCU scholarship). You will get an IC card saved with NT$1,000 to use  for the electricity cost of your room. If the amount of NT$1,000 runs out, you  should go to the Dormitory Service Center, with your card & money, to recharge', 'CCU dormitories have basic access control and management rules in place to maintain safety and living quality.\n\nResidents typically enter and exit the dormitory by scanning their student ID card, and non-residents are not allowed to enter freely.\n\nDormitories also have staff on duty and regulations regarding the use of public areas, visitors, noise levels, and cleanliness.', 'pay a residence deposit of  NT$1,600 and an electricity cha rge of NT$ 2,000, a total of NT$3, 600 (not  included in CCU scholarship). You will get an IC card saved with NT$1,000 to use  for the electricity cost of your room. If the amount of NT$1,000 runs out, you  should go to the Dormitory Service Center, with your card & money, to recharge  your card. The rest of NT$500 is reserved for the cost of public space. In the end  of every semester, the Dormitory Service Center will calculate the exact cost of  the electricity charge. If it is greater than the amount paid in the beginning of  semester, you will have to pay the difference.  4. The dormitory doesn’t supply the sheet for tenants. Furthermore, it doesn’t  include kitchen space, so please do not cook in your room.  5. Please ask the buddy assigned by OIA to help you regarding the check in  procedure at Dormitory Service Center.    3.1 Undergraduate student Dormitory  1. Undergraduate: 4 students share a room.  2. Each room is equipped with beds,']","The CCU dormitory room does not provide a mattress, pillow, and quilt. Additionally, it does not supply sheets, nor does it include kitchen space for cooking.",1.0,0.890510361862746,0.3333333333,Qwen3_no_think
How much is the residence deposit that students must pay in addition to the dormitory fee?,"['pay a residence deposit of  NT$1,600 and an electricity cha rge of NT$ 2,000, a total of NT$3, 600 (not  included in CCU scholarship). You will get an IC card saved with NT$1,000 to use  for the electricity cost of your room. If the amount of NT$1,000 runs out, you  should go to the Dormitory Service Center, with your card & money, to recharge  your card. The rest of NT$500 is reserved for the cost of public space. In the end  of every semester, the Dormitory Service Center will calculate the exact cost of  the electricity charge. If it is greater than the amount paid in the beginning of  semester, you will have to pay the difference.  4. The dormitory doesn’t supply the sheet for tenants. Furthermore, it doesn’t  include kitchen space, so please do not cook in your room.  5. Please ask the buddy assigned by OIA to help you regarding the check in  procedure at Dormitory Service Center.    3.1 Undergraduate student Dormitory  1. Undergraduate: 4 students share a room.  2. Each room is equipped with beds,', 'pay a residence deposit of  NT$1,600 and an electricity cha rge of NT$ 2,000, a total of NT$3, 600 (not  included in CCU scholarship). You will get an IC card saved with NT$1,000 to use  for the electricity cost of your room. If the amount of NT$1,000 runs out, you  should go to the Dormitory Service Center, with your card & money, to recharge  your card. The rest of NT$500 is reserved for the cost of public space. In the end  of every semester, the Dormitory Service Center will calculate the exact cost of  the electricity charge. If it is greater than the amount paid in the beginning of  semester, you will have to pay the difference.  4. The dormitory doesn’t supply the sheet for tenants. Furthermore, it doesn’t  include kitchen space, so please do not cook in your room.  5. Please ask the buddy assigned by OIA to help you regarding the check in  procedure at Dormitory Service Center.    3.1 Undergraduate student Dormitory  1. Undergraduate: 4 students share a room.  2. Each room is equipped with beds,', 'don’t have NHI card) /  (826*6 months, for new students who have NHI card already)  Rent   a    room  On-campus  Accommodation Fee : 7,530  (Deposit 1,600 & Electricity Fees  2,000 per semester)  Accommodation Fee :  7,210 / 10,130  (Including Winter Vacation 1,100  / Summer Vacation 2,900 in the  payment sheet per semester)  (Deposit 1,600 & Electricity  Fees 2,000 per semester)  Winter Vacation : 1,130  (Deposit 600 & Electricity Fees 500)  Summer Vacation : 3,000  (Deposit 1,000 & Electricity Fees 1,000)  Network connection fees: 1,000  (per semester for on-campus dormitory)  300  (Fees for living in the dormitory during the Chinese New Year period)  Off-campus 21,000 ~ 33,000 (3,500 ~ 5,500 per month)  Computer lab fee  Bachelor 1,155 / Master 460 per semester  only pay for it in the first year (two semesters)  Living Expenses  around 54,000 (9,000 per month)  *Actual expenses depend on consumption habits of each person.  Currency Unit: NT (NT$28.89=US$1)           based on the rate on 2025/7/03      10']","The residence deposit is NT$1,600 per semester. Additionally, an electricity charge of NT$2,000 is required, totaling NT$3,600. This amount is not included in the CCU scholarship. Students receive an IC card with NT$1,000 for electricity use, with NT$500 reserved for public space costs. If the actual electricity cost exceeds the initial payment, the difference must be settled at the end of the semester.",1.0,0.7392810947550207,0.9999999999666667,Qwen3_no_think
How many students typically share a room in the graduate student dormitory?,"['a room.  2. Each room is equipped with beds, L-shaped desks,  closets, telephone, lamps. Internet access is  available in all dormitories.  3. You can apply for dormitory network in the  Computer Center; the fee is NT$1,000 per  semester.    Accommodation    12     3.2 Graduate student Dormitory  1. Graduate: 2 students share a room.  2. Each room is equipped with beds, desks, chairs,  book shelf, closets, telephone. Internet access is  available in all dormitories.  3. You can apply for dormitory network in the  Computer Center; the fee is NT$1,000 per semester.    3.3 PhD student Dormitory  1. PhD: one to three students share a room.  2. Each room is equipped with beds, desks, chairs,  book shelf, closets, telephone. Internet access is  available in all dormitories.  3. You can apply for dormitory network in the  Computer Center; the fee is NT$1,000 per semester.    3.4 Public Facilities  Public Facilities for undergraduate, master, and PhD:  shared washing machines, RO drinking water system,  social', 'to help you regarding the check in  procedure at Dormitory Service Center.    3.1 Undergraduate student Dormitory  1. Undergraduate: 4 students share a room.  2. Each room is equipped with beds, L-shaped desks,  closets, telephone, lamps. Internet access is  available in all dormitories.  3. You can apply for dormitory network in the  Computer Center; the fee is NT$1,000 per  semester.    Accommodation    12     3.2 Graduate student Dormitory  1. Graduate: 2 students share a room.  2. Each room is equipped with beds, desks, chairs,  book shelf, closets, telephone. Internet access is  available in all dormitories.  3. You can apply for dormitory network in the  Computer Center; the fee is NT$1,000 per semester.    3.3 PhD student Dormitory  1. PhD: one to three students share a room.  2. Each room is equipped with beds, desks, chairs,  book shelf, closets, telephone. Internet access is  available in all dormitories.  3. You can apply for dormitory network in the  Computer Center; the fee is NT$1,000 per', 'to help you regarding the check in  procedure at Dormitory Service Center.    3.1 Undergraduate student Dormitory  1. Undergraduate: 4 students share a room.  2. Each room is equipped with beds, L-shaped desks,  closets, telephone, lamps. Internet access is  available in all dormitories.  3. You can apply for dormitory network in the  Computer Center; the fee is NT$1,000 per  semester.    Accommodation    12     3.2 Graduate student Dormitory  1. Graduate: 2 students share a room.  2. Each room is equipped with beds, desks, chairs,  book shelf, closets, telephone. Internet access is  available in all dormitories.  3. You can apply for dormitory network in the  Computer Center; the fee is NT$1,000 per semester.    3.3 PhD student Dormitory  1. PhD: one to three students share a room.  2. Each room is equipped with beds, desks, chairs,  book shelf, closets, telephone. Internet access is  available in all dormitories.  3. You can apply for dormitory network in the  Computer Center; the fee is NT$1,000 per']",Graduate students typically share a room with 2 students.,0.0,0.9415937371660125,0.9999999999666667,Qwen3_no_think
What document is required for dormitory check-in?,"['Registration Registration  4.1 University Registration    14   No Work Time Location  Required  Documents Note  1 Dorm  Check-in  Starting  from  Feb 20  Dormitory Passport   2  Dorm  Internet  After the  Dorm  check- in  Office of Information  Technology  (Library 1st floor)  1. CB1 of  Undergraduate  Dormitory (only  7PM- 10PM)  2. Link to CCU  Dormitory Network  System:  https://www.dorm.ccu.e du.tw/en  1. NT$1,000   2. Computer  Address  3. Internet Cable    3  Uploading  a digital  photo to  New  Students  ID System    Link to CCU Student  Academic Record Entry  System:  https://www026198.ccu.edu .tw/academic/     Digital Photo     (.jpg or .jpeg)  * The default password  birth date + first 2  capital letters of  student’s name  * Print out the form  after you finish  filling it online  4 Paying the  fees   1. Download the  payment sheet via  https://school.bot.com.tw/new Twbank/StudentLogin.aspx  2. Pay the fees at  convenience stores,  Post office or  Taiwan Bank  1. Payment Sheet  2. Money  If the', 'Registration Registration  4.1 University Registration    14   No Work Time Location  Required  Documents Note  1 Dorm  Check-in  Starting  from  Feb 20  Dormitory Passport   2  Dorm  Internet  After the  Dorm  check- in  Office of Information  Technology  (Library 1st floor)  1. CB1 of  Undergraduate  Dormitory (only  7PM- 10PM)  2. Link to CCU  Dormitory Network  System:  https://www.dorm.ccu.e du.tw/en  1. NT$1,000   2. Computer  Address  3. Internet Cable    3  Uploading  a digital  photo to  New  Students  ID System    Link to CCU Student  Academic Record Entry  System:  https://www026198.ccu.edu .tw/academic/     Digital Photo     (.jpg or .jpeg)  * The default password  birth date + first 2  capital letters of  student’s name  * Print out the form  after you finish  filling it online  4 Paying the  fees   1. Download the  payment sheet via  https://school.bot.com.tw/new Twbank/StudentLogin.aspx  2. Pay the fees at  convenience stores,  Post office or  Taiwan Bank  1. Payment Sheet  2. Money  If the', 'beds, desks, chairs,  book shelf, closets, telephone. Internet access is  available in all dormitories.  3. You can apply for dormitory network in the  Computer Center; the fee is NT$1,000 per semester.    3.4 Public Facilities  Public Facilities for undergraduate, master, and PhD:  shared washing machines, RO drinking water system,  social lounge.    3.5 Dormitory Network  As soon as you settle down your accommodation which means you’ve got your room  number and bed number, you need to apply dormitory network in order to use the  internet (wired network) in the dorm.  For applying the dormitory network, please submit the document online:   https://www.dorm.ccu.edu.tw/student/login  For more information about dormitory network please refer  to: https://www.dorm.ccu.edu.tw/en or call the ext.14151      13    04        Registration Registration  4.1 University Registration    14   No Work Time Location  Required  Documents Note  1 Dorm  Check-in  Starting  from  Feb 20  Dormitory Passport   2  Dorm  Internet']","The required document for dormitory check-in is the passport. Additionally, you need to upload a digital photo (.jpg or .jpeg) to the New Students ID System. You should also prepare the payment sheet and money for fees.",0.5,0.9691008704116976,0.9999999999666667,Qwen3_no_think
Where should new students complete their official university registration?,"['Registration Registration  4.1 University Registration    14   No Work Time Location  Required  Documents Note  1 Dorm  Check-in  Starting  from  Feb 20  Dormitory Passport   2  Dorm  Internet  After the  Dorm  check- in  Office of Information  Technology  (Library 1st floor)  1. CB1 of  Undergraduate  Dormitory (only  7PM- 10PM)  2. Link to CCU  Dormitory Network  System:  https://www.dorm.ccu.e du.tw/en  1. NT$1,000   2. Computer  Address  3. Internet Cable    3  Uploading  a digital  photo to  New  Students  ID System    Link to CCU Student  Academic Record Entry  System:  https://www026198.ccu.edu .tw/academic/     Digital Photo     (.jpg or .jpeg)  * The default password  birth date + first 2  capital letters of  student’s name  * Print out the form  after you finish  filling it online  4 Paying the  fees   1. Download the  payment sheet via  https://school.bot.com.tw/new Twbank/StudentLogin.aspx  2. Pay the fees at  convenience stores,  Post office or  Taiwan Bank  1. Payment Sheet  2. Money  If the', 'Registration Registration  4.1 University Registration    14   No Work Time Location  Required  Documents Note  1 Dorm  Check-in  Starting  from  Feb 20  Dormitory Passport   2  Dorm  Internet  After the  Dorm  check- in  Office of Information  Technology  (Library 1st floor)  1. CB1 of  Undergraduate  Dormitory (only  7PM- 10PM)  2. Link to CCU  Dormitory Network  System:  https://www.dorm.ccu.e du.tw/en  1. NT$1,000   2. Computer  Address  3. Internet Cable    3  Uploading  a digital  photo to  New  Students  ID System    Link to CCU Student  Academic Record Entry  System:  https://www026198.ccu.edu .tw/academic/     Digital Photo     (.jpg or .jpeg)  * The default password  birth date + first 2  capital letters of  student’s name  * Print out the form  after you finish  filling it online  4 Paying the  fees   1. Download the  payment sheet via  https://school.bot.com.tw/new Twbank/StudentLogin.aspx  2. Pay the fees at  convenience stores,  Post office or  Taiwan Bank  1. Payment Sheet  2. Money  If the', 'and  Transcript must  be authenticated  by the Taiwanese  Representative  Office in your  country    2. After OIA check  all the required  documents, you  need to go to  Academic Office  to complete the  registration.  6  Health  Check for  Freshmen    Sep 03    (Auditorium)      1. CCU Health  Examination Form   2. Fee NT$630  3. Passport  4. Registration Sheet  Metal Accessories and  contact lenses are not  allowed. If you need to  wear contact lenses,  please bring your own  contact lens case.   Registration  4.1 University Registration    16   No Work Time Location on Required  Document s  Note  7 Registration  Before    Sep 8  (1F of East Wing  Administrative  Building)      1. Photocopy of  Passport & Visa  (with the stamp of  entering Taiwan)  2. Diploma (Photocopy  of Original and  Authenticated  version)  3. Transcript (Photocopy  of Original and  Authenticated  version)  4. Student academic  record entry form  (Print out)  5. Registration sheet          1. The Office of  Academic Affairs  will']","New students should complete their official university registration at the Office of Academic Affairs. The registration is held on Sep 8 at 1F of East Wing Administrative Building. Required documents include photocopies of passport and visa, diploma, transcript, student academic record entry form, and registration sheet.",1.0,0.9405208283354288,0.3333333333,Qwen3_no_think
Within how many days after entering Taiwan must international students apply for their ARC?,"['International students must apply for an ARC 15 to 30 days before their Visitor Visa expires. This time window is very important. If you apply after the visa has expired, it may affect your residency status and could even require you to leave Taiwan and reapply.', 'apply for a Resident VISA before coming to Taiwan, it is necessary that you apply for a  Resident VISA on your own and then the ARC.    For international students, the Alien Resident Certificate (ARC) serves as their temporary  ID card which can prove their resident status in Taiwan. Please remember to apply for the  Alien Resident Certificate at the local office of Ministry of Interior National Immigration  Agency on the next day upon arrival or within 30 days of the issue of your resident visa.  International students must apply for ARC extension within three months before the  expiration date. If the ARC expires during the summer vacation (from July to September),  students are allowed to apply for extension from the 1st of April. For over -staying  foreigners who did not apply for ARC extension, their residence will be ceased by the  authorized agency, and they may be expelled from Taiwan.    I. Required documents for applying Resident  Visa  1. A signed application form  2. The original and photocopy', 'apply for a Resident VISA before coming to Taiwan, it is necessary that you apply for a  Resident VISA on your own and then the ARC.    For international students, the Alien Resident Certificate (ARC) serves as their temporary  ID card which can prove their resident status in Taiwan. Please remember to apply for the  Alien Resident Certificate at the local office of Ministry of Interior National Immigration  Agency on the next day upon arrival or within 30 days of the issue of your resident visa.  International students must apply for ARC extension within three months before the  expiration date. If the ARC expires during the summer vacation (from July to September),  students are allowed to apply for extension from the 1st of April. For over -staying  foreigners who did not apply for ARC extension, their residence will be ceased by the  authorized agency, and they may be expelled from Taiwan.    I. Required documents for applying Resident  Visa  1. A signed application form  2. The original and photocopy']","International students must apply for their ARC within 30 days of arriving in Taiwan. They should apply on the next day upon arrival or within 30 days of the issue of their resident visa. If the ARC expires during the summer vacation (July to September), students can apply for extension from April 1st. Failure to apply may result in expulsion.",0.75,0.911583193733715,0.5833333333041666,Qwen3_no_think
What is the application fee for the Alien Resident Certificate (ARC)?,"['The basic ARC fee is NT$1,000 per year. However, if you are converting from visa-free entry or a Visitor Visa to an ARC, an additional NT$2,200 is charged according to official regulations.', 'will be ceased by the  authorized agency, and they may be expelled from Taiwan.    I. Required documents for applying Resident  Visa  1. A signed application form  2. The original and photocopy of your passport  3. The original and photocopy of the student ID card or the enrollment certificate  4. The satisfactory health examination report  5. 2 photos (4.5cm × 3.5cm)  6. Visa fee (https://www.boca.gov.tw/mp-2.html)  For more information on VISA application, please refer to the Bureau of Consular  Affairs, Ministry of Foreign Affairs Website: https://www.boca.gov.tw/mp-2.html    II. Required documents for applying Alien Resident Certificate (ARC)  1. The original and photocopy of your passport and Resident Visa  2. The original and photocopy of the student ID card with the right registered  stamp or the enrollment certificate  3. Application fee NT$1,000  4. Photo   5. ARC Application System:   https://coa.immigration.gov.tw/coa-frontend/student/entry?lang=en    Currently we have changed the application way,', 'will be ceased by the  authorized agency, and they may be expelled from Taiwan.    I. Required documents for applying Resident  Visa  1. A signed application form  2. The original and photocopy of your passport  3. The original and photocopy of the student ID card or the enrollment certificate  4. The satisfactory health examination report  5. 2 photos (4.5cm × 3.5cm)  6. Visa fee (https://www.boca.gov.tw/mp-2.html)  For more information on VISA application, please refer to the Bureau of Consular  Affairs, Ministry of Foreign Affairs Website: https://www.boca.gov.tw/mp-2.html    II. Required documents for applying Alien Resident Certificate (ARC)  1. The original and photocopy of your passport and Resident Visa  2. The original and photocopy of the student ID card with the right registered  stamp or the enrollment certificate  3. Application fee NT$1,000  4. Photo   5. ARC Application System:   https://coa.immigration.gov.tw/coa-frontend/student/entry?lang=en    Currently we have changed the application way,']","The application fee for the Alien Resident Certificate (ARC) is NT$1,000. Additionally, if converting from visa-free entry or a Visitor Visa to an ARC, an extra NT$2,200 is charged.",1.0,0.9079186636629711,0.9999999999666667,Qwen3_no_think
How much does a new student without an NHI card pay per month for Cathay Medical Insurance?,"['Students  Student Insurance Plan 313    Cathay Medical Insurance /  National Health Insurance  3,000 / 4,956  (500*6 months, for new students who don’t have NHI card) /  (826*6 months, for new students who have NHI card already)  Rent   a    room  On-campus  Accommodation Fee : 7,530  (Deposit 1,600 & Electricity Fees  2,000 per semester)  Accommodation Fee :  7,210 / 10,130  (Including Winter Vacation 1,100  / Summer Vacation 2,900 in the  payment sheet per semester)  (Deposit 1,600 & Electricity  Fees 2,000 per semester)  Winter Vacation : 1,130  (Deposit 600 & Electricity Fees 500)  Summer Vacation : 3,000  (Deposit 1,000 & Electricity Fees 1,000)  Network connection fees: 1,000  (per semester for on-campus dormitory)  300  (Fees for living in the dormitory during the Chinese New Year period)  Off-campus 21,000 ~ 33,000 (3,500 ~ 5,500 per month)  Computer lab fee  Bachelor 1,155 / Master 460 per semester  only pay for it in the first year (two semesters)  Living Expenses  around 54,000 (9,000 per month)', 'Students  Student Insurance Plan 313    Cathay Medical Insurance /  National Health Insurance  3,000 / 4,956  (500*6 months, for new students who don’t have NHI card) /  (826*6 months, for new students who have NHI card already)  Rent   a    room  On-campus  Accommodation Fee : 7,530  (Deposit 1,600 & Electricity Fees  2,000 per semester)  Accommodation Fee :  7,210 / 10,130  (Including Winter Vacation 1,100  / Summer Vacation 2,900 in the  payment sheet per semester)  (Deposit 1,600 & Electricity  Fees 2,000 per semester)  Winter Vacation : 1,130  (Deposit 600 & Electricity Fees 500)  Summer Vacation : 3,000  (Deposit 1,000 & Electricity Fees 1,000)  Network connection fees: 1,000  (per semester for on-campus dormitory)  300  (Fees for living in the dormitory during the Chinese New Year period)  Off-campus 21,000 ~ 33,000 (3,500 ~ 5,500 per month)  Computer lab fee  Bachelor 1,155 / Master 460 per semester  only pay for it in the first year (two semesters)  Living Expenses  around 54,000 (9,000 per month)', '(Except for Department of  Psychology/Communications/Information  Management/Athletic Sports)      30,400      17,854      48,254  For undergraduate students who delay their study period or graduate students who enroll  from the 5th  to the last semesters, they shall pay the miscellaneous fees 20,106 and the credit  fees (3,015 per credit) with no more than 9 credits; if they take 10 credits and more then  they  shall pay for the total tuition and miscellaneous fees.    Currency Unit: NT (NT$28.89=US$1)  based on the rate on 2025/7/03          Pre-departure Checklist  2.2 Estimated Fees and Expenses  (per semester)    9           Item Undergraduate Students Graduate Students  Student Insurance Plan 313    Cathay Medical Insurance /  National Health Insurance  3,000 / 4,956  (500*6 months, for new students who don’t have NHI card) /  (826*6 months, for new students who have NHI card already)  Rent   a    room  On-campus  Accommodation Fee : 7,530  (Deposit 1,600 & Electricity Fees  2,000 per semester)']","For new students without an NHI card, the monthly payment for Cathay Medical Insurance is NT$500. This is calculated as 500*6 months for the first year. The total annual cost would be NT$3,000.",0.6666666666666666,0.9590084872840748,0.9999999999666667,Qwen3_no_think
What is the suggested minimum personal fund an international student should bring per semester?,"['33,000 (3,500 ~ 5,500 per month)  Computer lab fee  Bachelor 1,155 / Master 460 per semester  only pay for it in the first year (two semesters)  Living Expenses  around 54,000 (9,000 per month)  *Actual expenses depend on consumption habits of each person.  Currency Unit: NT (NT$31.40=US$1)  based on the rate on 2026/12/29      10                                03  Accommodation Accommodation    11     1. On-campus accommodation is guaranteed for international students. The first- year-students don’t need to apply; the CCU Office of International Affairs will  arrange it for you . However, your dormitory room will be assigned ; you are  unable to choose your own rooms or roommates.  2. Your dormitory room is not equipped with mattress, pillow, and quilt.  3. Besides the dormitory fee, each one of you has to pay a residence deposit of  NT$1,600 and an electricity cha rge of NT$ 2,000, a total of NT$3, 600 (not  included in CCU scholarship). You will get an IC card saved with NT$1,000 to use  for the', '33,000 (3,500 ~ 5,500 per month)  Computer lab fee  Bachelor 1,155 / Master 460 per semester  only pay for it in the first year (two semesters)  Living Expenses  around 54,000 (9,000 per month)  *Actual expenses depend on consumption habits of each person.  Currency Unit: NT (NT$31.40=US$1)  based on the rate on 2026/12/29      10                                03  Accommodation Accommodation    11     1. On-campus accommodation is guaranteed for international students. The first- year-students don’t need to apply; the CCU Office of International Affairs will  arrange it for you . However, your dormitory room will be assigned ; you are  unable to choose your own rooms or roommates.  2. Your dormitory room is not equipped with mattress, pillow, and quilt.  3. Besides the dormitory fee, each one of you has to pay a residence deposit of  NT$1,600 and an electricity cha rge of NT$ 2,000, a total of NT$3, 600 (not  included in CCU scholarship). You will get an IC card saved with NT$1,000 to use  for the', '(Except for Department of  Psychology/Communications/Information  Management/Athletic Sports)      30,400      17,854      48,254  For undergraduate students who delay their study period or graduate students who enroll  from the 5th  to the last semesters, they shall pay the miscellaneous fees 20,106 and the credit  fees (3,015 per credit) with no more than 9 credits; if they take 10 credits and more then  they  shall pay for the total tuition and miscellaneous fees.    Currency Unit: NT (NT$28.89=US$1)  based on the rate on 2025/7/03          Pre-departure Checklist  2.2 Estimated Fees and Expenses  (per semester)    9           Item Undergraduate Students Graduate Students  Student Insurance Plan 313    Cathay Medical Insurance /  National Health Insurance  3,000 / 4,956  (500*6 months, for new students who don’t have NHI card) /  (826*6 months, for new students who have NHI card already)  Rent   a    room  On-campus  Accommodation Fee : 7,530  (Deposit 1,600 & Electricity Fees  2,000 per semester)']","The suggested minimum personal fund for an international student per semester is NT$33,000, which is approximately NT$3,500 to NT$5,500 per month. This covers living expenses around NT$54,000 (NT$9,000 per month) and other costs like computer lab fees (Bachelor: NT$1,155, Master: NT$460 per semester). Additional expenses include accommodation, residence deposit (NT$1,600), electricity charge (NT$2,000), and an IC card with NT$1,000.",1.0,0.9676174996977212,0.9999999999666667,Qwen3_no_think
What is the nature of the Chinese Training Program offered at CCU?,"['ABLE OF CONTENTS    1                                                                   ABLE OF CONTENTS    1      Contents    Introduction page  1 CCU’s Calendar for Spring Semester 2026 3  2 Pre-departure Checklist 6  3 Accommodation 10  4 Registration 13  5 CCU Campus Life 26  6 Administration 36  7 Information on Employment in Taiwan 45  8 Health Examination 50  9 Anti-Sexual Harassment Information 67  10 Sexual Assault, Sexual Harassment, & Sexual  Bully Prevention Regulations 71         Welcome to CCU!       ABLE OF CONTENTS    2      Dear students,    On behalf of the National Chung Cheng University (CCU), we at the Office of  International Affairs (OIA) would like to express our warmest welcome to you for  becoming a new member of our CCU family. We sincerely hope that you have an  enjoyable and enriching experience in pursuing your academic study and research  at CCU.    Since this may be the first time you visit Taiwan or CCU, and there will be many  procedures and responsibilities you will soon', 'ABLE OF CONTENTS    1                                                                   ABLE OF CONTENTS    1      Contents    Introduction page  1 CCU’s Calendar for Spring Semester 2026 3  2 Pre-departure Checklist 6  3 Accommodation 10  4 Registration 13  5 CCU Campus Life 26  6 Administration 36  7 Information on Employment in Taiwan 45  8 Health Examination 50  9 Anti-Sexual Harassment Information 67  10 Sexual Assault, Sexual Harassment, & Sexual  Bully Prevention Regulations 71         Welcome to CCU!       ABLE OF CONTENTS    2      Dear students,    On behalf of the National Chung Cheng University (CCU), we at the Office of  International Affairs (OIA) would like to express our warmest welcome to you for  becoming a new member of our CCU family. We sincerely hope that you have an  enjoyable and enriching experience in pursuing your academic study and research  at CCU.    Since this may be the first time you visit Taiwan or CCU, and there will be many  procedures and responsibilities you will soon', 'experience in pursuing your academic study and research  at CCU.    Since this may be the first time you visit Taiwan or CCU, and there will be many  procedures and responsibilities you will soon have to work on, we have prepared  the Handbook for International Students to help you go through these tasks  smoothly.    In what follows, we first provide a guideline of items you need to prepare before  departure from your home country. We then provide a wide range of useful  information, including answer to many of the questions you may have when you  arrive at National Chung Cheng University. In case you still need any further support,  please feel free to contact our office or visit our English website at  https://oia.ccu.edu.tw/?Lang=en  .     E-mail: ccuoiais@ccu.edu.tw   Phone: 866-5-2720411, ext.17618    Again, welcome to CCU and we are looking forward to seeing you on campus soon.    Best regards,    Office of International Affairs  National Chung Cheng University        Welcome to CCU!          3    01']","The Chinese Training Program at CCU is not explicitly mentioned in the retrieved context. The document provides general information about the university's resources, procedures, and support systems for international students, such as the pre-departure checklist, accommodation, registration, campus life, and administrative guidelines. For specific details about the Chinese Training Program, further inquiry with the Office of International Affairs (OIA) is recommended.",1.0,0.0,0.0,Qwen3_no_think
Which document is NOT required to be submitted to the OIA on orientation day?,"['7. Financial Statement  8. Health Certificate or  ARC  9. Health Insurance or  NHI (If any)  10. Taiwan Bank (If any)        1. Diploma and  Transcript must be  authenticated by  the Taiwanese  Representative  Office in your  country    2. After OIA check all  the required  documents, you  need to go to  Academic Office to  complete the  registration.  Feb. 25 Orientation None   6  Health  Check for  Freshmen    Mar 05    (Auditorium)      1. CCU Health  Examination Form   2. Fee NT$630  3. Passport  4. Registration Sheet  Metal Accessories and  contact lenses are not  allowed. If you need to  wear contact lenses,  please bring your own  contact lens case.   Registration  4.1 University Registration    16   No Work Time Location Required  Document s  Note  7 Registration  Before    Apr 1  (1F of East Wing  Administrative  Building)      1. Photocopy of  Passport & Visa  (with the stamp of  entering Taiwan)  2. Diploma (Photocopy  of Original and  Authenticated  version)  3. Transcript (Photocopy  of', '7. Financial Statement  8. Health Certificate or  ARC  9. Health Insurance or  NHI (If any)  10. Taiwan Bank (If any)        1. Diploma and  Transcript must be  authenticated by  the Taiwanese  Representative  Office in your  country    2. After OIA check all  the required  documents, you  need to go to  Academic Office to  complete the  registration.  Feb. 25 Orientation None   6  Health  Check for  Freshmen    Mar 05    (Auditorium)      1. CCU Health  Examination Form   2. Fee NT$630  3. Passport  4. Registration Sheet  Metal Accessories and  contact lenses are not  allowed. If you need to  wear contact lenses,  please bring your own  contact lens case.   Registration  4.1 University Registration    16   No Work Time Location Required  Document s  Note  7 Registration  Before    Apr 1  (1F of East Wing  Administrative  Building)      1. Photocopy of  Passport & Visa  (with the stamp of  entering Taiwan)  2. Diploma (Photocopy  of Original and  Authenticated  version)  3. Transcript (Photocopy  of', 'or  Taiwan Bank  1. Payment Sheet  2. Money  If the amount of fee is  more than 40,000, you  can only pay it at Post  Office or Taiwan Bank  at Administration  Building B1  (9AM – 11:50AM)   Registration  4.1 University Registration    15         No Work Time Location Required  Documents Note  5  Orientation  &  Hand in the  document     Orientation  (Location TBA)  None   Hand in the  original and  copies of  document   (OIA)  1. Passport & Visa  (with the stamp of  entering Taiwan)  2. ID Photo (4.5*3.5cm)  3. Diploma (Original  and Authenticated  version)  4. Transcript (Original  and Authenticated  version)  5. English Proficiency  Certificate  6. Chinese Proficiency  Certificate  7. Financial Statement  8. Health Certificate or  ARC  9. Health Insurance or  NHI (If any)  10. Taiwan Bank (If any)          1. Diploma and  Transcript must  be authenticated  by the Taiwanese  Representative  Office in your  country    2. After OIA check  all the required  documents, you  need to go to  Academic Office  to']","The document NOT required to be submitted to the OIA on orientation day is the ""Taiwan Bank"" (if any).",0.0,0.9999999999999994,0.9999999999666667,Qwen3_no_think
How many Family Mart convenience stores are located on the CCU campus?,"['The campus mainly has convenience stores and student cafeterias.\n\nFor convenience stores, CCU has three FamilyMart locations: on the second floor of the Activity Center, on the first floor of the Classroom Building, and inside the Student Housing building. These stores are convenient for buying drinks, bread, or simple meals.', 'Most convenience stores near CCU are FamilyMart. There are three on campus, located in the Activity Center (2F), the Classroom Building (1F), and the Student Housing building.', 'provided.    On Campus Shops  There are three convenient stores “Family Mart” on the campus .One is located  in the Students Activity Center; it opens for 24 hours. The other one open during  the office hour and it locates in the center of general education. Except the  convenient stores, there are also beverage shop, coffee shop, vegetarian food  stand, noodle shop, fruit shop, post office, hair -cut salon, bookstore, and so  forth, located in the Student Activity Center. You can even become the  University Supermarket’s “shareholder” by simp ly buy a share of NT$100 and  get your yearly bonus. That NT$100 share is refundable when you graduate.    Hospitals and Clinics  CCU provides on-campus clinics in Health Center. Some Hospitals information  is provided below：    Hospital Address Telephone Website  Tzu Chi Hospital  (Dalin)  No.2, Minsheng Rd., Dalin  Township, Chiayi County 622,  Taiwan  (05) 264-8000  (ext. 5920, 5921)  https://dalin.tzuchi- healthcare.org.tw/   Chiayi Christian  Hospital  No.539,']","There are three Family Mart convenience stores located on the CCU campus. They are situated in the Activity Center (2F), the Classroom Building (1F), and the Student Housing building. These stores offer drinks, bread, and simple meals.",1.0,0.9911533569111608,0.9999999999666667,Qwen3_no_think
What are the computer center's opening hours on weekdays during the regular semester?,"['During the semester, self-study rooms are open from Monday to Thursday between 9:00 p.m. and 1:00 a.m., and from Friday at 9:00 p.m. continuously until Monday at 9:00 a.m.', 'King bus http://www.kingbus.com.tw/  8 Taiwan High Speed Rail https://www.thsrc.com.tw/index_en.html  9 Taiwan Railways administration  https://tip.railway.gov.tw/tra-tip- web/tip?lang=EN_US  10 Travel in Chiayi City https://travel.chiayi.gov.tw/English  11 Travel in Chiayi County https://tbocc.cyhg.gov.tw/en/  12 Chiayi County Performing Art Center https://cypac.cyhg.gov.tw/en/  13 Chiayi County Police Bureau https://www.cypd.gov.tw/english    CCU Campus Life    30      Computer  Our campus network has been built up nearly perfect. Users can connect to  Internet from any labs or offices on campus, or even residence halls. There  are also 6 computer classrooms in computer center, Library and  Information building, which are open for both students and teaching  purposes.  Opening time as bellow:  ◼ Monday to Friday: 08:00-21:00  (09 : 00 – 17 : 00 during summer and winter vacation)    On-Campus Wireless Internet  Student can log in to CCU wireless network with CCU student email  account and password.  For', 'King bus http://www.kingbus.com.tw/  8 Taiwan High Speed Rail https://www.thsrc.com.tw/index_en.html  9 Taiwan Railways administration  https://tip.railway.gov.tw/tra-tip- web/tip?lang=EN_US  10 Travel in Chiayi City https://travel.chiayi.gov.tw/English  11 Travel in Chiayi County https://tbocc.cyhg.gov.tw/en/  12 Chiayi County Performing Art Center https://cypac.cyhg.gov.tw/en/  13 Chiayi County Police Bureau https://www.cypd.gov.tw/english    CCU Campus Life    30      Computer  Our campus network has been built up nearly perfect. Users can connect to  Internet from any labs or offices on campus, or even residence halls. There  are also 6 computer classrooms in computer center, Library and  Information building, which are open for both students and teaching  purposes.  Opening time as bellow:  ◼ Monday to Friday: 08:00-21:00  (09 : 00 – 17 : 00 during summer and winter vacation)    On-Campus Wireless Internet  Student can log in to CCU wireless network with CCU student email  account and password.  For']","The computer center's computer classrooms are open from 08:00 to 21:00 on weekdays during the regular semester. During summer and winter vacations, the hours are adjusted to 09:00–17:00.",1.0,0.9300264924512058,0.5833333333041666,Qwen3_no_think
Which floor of the CCU Library contains the Audio-Visual Center and Cafeteria?,"[""may cause crawling insects, and destroy  environmental  cleanliness; improper use of cell phone may affect the rights of others.  ⚫ Violator of these regulations is subject to mark down of points, and may  lose the borrowing privilege, access to audio -visual center, and access  to library facilities!   CCU Campus Life    32      The layout of each floor is as follows:  https://lib.ccu.edu.tw/p/426-1011-57.php?Lang=zh-tw    Basement Study room (open for 24 hours during the midterm and finals  weeks)  1st floor  Audio-Visual Center, Cafeteria, Offices of Acquisition and  Cataloging Division, Audio -Visual Resources Division, Center  of language study, Center of cultural events  2nd floor  General Information Desk, Reference Desk, Circulation Desk,  Database Research Area, Reference Materials, Microform  Materials, Current Journals, Photocopy Room, Office of  Reader's Services Division  3rd floor Newspapers Reading Area, Bound Western Journals, Art  Exhibition Hall, Study Carrels  4th floor Bound East-Asian"", ""may cause crawling insects, and destroy  environmental  cleanliness; improper use of cell phone may affect the rights of others.  ⚫ Violator of these regulations is subject to mark down of points, and may  lose the borrowing privilege, access to audio -visual center, and access  to library facilities!   CCU Campus Life    32      The layout of each floor is as follows:  https://lib.ccu.edu.tw/p/426-1011-57.php?Lang=zh-tw    Basement Study room (open for 24 hours during the midterm and finals  weeks)  1st floor  Audio-Visual Center, Cafeteria, Offices of Acquisition and  Cataloging Division, Audio -Visual Resources Division, Center  of language study, Center of cultural events  2nd floor  General Information Desk, Reference Desk, Circulation Desk,  Database Research Area, Reference Materials, Microform  Materials, Current Journals, Photocopy Room, Office of  Reader's Services Division  3rd floor Newspapers Reading Area, Bound Western Journals, Art  Exhibition Hall, Study Carrels  4th floor Bound East-Asian"", ""destroy  environmental  cleanliness; improper use of cell phone may affect the rights of others.  ⚫ Violator of these regulations is subject to mark down of points, and may  lose the borrowing privilege, access to audio -visual center, and access  to library facilities!   CCU Campus Life    32      The layout of each floor is as follows:  https://lib.ccu.edu.tw/p/426-1011-57.php?Lang=zh-tw    Basement Study room (open for 24 hours during the midterm and finals  weeks)  1st floor  Audio-Visual Center, Cafeteria, Offices of Acquisition and  Cataloging Division, Audio -Visual Resources Division, Center  of language study, Center of cultural events  2nd floor  General Information Desk, Reference Desk, Circulation Desk,  Database Research Area, Reference Materials, Microform  Materials, Current Journals, Photocopy Room, Office of  Reader's Services Division  3rd floor Newspapers Reading Area, Bound Western Journals, Art  Exhibition Hall, Study Carrels  4th floor Bound East-Asian Journals, Maps & Atlas, Carrels,""]",The 1st floor of the CCU Library contains the Audio-Visual Center and Cafeteria.,1.0,0.8084860019407659,0.9999999999666667,Qwen3_no_think
What is the default password format for the CCU wireless network for new students?,"['during summer and winter vacation)    On-Campus Wireless Internet  Student can log in to CCU wireless network with CCU student email  account and password.  For your default CCU email account and password please see the following  table.     Account Password  New Student  Transcode the first number of  your student ID to an alphabet.  ◆ 4 → u  ◆ 6 → g  ◆ 5 → s  ◆ 8 → d  E.g., 400000123 → u00000123  Edu$ + last 5 digits of  your ID number  (default ID number is  your birthday + the first  2 capital letters of your  name)  Exchange  Student  Edu$ + the last 5  numerals of your  passport number CCU Campus Life    31        CCU Library  1. If you want to use the Library Online System,  please login through the CCU SSO System.   2. Check your borrowing status regularly.  3. Your borrowing due date is subject to change if the books you borrow are  reserved by others.  4. To protect your privilege, you are recommended to check your borrowing  status every 10 days at the following site   ( https://lib.ccu.edu.tw/ ).', '08:00-21:00  (09 : 00 – 17 : 00 during summer and winter vacation)    On-Campus Wireless Internet  Student can log in to CCU wireless network with CCU student email  account and password.  For your default CCU email account and password please see the following  table.     Account Password  New Student  Transcode the first number of  your student ID to an alphabet.  ◆ 4 → u  ◆ 6 → g  ◆ 5 → s  ◆ 8 → d  E.g., 400000123 → u00000123  Edu$ + last 5 digits of  your ID number  (default ID number is  your birthday + the first  2 capital letters of your  name)  Exchange  Student  Edu$ + the last 5  numerals of your  passport number CCU Campus Life    31        CCU Library  1. If you want to use the Library Online System,  please login through the CCU SSO System.   2. Check your borrowing status regularly.  3. Your borrowing due date is subject to change if the books you borrow are  reserved by others.  4. To protect your privilege, you are recommended to check your borrowing  status every 10 days at the following', '08:00-21:00  (09 : 00 – 17 : 00 during summer and winter vacation)    On-Campus Wireless Internet  Student can log in to CCU wireless network with CCU student email  account and password.  For your default CCU email account and password please see the following  table.     Account Password  New Student  Transcode the first number of  your student ID to an alphabet.  ◆ 4 → u  ◆ 6 → g  ◆ 5 → s  ◆ 8 → d  E.g., 400000123 → u00000123  Edu$ + last 5 digits of  your ID number  (default ID number is  your birthday + the first  2 capital letters of your  name)  Exchange  Student  Edu$ + the last 5  numerals of your  passport number CCU Campus Life    31        CCU Library  1. If you want to use the Library Online System,  please login through the CCU SSO System.   2. Check your borrowing status regularly.  3. Your borrowing due date is subject to change if the books you borrow are  reserved by others.  4. To protect your privilege, you are recommended to check your borrowing  status every 10 days at the following']","The default password format for the CCU wireless network for new students is ""Edu$ + last 5 digits of your ID number."" The ID number is derived from your birthday plus the first 2 capital letters of your name. The first digit of the student ID is transcribed to an alphabet (e.g., 4 → u).",1.0,0.9999999999999994,0.9999999999666667,Qwen3_no_think
What is the maximum penalty for driving in Taiwan without a valid driving license?,"['Facilities  National Chung Cheng University has the most beautiful campus in Taiwan, and  comprehensive sports facilities. Our outdoor facilities include: 12 tennis courts,  6 volleyball courts, 6 basketball courts, a soccer field, a softball field, a baseball  field, go lf driving range, track, and swimming pool. We also have a large  gymnasium that houses weight training equipment, bowling center, table tennis  courts, squash racquet courts, and etc.      CCU Campus Life    34      Driver’s license  If you want to drive in Taiwan, you must have a driving license. It’s left- hand  drive in Taiwan. You may either takes the exam for driver’s license or  change your home country driving license to Taiwan driving license at  Directorate General of Highways, MOTC. Please note that it is illegal to drive  without a valid driving license. The maximum penalty is NT$24,000 for both  motorcycles and cars. For further information about driving license, please  do not hesitate to visit the website at', 'University has the most beautiful campus in Taiwan, and  comprehensive sports facilities. Our outdoor facilities include: 12 tennis courts,  6 volleyball courts, 6 basketball courts, a soccer field, a softball field, a baseball  field, golf driving range, track, and swimming pool. We also have a large  gymnasium that houses weight training equipment, bowling center, table tennis  courts, squash racquet courts, and etc.      CCU Campus Life    34      Driver’s license  If you want to drive in Taiwan, you must have a driving license. It’s left- hand  drive in Taiwan. You may either takes the exam for driver’s license or  change your home country driving license to Taiwan driving license at  Directorate General of Highways, MOTC. Please note that it is illegal to drive  without a valid driving license. The maximum penalty is NT$24,000 for both  motorcycles and cars. For further information about driving license, please  do not hesitate to visit the website at https://www.mvdis.gov.tw/m3-emv- eng/    Required', ""without a valid driving license. The maximum penalty is NT$24,000 for both  motorcycles and cars. For further information about driving license, please  do not hesitate to visit the website at https://www.mvdis.gov.tw/m3-emv- eng/    Required documents for motorcycle driving license test  1. Original Alien Resident Certificate (ARC) (date of issuance to date of  expiry over one year) plus a photocopy.  2. Passport, plus a photocopy.  3. Valid driver’s license from a reciprocating country plus a photocopy  (your foreign driver’s license must be authenticated overseas by an  embassy or consulate of the ROC, or Representative Office, Liaison  Office or other office duly authorized by the ROC Ministry  of Foreign  Affairs, or be authenticated in Taiwan by your country's embassy,  consulate or other office which is duly authorized by the ROC Ministry  of Foreign Affairs)  4. A Chinese translation of foreign driver’s license (if your license is not in  English), which must also be authenticated by an embassy or""]","The maximum penalty for driving in Taiwan without a valid driving license is NT$24,000 for both motorcycles and cars. This applies to anyone driving without a proper license. It is illegal to drive without one. For more details, visit the official website.",1.0,0.9999999999999996,0.9999999999666667,Qwen3_no_think
What is the maximum fine for working off-campus without a work permit?,"['saved into your post bank account)    After getting bank account, remember to send the following documents to OIA  (ccuoiais@ccu.edu.tw)    Filled Personal Account Form    Bank of Passbook      Registration  4.7 Guides for Part-time Jobs  OFF/ON Campus    22        A. OFF Campus (Work permit required!)  International students who would like to work in Taiwan OFF campus, including  both full-time and part -time jobs, are required to obtain a work permit from  the Workforce Development Agency. Working without such an official work  permit, you will be subject to a fine of NT $30,000 to $150,000 . Further, only  degree-seeking students are allowed to apply for a work permit.     B. ON Campus (Requirement of work permit  depends on type of part-time job)  All part-time assistant jobs ON campus are classified into two types, namely (a)  Learning-Oriented Part-Time Assistant, for which there is no need to apply for  work permit, and (b) Labor-Oriented Part-Time Assistant, for which work permit  must be applied f', 'saved into your post bank account)    After getting bank account, remember to send the following documents to OIA  (ccuoiais@ccu.edu.tw)    Filled Personal Account Form    Bank of Passbook      Registration  4.7 Guides for Part-time Jobs  OFF/ON Campus    22        A. OFF Campus (Work permit required!)  International students who would like to work in Taiwan OFF campus, including  both full-time and part -time jobs, are required to obtain a work permit from  the Workforce Development Agency. Working without such an official work  permit, you will be subject to a fine of NT $30,000 to $150,000 . Further, only  degree-seeking students are allowed to apply for a work permit.     B. ON Campus (Requirement of work permit  depends on type of part-time job)  All part-time assistant jobs ON campus are classified into two types, namely (a)  Learning-Oriented Part-Time Assistant, for which there is no need to apply for  work permit, and (b) Labor-Oriented Part-Time Assistant, for which work permit  must be applied f', 'post bank account)    After getting bank account, remember to send the following documents to OIA  (ccuoiais@ccu.edu.tw)    Filled Personal Account Form    Bank of Passbook      Registration  4.7 Guides for Part-time Jobs  OFF/ON Campus    22        A. OFF Campus (Work permit required!)  International students who would like to work in Taiwan OFF campus, including  both full-time and part -time jobs, are required to obtain a work permit from  the Workforce Development Agency. Working without such an official work  permit, you will be subject to a fine of NT $30,000 to $150,000 . Further, only  degree-seeking students are allowed to apply for a work permit.     B. ON Campus (Requirement of work permit  depends on type of part-time job)  All part-time assistant jobs ON campus are classified into two types, namely (a)  Learning-Oriented Part-Time Assistant, for which there is no need to apply for  work permit, and (b) Labor-Oriented Part-Time Assistant, for which work permit  must be applied f rom the Workforce']","The maximum fine for working off-campus without a work permit is NT $150,000. International students must obtain a work permit from the Workforce Development Agency to work off-campus, including part-time jobs. Only degree-seeking students are eligible to apply for a work permit. Working without a permit may result in a fine ranging from NT $30,000 to NT $150,000.",1.0,0.7725028469526748,0.9999999999666667,Qwen3_no_think
What is the maximum number of work hours permitted per week for international students during the regular semester?,"['semester, the work permit is valid until September 30th of the same   year.  5. The maximum work hours are 20 hours per week , except during  summer and winter vacation.  6. Workforce Development Agency has the right to revoke the permit if  the applicants do not follow the regulations.  7. According to Employment Services Act, foreigners who work without a  work permit will be fined from NT 30,000 to NT150, 000.  8. Students should return the work permit (if valid) to the OIA if they  suspend or discontinue their schooling.    V. Application for Reissuing the Work Permit:  Please prepare the following documents, and repeat the procedure above:  1. Application form  2. Declaration to explain the reasons for renewal (with Stamp from your  Dept./Inst. Director, or OIA)  3. Copies of Valid Passport and ARC (Front and Back)   Registration  4.8 English E-course    25        E-course2 is an electronic course system, which creates a  single informational space. With this system, professors have the  opportunity', 'semester, the work permit is valid until September 30th of the same   year.  5. The maximum work hours are 20 hours per week , except during  summer and winter vacation.  6. Workforce Development Agency has the right to revoke the permit if  the applicants do not follow the regulations.  7. According to Employment Services Act, foreigners who work without a  work permit will be fined from NT 30,000 to NT150, 000.  8. Students should return the work permit (if valid) to the OIA if they  suspend or discontinue their schooling.    V. Application for Reissuing the Work Permit:  Please prepare the following documents, and repeat the procedure above:  1. Application form  2. Declaration to explain the reasons for renewal (with Stamp from your  Dept./Inst. Director, or OIA)  3. Copies of Valid Passport and ARC (Front and Back)   Registration  4.8 English E-course    25        E-course2 is an electronic course system, which creates a  single informational space. With this system, professors have the  opportunity', 'CCU.  4. For more regulation, please refer to - Ministry of Labor Employment Service  Act   Registration  4.7 Guides for Part-time Jobs  OFF/ON Campus    24       IV. Other Related Regulations:  1. The status of international students in Taiwan should be in accordance  with the regulations of Ministry of Education.  2. According to the “Regulations on the Permission and Administration of  the Employment of Foreign Workers”, the applicants can apply for the  student work permit only if they are officially enrolled as a degree  student in any university or have taken one -year language course in  Taiwan.  3. The period validity of a work permit is six months at most.  4. For applications made in the Fall semester, the work permit is valid until  March 31st of the next semester; for applications made in the Spring  semester, the work permit is valid until September 30th of the same   year.  5. The maximum work hours are 20 hours per week , except during  summer and winter vacation.  6. Workforce Development']","The maximum number of work hours permitted per week for international students during the regular semester is 20 hours. This applies except during summer and winter vacation. The work permit validity depends on the semester, and the Workforce Development Agency may revoke the permit if regulations are not followed.",1.0,0.9404446960455122,0.9999999999666667,Qwen3_no_think
Which type of on-campus part-time job does NOT require a work permit?,"['saved into your post bank account)    After getting bank account, remember to send the following documents to OIA  (ccuoiais@ccu.edu.tw)    Filled Personal Account Form    Bank of Passbook      Registration  4.7 Guides for Part-time Jobs  OFF/ON Campus    22        A. OFF Campus (Work permit required!)  International students who would like to work in Taiwan OFF campus, including  both full-time and part -time jobs, are required to obtain a work permit from  the Workforce Development Agency. Working without such an official work  permit, you will be subject to a fine of NT $30,000 to $150,000 . Further, only  degree-seeking students are allowed to apply for a work permit.     B. ON Campus (Requirement of work permit  depends on type of part-time job)  All part-time assistant jobs ON campus are classified into two types, namely (a)  Learning-Oriented Part-Time Assistant, for which there is no need to apply for  work permit, and (b) Labor-Oriented Part-Time Assistant, for which work permit  must be applied f', 'saved into your post bank account)    After getting bank account, remember to send the following documents to OIA  (ccuoiais@ccu.edu.tw)    Filled Personal Account Form    Bank of Passbook      Registration  4.7 Guides for Part-time Jobs  OFF/ON Campus    22        A. OFF Campus (Work permit required!)  International students who would like to work in Taiwan OFF campus, including  both full-time and part -time jobs, are required to obtain a work permit from  the Workforce Development Agency. Working without such an official work  permit, you will be subject to a fine of NT $30,000 to $150,000 . Further, only  degree-seeking students are allowed to apply for a work permit.     B. ON Campus (Requirement of work permit  depends on type of part-time job)  All part-time assistant jobs ON campus are classified into two types, namely (a)  Learning-Oriented Part-Time Assistant, for which there is no need to apply for  work permit, and (b) Labor-Oriented Part-Time Assistant, for which work permit  must be applied f', 'post bank account)    After getting bank account, remember to send the following documents to OIA  (ccuoiais@ccu.edu.tw)    Filled Personal Account Form    Bank of Passbook      Registration  4.7 Guides for Part-time Jobs  OFF/ON Campus    22        A. OFF Campus (Work permit required!)  International students who would like to work in Taiwan OFF campus, including  both full-time and part -time jobs, are required to obtain a work permit from  the Workforce Development Agency. Working without such an official work  permit, you will be subject to a fine of NT $30,000 to $150,000 . Further, only  degree-seeking students are allowed to apply for a work permit.     B. ON Campus (Requirement of work permit  depends on type of part-time job)  All part-time assistant jobs ON campus are classified into two types, namely (a)  Learning-Oriented Part-Time Assistant, for which there is no need to apply for  work permit, and (b) Labor-Oriented Part-Time Assistant, for which work permit  must be applied f rom the Workforce']","On-campus part-time jobs are divided into two types:

(a) Learning-Oriented Part-Time Assistant: No work permit required.

(b) Labor-Oriented Part-Time Assistant: Work permit required.

Therefore, the type of on-campus part-time job that does NOT require a work permit is the Learning-Oriented Part-Time Assistant.",1.0,0.9984226089201664,0.9999999999666667,Qwen3_no_think
"For a Fall semester work permit application, when does the permit expire?","['regulation, please refer to - Ministry of Labor Employment Service  Act   Registration  4.7 Guides for Part-time Jobs  OFF/ON Campus    24       IV. Other Related Regulations:  1. The status of international students in Taiwan should be in accordance  with the regulations of Ministry of Education.  2. According to the “Regulations on the Permission and Administration of  the Employment of Foreign Workers”, the applicants can apply for the  student work permit only if they are officially enrolled as a degree  student in any university or have tak en one -year language course in  Taiwan.  3. The period validity of a work permit is six months at most.  4. For applications made in the Fall semester, the work permit is valid until  March 31st of the next semester; for applications made in the Spring  semester, the work permit is valid until September 30th of the same   year.  5. The maximum work hours are 20 hours per week , except during  summer and winter vacation.  6. Workforce Development Agency has the right', 'semester, the work permit is valid until September 30th of the same   year.  5. The maximum work hours are 20 hours per week , except during  summer and winter vacation.  6. Workforce Development Agency has the right to revoke the permit if  the applicants do not follow the regulations.  7. According to Employment Services Act, foreigners who work without a  work permit will be fined from NT 30,000 to NT150, 000.  8. Students should return the work permit (if valid) to the OIA if they  suspend or discontinue their schooling.    V. Application for Reissuing the Work Permit:  Please prepare the following documents, and repeat the procedure above:  1. Application form  2. Declaration to explain the reasons for renewal (with Stamp from your  Dept./Inst. Director, or OIA)  3. Copies of Valid Passport and ARC (Front and Back)   Registration  4.8 English E-course    25        E-course2 is an electronic course system, which creates a  single informational space. With this system, professors have the  opportunity', 'semester, the work permit is valid until September 30th of the same   year.  5. The maximum work hours are 20 hours per week , except during  summer and winter vacation.  6. Workforce Development Agency has the right to revoke the permit if  the applicants do not follow the regulations.  7. According to Employment Services Act, foreigners who work without a  work permit will be fined from NT 30,000 to NT150, 000.  8. Students should return the work permit (if valid) to the OIA if they  suspend or discontinue their schooling.    V. Application for Reissuing the Work Permit:  Please prepare the following documents, and repeat the procedure above:  1. Application form  2. Declaration to explain the reasons for renewal (with Stamp from your  Dept./Inst. Director, or OIA)  3. Copies of Valid Passport and ARC (Front and Back)   Registration  4.8 English E-course    25        E-course2 is an electronic course system, which creates a  single informational space. With this system, professors have the  opportunity']","For a Fall semester work permit application, the permit is valid until March 31st of the next semester.",1.0,0.9311074154965717,0.9999999999,Qwen3_no_think
What is the fee for the on-campus freshman health examination?,"['items, specifically  the ""Residence or Settlement Health Check-up Items Form”.  You can find two kinds of form in handbook or the website.    Information for   Health Examination    52              6. Further Details:   For more information, please refer to the Health and Welfare Section\'s  webpage or follow their Facebook/Instagram.       Information for   Health Examination    53            On-campus health Examination    What When Remark  Do a health check to  complete the CCU  student Health  Examination  114.09.03 (Wed)  09:00-10:00    * Please come before  10:00.  Mandatory for every new student  Fees: NTD$630    Documents required:  ⚫ Your passport  ⚫ CCU student Health Examination form    If you miss the health check that we arrange  on campus, you must go to the hospital by  yourself. The fees will be more expensive.      Health Check-up Instructions  1. Please be sure to bring the health check-up form and fill out the self-reported  sections on the front. For the 3 days prior to the check-up,', 'Overseas Chinese Students:   They may need to complete additional health check-up items, specifically  the ""Residence or Settlement Health Check-up Items Form”.  You can find two kinds of form in handbook or the website.    Information for   Health Examination    52              6. Further Details:   For more information, please refer to the Health and Welfare Section\'s  webpage or follow their Facebook/Instagram.       Information for   Health Examination    53            On-campus health Examination    What When Remark  Do a health check to  complete the CCU  student Health  Examination  115.03.05 (Thu)  09:30-13:30    * Please come before  13:00.  Mandatory for every new student  Fees: NTD$630    Documents required:  ⚫ Your passport  ⚫ CCU student Health Examination form    If you miss the health check that we arrange  on campus, you must go to the hospital by  yourself. The fees will be more expensive.      Health Check-up Instructions  1. Please be sure to bring the health check-up form and fill out the', 'Overseas Chinese Students:   They may need to complete additional health check-up items, specifically  the ""Residence or Settlement Health Check-up Items Form”.  You can find two kinds of form in handbook or the website.    Information for   Health Examination    52              6. Further Details:   For more information, please refer to the Health and Welfare Section\'s  webpage or follow their Facebook/Instagram.       Information for   Health Examination    53            On-campus health Examination    What When Remark  Do a health check to  complete the CCU  student Health  Examination  115.03.05 (Thu)  09:30-13:30    * Please come before  13:00.  Mandatory for every new student  Fees: NTD$630    Documents required:  ⚫ Your passport  ⚫ CCU student Health Examination form    If you miss the health check that we arrange  on campus, you must go to the hospital by  yourself. The fees will be more expensive.      Health Check-up Instructions  1. Please be sure to bring the health check-up form and fill out the']","The fee for the on-campus freshman health examination is NTD$630. This applies to all new students. Overseas Chinese students may need to complete additional forms, specifically the ""Residence or Settlement Health Check-up Items Form."" The examination dates mentioned are 114.09.03 (Wed) 09:00-10:00 and 115.03.05 (Thu) 09:30-13:30. Documents required include your passport and the CCU student Health Examination form. If you miss the on-campus check-up, you must go to the hospital yourself, with higher fees.",1.0,0.8576571655798322,0.9999999999666667,Qwen3_no_think
When is the on-campus health examination for freshmen scheduled in Fall 2025?,"['Again, welcome to CCU and we are looking forward to seeing you on campus soon.    Best regards,    Office of International Affairs  National Chung Cheng University        Welcome to CCU!          3    01  CCU’s Calendar  for  Fall Semester  2025  CCU’s Calendar for Fall Semester 2025  國立中正大學 114 學年度第 1 學期行事曆     4   The academic calendar for CCU(114 學年度行事曆) is available at this website.   https://oia.ccu.edu.tw/p/405-1008-63090,c1425.php?Lang=en    Date 日期 Event  行事  2025.08.29 (Fri.)  Leave-School Deadline for Graduate students who have passed the  Degree Examinations in the 2025 Spring semester  第 2 學期完成學位考試之研究生離校截止日  Dormitory move-in day 學生宿舍進住日  2025.09.01 (Mon.) ~  2025.09.05 (Fri.)  Registration week for new students 新生註冊週  2025.09.01 (Mon.) ~  2025.09.15 (Mon.)  Application of transferring new and in-service students’credits  新生(含專班)抵免學分申請  2025.09.03 (Wed.) On-campus health examination for freshman 校內新生體檢  2025.09.03 (Wed.) ~  2025.09.05 (Fri.)  First Course Selection for New Students (including', 'students’credits  新生(含專班)抵免學分申請  2025.09.03 (Wed.) On-campus health examination for freshman 校內新生體檢  2025.09.03 (Wed.) ~  2025.09.05 (Fri.)  First Course Selection for New Students (including Special Programs)新生 (含專班)第一階段選課  2025.09.05 (Fri.)  Deadline of applying full refund in the First semester (For expelled and  drop-out students). 第 1 學期學生申請休、退學全額退費截止日  2025.09.08 (Mon.)  Class begins. 第 1 學期上課開始  Registration deadline for all current and new students. 註冊截止日  Application for Degree Examination of Graduate Student Starts 研究生學 位考試申請開始  2025.09.08 (Mon.) ~  2025.09.19 (Fri.)  2nd Course Selection for Fall Semester 2025  114-1 學期第二階段選課  2025.09.19 (Fri.) National Disaster Prevention Day 國家防災日演習  2025.10.06 (Mon.) Mid-Autumn Festival (day off) 中秋節 (放假一天)  2025.10.10 (Fri.) National Day (day off) 國慶日 (放假一天)  2025.10.15 (Wed.)  Deadline for submitting “Cut-off book for not participating in students  group insurance”  繳交「不參加學生團體保險切結書」截止日  2025.10.17 (Fri.) Standard of one-third school days.  學生申請休、退學退費上課達 1/3', 'double-sided on A4 paper) to the hospital and remind the hospital to follow  the listed items for the check-up to avoid missing any items. If any items are  missed, you will need to undergo a supplementary check-up. The cost of the  check-up varies by hospital, so please inquire with each hospital.   3. Report Pickup Time:   The processing time for check -up reports at different hospitals varies, but it  usually takes 1 -2 weeks to receive the r eport. Please plan your check -up in  advance to ensure you can submit the report by September 22, 2025.   4. Report Submission:   ✓ Submit the ""Student Health Data Form"" and a photocopy of the off-campus  check-up report at the service desk during the on -campus check-up event  on September 03, 2025 (at the Auditorium).   ✓ If any results are incomplete, you can pay for supplementary tests on-site at  the on-campus check-up.   ✓ If you are unable to attend the on-campus check-up, please submit (or mail)  the documents to the Health and Welfare Section directly.']",The on-campus health examination for freshmen is scheduled on 2025.09.03 (Wed.).,1.0,0.8765288626634776,0.9999999999666667,Qwen3_no_think
Which hospital is the designated site for the ARC health examination near CCU?,"['possible and  provide the health examination report to the Health Center of C CU. Also, in  order to apply for ARC , you must provide your health examination report.  Please complete both health examinations as soon as possible.    Hospital Information   Chia-Yi Christian Hospital(嘉義基督教醫院)    Tel: 05‑2765041 ext.\u202f2792 /\u202f2750–2751    Service hour: • Mon–Sat morning: 08:00–12:00    • Mon–Fri afternoon: 13:30–17:30    ※ Please call to make an appointment or inquire about your report.    Things to note    1. No need to fast    2. Bring the original residence permit or passport    3. Feces needs to be collected on site    4. Women who are pregnant or may be pregnant are not allowed to undergo  X-ray examination.    5. If you have been vaccinated against German measles and measles vaccine,  please bring the original and photocopy of your vaccination certificate.    6. No appointment required, on-site processing    7. ID photo   Information for   Health Examination    57       Information for   Health Examination', 'report to the Health Center of CCU. Also, in  order to apply for ARC , you must provide your health examination report.  Please complete both health examinations as soon as possible.    Hospital Information   Chia-Yi Christian Hospital(嘉義基督教醫院)    Tel: 05‑2765041 ext.\u202f2792 /\u202f2750–2751    Service hour: • Mon–Sat morning: 08:00–12:00    • Mon–Fri afternoon: 13:30–17:30    ※ Please call to make an appointment or inquire about your report.    Things to note    1. No need to fast    2. Bring the original residence permit or passport    3. Feces needs to be collected on site    4. Women who are pregnant or may be pregnant are not allowed to undergo  X-ray examination.    5. If you have been vaccinated against German measles and measles vaccine,  please bring the original and photocopy of your vaccination certificate.    6. No appointment required, on-site processing    7. ID photo   Information for   Health Examination    57       Information for   Health Examination    58       Information for   Health', 'report to the Health Center of CCU. Also, in  order to apply for ARC , you must provide your health examination report.  Please complete both health examinations as soon as possible.    Hospital Information   Chia-Yi Christian Hospital(嘉義基督教醫院)    Tel: 05‑2765041 ext.\u202f2792 /\u202f2750–2751    Service hour: • Mon–Sat morning: 08:00–12:00    • Mon–Fri afternoon: 13:30–17:30    ※ Please call to make an appointment or inquire about your report.    Things to note    1. No need to fast    2. Bring the original residence permit or passport    3. Feces needs to be collected on site    4. Women who are pregnant or may be pregnant are not allowed to undergo  X-ray examination.    5. If you have been vaccinated against German measles and measles vaccine,  please bring the original and photocopy of your vaccination certificate.    6. No appointment required, on-site processing    7. ID photo   Information for   Health Examination    57       Information for   Health Examination    58       Information for   Health']","The designated hospital for the ARC health examination near CCU is Chia-Yi Christian Hospital (嘉義基督教醫院). 

Tel: 05-2765041 ext. 2792 / 2750–2751  
Service hours: Mon–Sat morning 08:00–12:00; Mon–Fri afternoon 13:30–17:30  
Note: Call to make an appointment or inquire about your report.",1.0,0.9495834727336551,0.9999999999666667,Qwen3_no_think
Where is the Office of International Affairs (OIA) located on campus?,"[""of International Affairs (OIA)    If you have any further questions, feel free to contact us (the Office of  International Affairs). To submit your request, please fill out the OIA  Service Request Form using the link or QR code provided below.     Location: 2nd floor of supermarket next to the graduate student dormitory  Tel: (05) 272-0411 ext. 17600 ~ 17619  Fax: (05) 272-3673  Email: ccuoiais@ccu.edu.tw      https://docs.google.com/forms/d/e/1FAIpQLScTAvImpj1fn3-JH2CFd290tC5FfLD- dHF24AZ7R5eongvOLw/viewform     You can scan the QR code or click the link below to access the form.    Please make sure to fill in accurate information.    Don't forget to provide an email address that we can contact you through. Administration    38    Alter and Assistance Mechanisms for  International Students with serious difficulties    You may complete the form at the Office of International Affairs counter; just  make sure to provide a valid email address for follow-up communication.        After completing the form, the"", ""of International Affairs (OIA)    If you have any further questions, feel free to contact us (the Office of  International Affairs). To submit your request, please fill out the OIA  Service Request Form using the link or QR code provided below.     Location: 2nd floor of supermarket next to the graduate student dormitory  Tel: (05) 272-0411 ext. 17600 ~ 17619  Fax: (05) 272-3673  Email: ccuoiais@ccu.edu.tw      https://docs.google.com/forms/d/e/1FAIpQLScTAvImpj1fn3-JH2CFd290tC5FfLD- dHF24AZ7R5eongvOLw/viewform     You can scan the QR code or click the link below to access the form.    Please make sure to fill in accurate information.    Don't forget to provide an email address that we can contact you through. Administration    38    Alter and Assistance Mechanisms for  International Students with serious difficulties    You may complete the form at the Office of International Affairs counter; just  make sure to provide a valid email address for follow-up communication.        After completing the form, the"", ""any further questions, feel free to contact us (the Office of  International Affairs). To submit your request, please fill out the OI A  Service Request Form using the link or QR code provided below.     Location: 2nd floor of supermarket next to the graduate student dormitory  Tel: (05) 272-0411 ext. 17600 ~ 17619  Fax: (05) 272-3673  Email: ccuoiais@ccu.edu.tw      https://docs.google.com/forms/d/e/1FAIpQLScTAvImpj1fn3-JH2CFd290tC5FfLD- dHF24AZ7R5eongvOLw/viewform     You can scan the QR code or click the link below to access the form.  🔹 Please make sure to fill in accurate information.  🔹 Don't forget to provide an email address that we can contact you through. Administration    38    Alter and Assistance Mechanisms for  International Students with serious difficulties    You may complete the form at the Office of International Affairs counter; just  make sure to provide a valid email address for follow-up communication.        After completing the form, the staff will guide you to the relevant""]","The Office of International Affairs (OIA) is located on the 2nd floor of the supermarket next to the graduate student dormitory. You can contact them at Tel: (05) 272-0411 ext. 17600-17619, Fax: (05) 272-3673, or Email: ccuoiais@ccu.edu.tw.",0.8333333333333334,0.8791797702027001,0.9999999999666667,Qwen3_no_think
What is the most convenient way to travel from Taoyuan International Airport to National Chung Cheng University?,"['Method 1: Airport MRT → High-Speed Rail → CCU (fastest option)\nStep 1: From Terminal 1 (A12) or Terminal 2 (A13), take the Taoyuan Airport MRT to A18 ""THSR Taoyuan Station"". The fare is around NT$35.\nStep 2: Transfer to the High-Speed Rail and ride from THSR Taoyuan to THSR Chiayi Station. The fare is around NT$920.\nStep 3: From THSR Chiayi Station, you can choose one of the following to reach CCU:\n- Taxi: Around NT$600. This is convenient if you have heavy luggage.', 'YOUR GUIDE TO CCUWelcome to Taiwan! Your Guide to Reaching  National Chung Cheng University (CCU) ✈  For new international students  🧭  Step-by-step travel guide from Taiwan Airports to CCU  🎓  Let’s begin your journey!From Taoyuan Airport to CCU 1.FROM TAOYUAN AIRPORT (TPE)  TO CCU 2.FROM  KAOHSIUNG AIRPORT (KHH)  TO CCU1.Take MRT (Airport MRT) → From Terminal 1 (A12) / 2 (A13)  to     HSR Taoyuan Station (A18)  2.Take Taiwan High-Speed Rail (HSR)(~1 hour 20 minutes /NT$920) From HSR Taoyuan → to HSR Chiayi 3.From HSR Chiayi Station to CCU: Option 1: Taxi (~25 minutes / ~BELOW NT$1,000) Option 2: Bus (Route 106)(~1 hour 20 minutes / ~NT$120) 1.FROM TAOYUAN AIRPORT (TPE) TO CCU STEPS:🚇  Taoyuan Airport MRT( ~20 minutes/ ~NT$35) Board at Terminal 1 (A12) or Terminal 2 (A13) Get off at A18: HSR Taoyuan Station 🚇  HSR Taoyuan to HSR Chiayi Board at HSR Taoyuan Station ，Get off at HSR Chiayi Station You can buy HSR tickets on-site at the station or book online :    👉 https://en.thsrc.com.tw/  🚇  HSR Chiayi', 'YOUR GUIDE TO CCUWelcome to Taiwan! Your Guide to Reaching  National Chung Cheng University (CCU) ✈  For new international students  🧭  Step-by-step travel guide from Taiwan Airports to CCU  🎓  Let’s begin your journey!From Taoyuan Airport to CCU 1.FROM TAOYUAN AIRPORT (TPE)  TO CCU 2.FROM  KAOHSIUNG AIRPORT (KHH)  TO CCU1.Take MRT (Airport MRT) → From Terminal 1 (A12) / 2 (A13)  to     HSR Taoyuan Station (A18)  2.Take Taiwan High-Speed Rail (HSR)(~1 hour 20 minutes /NT$920) From HSR Taoyuan → to HSR Chiayi 3.From HSR Chiayi Station to CCU: Option 1: Taxi (~25 minutes / ~BELOW NT$1,000) Option 2: Bus (Route 106)(~1 hour 20 minutes / ~NT$120) 1.FROM TAOYUAN AIRPORT (TPE) TO CCU STEPS:🚇  Taoyuan Airport MRT( ~20 minutes/ ~NT$35) Board at Terminal 1 (A12) or Terminal 2 (A13) Get off at A18: HSR Taoyuan Station 🚇  HSR Taoyuan to HSR Chiayi Board at HSR Taoyuan Station ，Get off at HSR Chiayi Station You can buy HSR tickets on-site at the station or book online :    👉 https://en.thsrc.com.tw/  🚇  HSR Chiayi']","The most convenient way to travel from Taoyuan International Airport to National Chung Cheng University is via the Airport MRT → High-Speed Rail → Taxi. 

Step 1: Take the Airport MRT from Terminal 1 (A12) or 2 (A13) to HSR Taoyuan Station (A18), costing NT$35. 

Step 2: Transfer to the High-Speed Rail from HSR Taoyuan to HSR Chiayi, costing NT$920. 

Step 3: From HSR Chiayi Station, take a taxi to CCU, costing around NT$600.",1.0,0.9999999999999994,0.9999999999666667,Qwen3_no_think
Which MRT line should you take from Taoyuan Airport to reach the HSR station?,"['HSR Taoyuan to HSR Chiayi Board at HSR Taoyuan Station ，Get off at HSR Chiayi Station You can buy HSR tickets on-site at the station or book online :    👉 https://en.thsrc.com.tw/  🚇  HSR Chiayi Station to CCU (BUS:Route 106) Board at HSR Chiayi Station ，Get off at CCU To check bus routes, schedules, and real-time info, visit: https://www.taiwanbus.tw/eBUSPage/Query/QueryResult.as px?rno=07460&rn=1669878703021&lan=E 1.Take MRT (Red Line) → From Kaohsiung Airport Station (R4)    →  Zuoying Station (R16) 2.Take Taiwan High-Speed Rail (HSR)（ ~ 30 minutes/NT$410 ） From HSR Zuoying →  to HSR Chiayi 3.From HSR Chiayi Station to CCU: Option 1: Taxi (~25 minutes / ~BELOW NT$1,000) Option 2: Bus (Route 106)(~1 hour 20 minutes / ~NT$120) 2.FROM KAOHSIUNG AIRPORT (KHH) TO CCU STEPS:🚇  Kaohsiung Airport MRT( ~30 minutes/ ~NT$35) Board at Kaohsiung International Airport (R4)  Get off at Zuoying（ R16) 🚇  HSR Zuoying to HSR Chiayi Board at HSR Zuoying Station ，Get off at HSR Chiayi Station You can buy HSR tickets on-site', 'HSR Taoyuan to HSR Chiayi Board at HSR Taoyuan Station ，Get off at HSR Chiayi Station You can buy HSR tickets on-site at the station or book online :    👉 https://en.thsrc.com.tw/  🚇  HSR Chiayi Station to CCU (BUS:Route 106) Board at HSR Chiayi Station ，Get off at CCU To check bus routes, schedules, and real-time info, visit: https://www.taiwanbus.tw/eBUSPage/Query/QueryResult.as px?rno=07460&rn=1669878703021&lan=E 1.Take MRT (Red Line) → From Kaohsiung Airport Station (R4)    →  Zuoying Station (R16) 2.Take Taiwan High-Speed Rail (HSR)（ ~ 30 minutes/NT$410 ） From HSR Zuoying →  to HSR Chiayi 3.From HSR Chiayi Station to CCU: Option 1: Taxi (~25 minutes / ~BELOW NT$1,000) Option 2: Bus (Route 106)(~1 hour 20 minutes / ~NT$120) 2.FROM KAOHSIUNG AIRPORT (KHH) TO CCU STEPS:🚇  Kaohsiung Airport MRT( ~30 minutes/ ~NT$35) Board at Kaohsiung International Airport (R4)  Get off at Zuoying（ R16) 🚇  HSR Zuoying to HSR Chiayi Board at HSR Zuoying Station ，Get off at HSR Chiayi Station You can buy HSR tickets on-site', 'HSR Taoyuan to HSR Chiayi Board at HSR Taoyuan Station ，Get off at HSR Chiayi Station You can buy HSR tickets on-site at the station or book online :    👉 https://en.thsrc.com.tw/  🚇  HSR Chiayi Station to CCU (BUS:Route 106) Board at HSR Chiayi Station ，Get off at CCU To check bus routes, schedules, and real-time info, visit: https://www.taiwanbus.tw/eBUSPage/Query/QueryResult.as px?rno=07460&rn=1669878703021&lan=E 1.Take MRT (Red Line) → From Kaohsiung Airport Station (R4)    →  Zuoying Station (R16) 2.Take Taiwan High-Speed Rail (HSR)（ ~ 30 minutes/NT$410 ） From HSR Zuoying →  to HSR Chiayi 3.From HSR Chiayi Station to CCU: Option 1: Taxi (~25 minutes / ~BELOW NT$1,000) Option 2: Bus (Route 106)(~1 hour 20 minutes / ~NT$120) 2.FROM KAOHSIUNG AIRPORT (KHH) TO CCU STEPS:🚇  Kaohsiung Airport MRT( ~30 minutes/ ~NT$35) Board at Kaohsiung International Airport (R4)  Get off at Zuoying（ R16) 🚇  HSR Zuoying to HSR Chiayi Board at HSR Zuoying Station ，Get off at HSR Chiayi Station You can buy HSR tickets on-site']","To reach the HSR station from Taoyuan Airport, take the MRT Red Line from Taoyuan Airport Station (R4) to Zuoying Station (R16). Then take the Taiwan High-Speed Rail (HSR) from HSR Zuoying to HSR Chiayi.",0.5,0.9097386824182309,0.9999999999666667,Qwen3_no_think
What type of train is recommended at Taoyuan Airport MRT to reach Taoyuan HSR Station (A18)?,"['The most convenient and fastest option is the **High-Speed Rail (HSR)**.\n\n**Detailed Steps and Estimated Costs:**\n\n**1. TPE Airport to Taoyuan HSR Station (A18)**\n\n* **Mode of Transport:** Taoyuan Airport MRT\n* **Boarding Location:** \n\t* Terminal 1: B2 level\n\t* Terminal 2: B2 level\n* **Route:** Take the train heading towards ""Huanbei"". It is recommended to choose the **Express train (Purple)**, as it stops at A18 Taoyuan HSR Station.\n* **Cost:** Approximately NT$ 30 per person.', 'Method 1: Airport MRT → High-Speed Rail → CCU (fastest option)\nStep 1: From Terminal 1 (A12) or Terminal 2 (A13), take the Taoyuan Airport MRT to A18 ""THSR Taoyuan Station"". The fare is around NT$35.\nStep 2: Transfer to the High-Speed Rail and ride from THSR Taoyuan to THSR Chiayi Station. The fare is around NT$920.\nStep 3: From THSR Chiayi Station, you can choose one of the following to reach CCU:\n- Taxi: Around NT$600. This is convenient if you have heavy luggage.', 'HSR Taoyuan to HSR Chiayi Board at HSR Taoyuan Station ，Get off at HSR Chiayi Station You can buy HSR tickets on-site at the station or book online :    👉 https://en.thsrc.com.tw/  🚇  HSR Chiayi Station to CCU (BUS:Route 106) Board at HSR Chiayi Station ，Get off at CCU To check bus routes, schedules, and real-time info, visit: https://www.taiwanbus.tw/eBUSPage/Query/QueryResult.as px?rno=07460&rn=1669878703021&lan=E 1.Take MRT (Red Line) → From Kaohsiung Airport Station (R4)    →  Zuoying Station (R16) 2.Take Taiwan High-Speed Rail (HSR)（ ~ 30 minutes/NT$410 ） From HSR Zuoying →  to HSR Chiayi 3.From HSR Chiayi Station to CCU: Option 1: Taxi (~25 minutes / ~BELOW NT$1,000) Option 2: Bus (Route 106)(~1 hour 20 minutes / ~NT$120) 2.FROM KAOHSIUNG AIRPORT (KHH) TO CCU STEPS:🚇  Kaohsiung Airport MRT( ~30 minutes/ ~NT$35) Board at Kaohsiung International Airport (R4)  Get off at Zuoying（ R16) 🚇  HSR Zuoying to HSR Chiayi Board at HSR Zuoying Station ，Get off at HSR Chiayi Station You can buy HSR tickets on-site']","The recommended train is the **Express train (Purple)** on the Taoyuan Airport MRT heading towards ""Huanbei"" to reach Taoyuan HSR Station (A18). The cost is approximately NT$30 per person.",0.75,0.8396299866133264,0.9999999999,Qwen3_no_think
How much does it cost to take the Taoyuan Airport MRT to Taoyuan HSR Station?,"['Method 1: Airport MRT → High-Speed Rail → CCU (fastest option)\nStep 1: From Terminal 1 (A12) or Terminal 2 (A13), take the Taoyuan Airport MRT to A18 ""THSR Taoyuan Station"". The fare is around NT$35.\nStep 2: Transfer to the High-Speed Rail and ride from THSR Taoyuan to THSR Chiayi Station. The fare is around NT$920.\nStep 3: From THSR Chiayi Station, you can choose one of the following to reach CCU:\n- Taxi: Around NT$600. This is convenient if you have heavy luggage.', 'The most convenient and fastest option is the **High-Speed Rail (HSR)**.\n\n**Detailed Steps and Estimated Costs:**\n\n**1. TPE Airport to Taoyuan HSR Station (A18)**\n\n* **Mode of Transport:** Taoyuan Airport MRT\n* **Boarding Location:** \n\t* Terminal 1: B2 level\n\t* Terminal 2: B2 level\n* **Route:** Take the train heading towards ""Huanbei"". It is recommended to choose the **Express train (Purple)**, as it stops at A18 Taoyuan HSR Station.\n* **Cost:** Approximately NT$ 30 per person.', 'HSR Taoyuan to HSR Chiayi Board at HSR Taoyuan Station ，Get off at HSR Chiayi Station You can buy HSR tickets on-site at the station or book online :    👉 https://en.thsrc.com.tw/  🚇  HSR Chiayi Station to CCU (BUS:Route 106) Board at HSR Chiayi Station ，Get off at CCU To check bus routes, schedules, and real-time info, visit: https://www.taiwanbus.tw/eBUSPage/Query/QueryResult.as px?rno=07460&rn=1669878703021&lan=E 1.Take MRT (Red Line) → From Kaohsiung Airport Station (R4)    →  Zuoying Station (R16) 2.Take Taiwan High-Speed Rail (HSR)（ ~ 30 minutes/NT$410 ） From HSR Zuoying →  to HSR Chiayi 3.From HSR Chiayi Station to CCU: Option 1: Taxi (~25 minutes / ~BELOW NT$1,000) Option 2: Bus (Route 106)(~1 hour 20 minutes / ~NT$120) 2.FROM KAOHSIUNG AIRPORT (KHH) TO CCU STEPS:🚇  Kaohsiung Airport MRT( ~30 minutes/ ~NT$35) Board at Kaohsiung International Airport (R4)  Get off at Zuoying（ R16) 🚇  HSR Zuoying to HSR Chiayi Board at HSR Zuoying Station ，Get off at HSR Chiayi Station You can buy HSR tickets on-site']","To take the Taoyuan Airport MRT to Taoyuan HSR Station (A18), the cost is approximately NT$30 per person. This is based on the fare from Terminal 1 (A12) or Terminal 2 (A13) to A18. The journey involves taking the Express train (Purple) heading towards ""Huanbei"".",1.0,0.8725417115998662,0.99999999995,Qwen3_no_think
How much does a Standard Car ticket from Taoyuan HSR Station to Chiayi HSR Station cost?,"['**2. Taoyuan HSR Station to Chiayi HSR Station**\n\n* **Mode of Transport:** Taiwan High Speed Rail (THSR)\n* **Route:** Take a southbound train to Chiayi HSR Station (located in Taibao City).\n* **Cost:** Approximately NT$ 980 per person for Standard Car.\n\n**3. Chiayi HSR Station to National Chung Cheng University**', 'HSR Taoyuan to HSR Chiayi Board at HSR Taoyuan Station ，Get off at HSR Chiayi Station You can buy HSR tickets on-site at the station or book online :    👉 https://en.thsrc.com.tw/  🚇  HSR Chiayi Station to CCU (BUS:Route 106) Board at HSR Chiayi Station ，Get off at CCU To check bus routes, schedules, and real-time info, visit: https://www.taiwanbus.tw/eBUSPage/Query/QueryResult.as px?rno=07460&rn=1669878703021&lan=E 1.Take MRT (Red Line) → From Kaohsiung Airport Station (R4)    →  Zuoying Station (R16) 2.Take Taiwan High-Speed Rail (HSR)（ ~ 30 minutes/NT$410 ） From HSR Zuoying →  to HSR Chiayi 3.From HSR Chiayi Station to CCU: Option 1: Taxi (~25 minutes / ~BELOW NT$1,000) Option 2: Bus (Route 106)(~1 hour 20 minutes / ~NT$120) 2.FROM KAOHSIUNG AIRPORT (KHH) TO CCU STEPS:🚇  Kaohsiung Airport MRT( ~30 minutes/ ~NT$35) Board at Kaohsiung International Airport (R4)  Get off at Zuoying（ R16) 🚇  HSR Zuoying to HSR Chiayi Board at HSR Zuoying Station ，Get off at HSR Chiayi Station You can buy HSR tickets on-site', 'HSR Taoyuan to HSR Chiayi Board at HSR Taoyuan Station ，Get off at HSR Chiayi Station You can buy HSR tickets on-site at the station or book online :    👉 https://en.thsrc.com.tw/  🚇  HSR Chiayi Station to CCU (BUS:Route 106) Board at HSR Chiayi Station ，Get off at CCU To check bus routes, schedules, and real-time info, visit: https://www.taiwanbus.tw/eBUSPage/Query/QueryResult.as px?rno=07460&rn=1669878703021&lan=E 1.Take MRT (Red Line) → From Kaohsiung Airport Station (R4)    →  Zuoying Station (R16) 2.Take Taiwan High-Speed Rail (HSR)（ ~ 30 minutes/NT$410 ） From HSR Zuoying →  to HSR Chiayi 3.From HSR Chiayi Station to CCU: Option 1: Taxi (~25 minutes / ~BELOW NT$1,000) Option 2: Bus (Route 106)(~1 hour 20 minutes / ~NT$120) 2.FROM KAOHSIUNG AIRPORT (KHH) TO CCU STEPS:🚇  Kaohsiung Airport MRT( ~30 minutes/ ~NT$35) Board at Kaohsiung International Airport (R4)  Get off at Zuoying（ R16) 🚇  HSR Zuoying to HSR Chiayi Board at HSR Zuoying Station ，Get off at HSR Chiayi Station You can buy HSR tickets on-site']",The cost of a Standard Car ticket from Taoyuan HSR Station to Chiayi HSR Station is approximately NT$ 980 per person.,1.0,0.995147661321783,0.9999999999,Qwen3_no_think
Which bus route connects Taichung International Airport to THSR Taichung Station?,"['Step 1: Taichung International Airport (RMQ) to THSR Taichung Station\n\n● Boarding Point: Bus Transfer Platform at Terminal B1.\n● Route: Take Taichung Bus Route 156 (Express) directly to THSR Taichung Station.\n● Fare: Approx. NT$ 58.\n\nStep 2: THSR Taichung Station to THSR Chiayi Station\n\n● Route: Take a Southbound THSR train to Chiayi Station.\n● Fare: Approx. NT$ 380.', 'Step 3: THSR Taichung Station to Taichung International Airport (RMQ)\n\n● Route: Go to the Bus Transfer Platform (1F). Take Taichung Bus Route 156.\n● Alternative: Take a taxi if no bus is available.\n● Fare: Bus approx. NT$ 58; Taxi approx. NT$ 600-700.', 'Step 2: THSR Chiayi Station to THSR Taichung Station\n\n● Route: Take a Northbound THSR train to Taichung Station.\n● Fare: Approx. NT$ 380.\n\nStep 3: THSR Taichung Station to Taichung International Airport (RMQ)']",The bus route connecting Taichung International Airport to THSR Taichung Station is Taichung Bus Route 156 (Express). It departs from the Bus Transfer Platform at Terminal B1. The fare is approximately NT$ 58.,1.0,0.954892241914683,0.99999999995,Qwen3_no_think
What is the approximate fare for Taichung Bus Route 156 from the airport to THSR Taichung Station?,"['Step 1: Taichung International Airport (RMQ) to THSR Taichung Station\n\n● Boarding Point: Bus Transfer Platform at Terminal B1.\n● Route: Take Taichung Bus Route 156 (Express) directly to THSR Taichung Station.\n● Fare: Approx. NT$ 58.\n\nStep 2: THSR Taichung Station to THSR Chiayi Station\n\n● Route: Take a Southbound THSR train to Chiayi Station.\n● Fare: Approx. NT$ 380.', 'Step 3: THSR Taichung Station to Taichung International Airport (RMQ)\n\n● Route: Go to the Bus Transfer Platform (1F). Take Taichung Bus Route 156.\n● Alternative: Take a taxi if no bus is available.\n● Fare: Bus approx. NT$ 58; Taxi approx. NT$ 600-700.', 'Step 2: THSR Chiayi Station to THSR Taichung Station\n\n● Route: Take a Northbound THSR train to Taichung Station.\n● Fare: Approx. NT$ 380.\n\nStep 3: THSR Taichung Station to Taichung International Airport (RMQ)']",The approximate fare for Taichung Bus Route 156 from Taichung International Airport to THSR Taichung Station is NT$ 58.,1.0,0.9916493496200213,0.99999999995,Qwen3_no_think
How much does the THSR ticket from Taichung Station to Chiayi Station cost?,"['**2. Taoyuan HSR Station to Chiayi HSR Station**\n\n* **Mode of Transport:** Taiwan High Speed Rail (THSR)\n* **Route:** Take a southbound train to Chiayi HSR Station (located in Taibao City).\n* **Cost:** Approximately NT$ 980 per person for Standard Car.\n\n**3. Chiayi HSR Station to National Chung Cheng University**', 'Step 1: Taichung International Airport (RMQ) to THSR Taichung Station\n\n● Boarding Point: Bus Transfer Platform at Terminal B1.\n● Route: Take Taichung Bus Route 156 (Express) directly to THSR Taichung Station.\n● Fare: Approx. NT$ 58.\n\nStep 2: THSR Taichung Station to THSR Chiayi Station\n\n● Route: Take a Southbound THSR train to Chiayi Station.\n● Fare: Approx. NT$ 380.', 'Step 2: THSR Chiayi Station to THSR Taichung Station\n\n● Route: Take a Northbound THSR train to Taichung Station.\n● Fare: Approx. NT$ 380.\n\nStep 3: THSR Taichung Station to Taichung International Airport (RMQ)']",The cost of the THSR ticket from Taichung Station to Chiayi Station is approximately NT$ 380 per person.,1.0,0.9931971405480567,0.5833333333041666,Qwen3_no_think
Which MRT line connects Kaohsiung International Airport to THSR Zuoying Station?,"['Step 2: THSR Chiayi Station to THSR Zuoying Station\n\n● Route: Take a Southbound THSR train to Zuoying Station.\n● Fare: Approx. NT$ 410.\n\nStep 3: THSR Zuoying Station to Kaohsiung International Airport (KHH)\n\n● Route: Transfer to Kaohsiung MRT Red Line (Towards Siaogang). Alight at ""R4 Kaohsiung International Airport"".\n● Fare: NT$ 50.', 'Step 1: Kaohsiung International Airport (KHH) to THSR Zuoying Station\n\n● Boarding Point: MRT ""R4 Kaohsiung International Airport"" Station (B1/B2).\n● Route: Take the Kaohsiung MRT Red Line (Towards Gangshan) to ""R16 Zuoying Station"".\n● Fare: NT$ 50.\n\nStep 2: THSR Zuoying Station to THSR Chiayi Station\n\n● Route: Take a Northbound THSR train to Chiayi Station.\n● Fare: Approx. NT$ 410.', 'HSR Taoyuan to HSR Chiayi Board at HSR Taoyuan Station ，Get off at HSR Chiayi Station You can buy HSR tickets on-site at the station or book online :    👉 https://en.thsrc.com.tw/  🚇  HSR Chiayi Station to CCU (BUS:Route 106) Board at HSR Chiayi Station ，Get off at CCU To check bus routes, schedules, and real-time info, visit: https://www.taiwanbus.tw/eBUSPage/Query/QueryResult.as px?rno=07460&rn=1669878703021&lan=E 1.Take MRT (Red Line) → From Kaohsiung Airport Station (R4)    →  Zuoying Station (R16) 2.Take Taiwan High-Speed Rail (HSR)（ ~ 30 minutes/NT$410 ） From HSR Zuoying →  to HSR Chiayi 3.From HSR Chiayi Station to CCU: Option 1: Taxi (~25 minutes / ~BELOW NT$1,000) Option 2: Bus (Route 106)(~1 hour 20 minutes / ~NT$120) 2.FROM KAOHSIUNG AIRPORT (KHH) TO CCU STEPS:🚇  Kaohsiung Airport MRT( ~30 minutes/ ~NT$35) Board at Kaohsiung International Airport (R4)  Get off at Zuoying（ R16) 🚇  HSR Zuoying to HSR Chiayi Board at HSR Zuoying Station ，Get off at HSR Chiayi Station You can buy HSR tickets on-site']","The Kaohsiung MRT Red Line connects Kaohsiung International Airport to THSR Zuoying Station. From KHH, take the Red Line towards Gangshan to Zuoying Station.",0.5,0.9633501482986689,0.9999999999666667,Qwen3_no_think
What is the MRT fare from Kaohsiung Airport to Zuoying Station?,"['Method 1: Kaohsiung MRT → High-Speed Rail → CCU (fastest and most reliable)\nStep 1: Take the Kaohsiung MRT Red Line from Kaohsiung International Airport Station (R4) to Zuoying Station (R16). The fare is around NT$50. After arriving at Zuoying, walk directly to THSR Zuoying Station.\nStep 2: Take the High-Speed Rail from THSR Zuoying to THSR Chiayi Station. The fare is around NT$410.\nStep 3: From THSR Chiayi Station, choose one of the following ways to reach CCU:', 'Step 2: THSR Chiayi Station to THSR Zuoying Station\n\n● Route: Take a Southbound THSR train to Zuoying Station.\n● Fare: Approx. NT$ 410.\n\nStep 3: THSR Zuoying Station to Kaohsiung International Airport (KHH)\n\n● Route: Transfer to Kaohsiung MRT Red Line (Towards Siaogang). Alight at ""R4 Kaohsiung International Airport"".\n● Fare: NT$ 50.', 'Step 1: Kaohsiung International Airport (KHH) to THSR Zuoying Station\n\n● Boarding Point: MRT ""R4 Kaohsiung International Airport"" Station (B1/B2).\n● Route: Take the Kaohsiung MRT Red Line (Towards Gangshan) to ""R16 Zuoying Station"".\n● Fare: NT$ 50.\n\nStep 2: THSR Zuoying Station to THSR Chiayi Station\n\n● Route: Take a Northbound THSR train to Chiayi Station.\n● Fare: Approx. NT$ 410.']",The MRT fare from Kaohsiung Airport to Zuoying Station is NT$50.,1.0,0.9968534523242388,0.9999999999666667,Qwen3_no_think
How much is the THSR ticket from Zuoying Station to Chiayi Station?,"['Step 2: THSR Chiayi Station to THSR Zuoying Station\n\n● Route: Take a Southbound THSR train to Zuoying Station.\n● Fare: Approx. NT$ 410.\n\nStep 3: THSR Zuoying Station to Kaohsiung International Airport (KHH)\n\n● Route: Transfer to Kaohsiung MRT Red Line (Towards Siaogang). Alight at ""R4 Kaohsiung International Airport"".\n● Fare: NT$ 50.', 'Step 1: Kaohsiung International Airport (KHH) to THSR Zuoying Station\n\n● Boarding Point: MRT ""R4 Kaohsiung International Airport"" Station (B1/B2).\n● Route: Take the Kaohsiung MRT Red Line (Towards Gangshan) to ""R16 Zuoying Station"".\n● Fare: NT$ 50.\n\nStep 2: THSR Zuoying Station to THSR Chiayi Station\n\n● Route: Take a Northbound THSR train to Chiayi Station.\n● Fare: Approx. NT$ 410.', 'HSR Taoyuan to HSR Chiayi Board at HSR Taoyuan Station ，Get off at HSR Chiayi Station You can buy HSR tickets on-site at the station or book online :    👉 https://en.thsrc.com.tw/  🚇  HSR Chiayi Station to CCU (BUS:Route 106) Board at HSR Chiayi Station ，Get off at CCU To check bus routes, schedules, and real-time info, visit: https://www.taiwanbus.tw/eBUSPage/Query/QueryResult.as px?rno=07460&rn=1669878703021&lan=E 1.Take MRT (Red Line) → From Kaohsiung Airport Station (R4)    →  Zuoying Station (R16) 2.Take Taiwan High-Speed Rail (HSR)（ ~ 30 minutes/NT$410 ） From HSR Zuoying →  to HSR Chiayi 3.From HSR Chiayi Station to CCU: Option 1: Taxi (~25 minutes / ~BELOW NT$1,000) Option 2: Bus (Route 106)(~1 hour 20 minutes / ~NT$120) 2.FROM KAOHSIUNG AIRPORT (KHH) TO CCU STEPS:🚇  Kaohsiung Airport MRT( ~30 minutes/ ~NT$35) Board at Kaohsiung International Airport (R4)  Get off at Zuoying（ R16) 🚇  HSR Zuoying to HSR Chiayi Board at HSR Zuoying Station ，Get off at HSR Chiayi Station You can buy HSR tickets on-site']",The THSR ticket from Zuoying Station to Chiayi Station costs approximately NT$410.,1.0,0.996537578804649,0.9999999999666667,Qwen3_no_think
Which bus routes can you take from CCU to Chiayi Train Station?,"['Step 2: CCU to Chiayi Train Station\n\n● Transportation (Bus): Take Chiayi County Bus 7309 or Taiwan Trip Route 106 to the terminal station ""Chiayi Station"".\n● Transportation (Taxi): Take a taxi directly to Chiayi Station.\n● Fare: Bus approx. NT$ 60; Taxi approx. NT$ 400-500.', 'After arriving at THSR Chiayi Station, you can go to CCU by taxi or bus. Both options are easy to use, so you can choose based on your time and budget.', 'Step 3: After arriving at Chiayi or Minxiong Station, you can reach CCU by:\n- From Chiayi Station: Taxi (around NT$500–600) or Bus 106 (around NT$47).\n- From Minxiong Station: Taxi, usually around NT$100–200.']","To get from CCU to Chiayi Train Station, you can take Chiayi County Bus 7309 or Taiwan Trip Route 106 to the terminal station ""Chiayi Station"". Alternatively, you can take a taxi directly. The bus fare is approximately NT$60, while the taxi fare is around NT$400-500.",0.2,0.9177711562383387,0.9999999999,Qwen3_no_think
What is the bus fare from CCU to Chiayi Train Station?,"['Step 2: CCU to Chiayi Train Station\n\n● Transportation (Bus): Take Chiayi County Bus 7309 or Taiwan Trip Route 106 to the terminal station ""Chiayi Station"".\n● Transportation (Taxi): Take a taxi directly to Chiayi Station.\n● Fare: Bus approx. NT$ 60; Taxi approx. NT$ 400-500.', 'Step 3: After arriving at Chiayi or Minxiong Station, you can reach CCU by:\n- From Chiayi Station: Taxi (around NT$500–600) or Bus 106 (around NT$47).\n- From Minxiong Station: Taxi, usually around NT$100–200.', 'Step 3: From THSR Chiayi Station, choose one of the following ways to reach CCU:\n- Option A: Taxi — Around NT$600. Most convenient, especially if you have luggage.\n- Option B: Bus 106 — Around NT$113. Board at the bus stop outside the HSR station and get off at the CCU stop.']","The bus fare from CCU to Chiayi Train Station is approximately NT$60. You can take Chiayi County Bus 7309 or Taiwan Trip Route 106 to the terminal station ""Chiayi Station"".",0.3333333333333333,0.9827795261733171,0.9999999999,Qwen3_no_think
What is the approximate taxi fare from CCU to Chiayi Train Station?,"['Step 2: CCU to Chiayi Train Station\n\n● Transportation (Bus): Take Chiayi County Bus 7309 or Taiwan Trip Route 106 to the terminal station ""Chiayi Station"".\n● Transportation (Taxi): Take a taxi directly to Chiayi Station.\n● Fare: Bus approx. NT$ 60; Taxi approx. NT$ 400-500.', 'Step 3: After arriving at Chiayi or Minxiong Station, you can reach CCU by:\n- From Chiayi Station: Taxi (around NT$500–600) or Bus 106 (around NT$47).\n- From Minxiong Station: Taxi, usually around NT$100–200.', 'Step 3: From THSR Chiayi Station, choose one of the following ways to reach CCU:\n- Option A: Taxi — Around NT$600. Most convenient, especially if you have luggage.\n- Option B: Bus 106 — Around NT$113. Board at the bus stop outside the HSR station and get off at the CCU stop.']",The approximate taxi fare from CCU to Chiayi Train Station is NT$400-500.,0.0,0.9999999999999997,0.99999999995,Qwen3_no_think
Where is the boarding point for buses departing from CCU?,"['Step 1: Depart from National Chung Cheng University (CCU)\n\n● Boarding Point (Bus): ""Activity Center Bus Shelter"".\n● Boarding Point (Taxi): ""Main Gate"" taxi stand.\n\nStep 2: CCU to Chiayi Train Station', 'Step 1: Depart from National Chung Cheng University (CCU)\n\n● Boarding Point (Bus): ""Activity Center Bus Shelter"".\n● Boarding Point (Taxi): ""Main Gate"" taxi stand.\n\nStep 2: CCU to Minxiong Train Station', 'Method 2: Take Bus 106 (most economical option)\nStep 1: Go to the bus boarding area outside the station. You can easily find the stop for Bus 106 right outside the station.\nStep 2: Take Bus 106 to CCU. The fare is NT$47. Get off at the ""National Chung Cheng University"" stop. The bus stops near campus and offers a convenient, budget-friendly option.']","The boarding point for buses departing from National Chung Cheng University (CCU) is the ""Activity Center Bus Shelter"". The taxi boarding point is at the ""Main Gate"" taxi stand.",1.0,0.8225135789736179,0.99999999995,Qwen3_no_think
Where should you exit at Chiayi Train Station to find the bus terminal to CCU?,"['Step 1: Arrive at Chiayi Train Station\n\n● Note: Exit the Front Station and walk to the ""Chiayi County Bus Terminal"" on the front-right side.\n\nStep 2: Chiayi Station to National Chung Cheng University (CCU)', 'Step 3: After arriving at Chiayi or Minxiong Station, you can reach CCU by:\n- From Chiayi Station: Taxi (around NT$500–600) or Bus 106 (around NT$47).\n- From Minxiong Station: Taxi, usually around NT$100–200.', 'Step 2: CCU to Chiayi Train Station\n\n● Transportation (Bus): Take Chiayi County Bus 7309 or Taiwan Trip Route 106 to the terminal station ""Chiayi Station"".\n● Transportation (Taxi): Take a taxi directly to Chiayi Station.\n● Fare: Bus approx. NT$ 60; Taxi approx. NT$ 400-500.']","To find the bus terminal to National Chung Cheng University (CCU) from Chiayi Train Station, exit the Front Station and walk to the ""Chiayi County Bus Terminal"" on the front-right side. From there, take Bus 106 to reach CCU. Alternatively, you can take a taxi, which costs around NT$500–600.",0.8,0.8960880811173059,0.9999999999,Qwen3_no_think
Which bus routes run between CCU and Minxiong Train Station?,"['Step 2: CCU to Minxiong Train Station\n\n● Transportation (Bus): Take Chiayi County Bus 7309, 7306, or Taiwan Trip Route 106.\n● Transportation (Taxi): Take a taxi to Minxiong Station.\n● Fare: Bus approx. NT$ 25; Taxi approx. NT$ 200.', 'Step 1: CCU to Minxiong Train Station\n\n● Transportation (Bus): From ""Activity Center Bus Shelter"", take Chiayi County Bus 7309, 7306, or 106 to Minxiong Station.\n● Transportation (Taxi): From ""Main Gate"", take a taxi to Minxiong Station.\n● Fare: Bus approx. NT$ 25; Taxi approx. NT$ 200.\n\nStep 2: Minxiong Station to Douliu Station', 'Step 1: CCU to Minxiong Train Station\n\n● Transportation (Bus): From ""Activity Center Bus Shelter"", take Chiayi County Bus 7309, 7306, or 106 to Minxiong Station.\n● Transportation (Taxi): From ""Main Gate"", take a taxi to Minxiong Station.\n● Fare: Bus approx. NT$ 25; Taxi approx. NT$ 200.\n\nStep 2: Minxiong Station to Dounan Station']","To get from CCU to Minxiong Train Station, take Chiayi County Bus 7309, 7306, or Taiwan Trip Route 106 from the ""Activity Center Bus Shelter"". Alternatively, take a taxi from the ""Main Gate"". Bus fare is approximately NT$25, taxi fare is approximately NT$200.",1.0,0.9107344698646554,0.9999999999666667,Qwen3_no_think
What is the approximate taxi fare from CCU to Minxiong Station?,"['Step 2: CCU to Minxiong Train Station\n\n● Transportation (Bus): Take Chiayi County Bus 7309, 7306, or Taiwan Trip Route 106.\n● Transportation (Taxi): Take a taxi to Minxiong Station.\n● Fare: Bus approx. NT$ 25; Taxi approx. NT$ 200.', 'Step 3: After arriving at Chiayi or Minxiong Station, you can reach CCU by:\n- From Chiayi Station: Taxi (around NT$500–600) or Bus 106 (around NT$47).\n- From Minxiong Station: Taxi, usually around NT$100–200.', 'Step 1: CCU to Minxiong Train Station\n\n● Transportation (Bus): From ""Activity Center Bus Shelter"", take Chiayi County Bus 7309, 7306, or 106 to Minxiong Station.\n● Transportation (Taxi): From ""Main Gate"", take a taxi to Minxiong Station.\n● Fare: Bus approx. NT$ 25; Taxi approx. NT$ 200.\n\nStep 2: Minxiong Station to Douliu Station']",The approximate taxi fare from CCU to Minxiong Station is NT$200.,1.0,0.999999999999999,0.9999999999666667,Qwen3_no_think
From which exit should you leave Minxiong Train Station when heading to CCU?,"['Step 1: Arrive at Minxiong Train Station\n\n● Note: Exit via the Front Station (East Exit).\n\nStep 2: Minxiong Station to National Chung Cheng University (CCU)', 'Step 1: Depart from National Chung Cheng University (CCU)\n\n● Boarding Point (Bus): ""Activity Center Bus Shelter"".\n● Boarding Point (Taxi): ""Main Gate"" taxi stand.\n\nStep 2: CCU to Minxiong Train Station', 'Step 1: Douliu Station to Minxiong Station (Transfer Recommended)\n\n● Route: Take a Southbound Train (Local or Express) from Douliu to Minxiong Station.\n● Fare: Local train ticket approx. NT$ 24.\n\nStep 2: Minxiong Station to National Chung Cheng University (CCU)']","From Minxiong Train Station, exit via the Front Station (East Exit).",1.0,0.8529409777249657,0.9999999999,Qwen3_no_think
What is the recommended transfer station when travelling from CCU to Douliu Station by train?,"['Step 1: Douliu Station to Minxiong Station (Transfer Recommended)\n\n● Route: Take a Southbound Train (Local or Express) from Douliu to Minxiong Station.\n● Fare: Local train ticket approx. NT$ 24.\n\nStep 2: Minxiong Station to National Chung Cheng University (CCU)', 'Step 2: Minxiong Station to Douliu Station\n\n● Route: Take a Northbound Train (TRA) to Douliu Station.\n● Fare: Local train ticket approx. NT$ 24.\n\nAlternative: Direct Taxi\n\n● Route: Take a taxi directly from CCU Main Gate to Douliu Station.\n● Fare: Approx. NT$ 500-600.', 'YOUR GUIDE TO CCUWelcome to Taiwan! Your Guide to Reaching  National Chung Cheng University (CCU) ✈  For new international students  🧭  Step-by-step travel guide from Taiwan Airports to CCU  🎓  Let’s begin your journey!From Taoyuan Airport to CCU 1.FROM TAOYUAN AIRPORT (TPE)  TO CCU 2.FROM  KAOHSIUNG AIRPORT (KHH)  TO CCU1.Take MRT (Airport MRT) → From Terminal 1 (A12) / 2 (A13)  to     HSR Taoyuan Station (A18)  2.Take Taiwan High-Speed Rail (HSR)(~1 hour 20 minutes /NT$920) From HSR Taoyuan → to HSR Chiayi 3.From HSR Chiayi Station to CCU: Option 1: Taxi (~25 minutes / ~BELOW NT$1,000) Option 2: Bus (Route 106)(~1 hour 20 minutes / ~NT$120) 1.FROM TAOYUAN AIRPORT (TPE) TO CCU STEPS:🚇  Taoyuan Airport MRT( ~20 minutes/ ~NT$35) Board at Terminal 1 (A12) or Terminal 2 (A13) Get off at A18: HSR Taoyuan Station 🚇  HSR Taoyuan to HSR Chiayi Board at HSR Taoyuan Station ，Get off at HSR Chiayi Station You can buy HSR tickets on-site at the station or book online :    👉 https://en.thsrc.com.tw/  🚇  HSR Chiayi']","The recommended transfer station when traveling from CCU to Douliu Station by train is Minxiong Station. 

Step 1: Take a Southbound Train (Local or Express) from CCU to Minxiong Station. 
Step 2: Take a Northbound Train (TRA) from Minxiong Station to Douliu Station. 

Fares: Local train tickets approx. NT$ 24 each way.",0.5,0.9751504716607361,0.99999999995,Qwen3_no_think
How much does the local train ticket from Minxiong to Douliu Station cost?,"['Step 2: Minxiong Station to Douliu Station\n\n● Route: Take a Northbound Train (TRA) to Douliu Station.\n● Fare: Local train ticket approx. NT$ 24.\n\nAlternative: Direct Taxi\n\n● Route: Take a taxi directly from CCU Main Gate to Douliu Station.\n● Fare: Approx. NT$ 500-600.', 'Step 1: Douliu Station to Minxiong Station (Transfer Recommended)\n\n● Route: Take a Southbound Train (Local or Express) from Douliu to Minxiong Station.\n● Fare: Local train ticket approx. NT$ 24.\n\nStep 2: Minxiong Station to National Chung Cheng University (CCU)', 'Step 1: CCU to Minxiong Train Station\n\n● Transportation (Bus): From ""Activity Center Bus Shelter"", take Chiayi County Bus 7309, 7306, or 106 to Minxiong Station.\n● Transportation (Taxi): From ""Main Gate"", take a taxi to Minxiong Station.\n● Fare: Bus approx. NT$ 25; Taxi approx. NT$ 200.\n\nStep 2: Minxiong Station to Douliu Station']",The local train ticket from Minxiong Station to Douliu Station costs approximately NT$24.,1.0,0.9964903536805075,0.99999999995,Qwen3_no_think
How many stops is Dounan Station from Minxiong Station by local train?,"['Step 1: Dounan Station to Minxiong Station (Transfer Recommended)\n\n● Route: Take a Southbound Local Train (TRA) from Dounan to Minxiong Station (2 stops).\n● Fare: Train ticket approx. NT$ 15.\n\nStep 2: Minxiong Station to National Chung Cheng University (CCU)', 'Step 2: Minxiong Station to Dounan Station\n\n● Route: Take a Northbound Local Train (TRA) to Dounan Station (2 stops).\n● Fare: Train ticket approx. NT$ 15.\n\nAlternative: Direct Taxi\n\n● Route: Take a taxi directly from CCU Main Gate to Dounan Station.\n● Fare: Approx. NT$ 350-450.', 'Step 1: CCU to Minxiong Train Station\n\n● Transportation (Bus): From ""Activity Center Bus Shelter"", take Chiayi County Bus 7309, 7306, or 106 to Minxiong Station.\n● Transportation (Taxi): From ""Main Gate"", take a taxi to Minxiong Station.\n● Fare: Bus approx. NT$ 25; Taxi approx. NT$ 200.\n\nStep 2: Minxiong Station to Dounan Station']","From Dounan Station to Minxiong Station by local train, it is 2 stops.",1.0,0.9848445087841137,0.99999999995,Qwen3_no_think
What is the approximate direct taxi fare from CCU to Dounan Station?,"['Step 2: Minxiong Station to Dounan Station\n\n● Route: Take a Northbound Local Train (TRA) to Dounan Station (2 stops).\n● Fare: Train ticket approx. NT$ 15.\n\nAlternative: Direct Taxi\n\n● Route: Take a taxi directly from CCU Main Gate to Dounan Station.\n● Fare: Approx. NT$ 350-450.', 'Alternative: Direct Taxi\n\n● Note: No direct bus available. You can take a taxi directly from Dounan Station.\n● Fare: Approx. NT$ 350-450.', 'Step 1: CCU to Minxiong Train Station\n\n● Transportation (Bus): From ""Activity Center Bus Shelter"", take Chiayi County Bus 7309, 7306, or 106 to Minxiong Station.\n● Transportation (Taxi): From ""Main Gate"", take a taxi to Minxiong Station.\n● Fare: Bus approx. NT$ 25; Taxi approx. NT$ 200.\n\nStep 2: Minxiong Station to Dounan Station']",The approximate direct taxi fare from CCU Main Gate to Dounan Station is NT$ 350-450.,1.0,0.9619418527950088,0.99999999995,Qwen3_no_think
Which bus route at THSR Chiayi Station goes toward CCU?,"['Step 3: From THSR Chiayi Station, choose one of the following ways to reach CCU:\n- Option A: Taxi — Around NT$600. Most convenient, especially if you have luggage.\n- Option B: Bus 106 — Around NT$113. Board at the bus stop outside the HSR station and get off at the CCU stop.', '● Route: Take a Southbound THSR train to Chiayi Station.\n● Fare: Approx. NT$ 380.\n\nStep 3: THSR Chiayi Station to National Chung Cheng University (CCU)', '● Route: Take a Northbound THSR train to Chiayi Station.\n● Fare: Approx. NT$ 410.\n\nStep 3: THSR Chiayi Station to National Chung Cheng University (CCU)']",The bus route from THSR Chiayi Station toward CCU is Bus 106. Board at the bus stop outside the HSR station and get off at the CCU stop. The fare is approximately NT$113.,1.0,0.9430983479097157,0.9999999999,Qwen3_no_think
At which exit of THSR Chiayi Station can you find the bus platform to CCU?,"['Step 3: From THSR Chiayi Station, choose one of the following ways to reach CCU:\n- Option A: Taxi — Around NT$600. Most convenient, especially if you have luggage.\n- Option B: Bus 106 — Around NT$113. Board at the bus stop outside the HSR station and get off at the CCU stop.', 'After arriving at THSR Chiayi Station, you can go to CCU by taxi or bus. Both options are easy to use, so you can choose based on your time and budget.', 'YOUR GUIDE TO CCUWelcome to Taiwan! Your Guide to Reaching  National Chung Cheng University (CCU) ✈  For new international students  🧭  Step-by-step travel guide from Taiwan Airports to CCU  🎓  Let’s begin your journey!From Taoyuan Airport to CCU 1.FROM TAOYUAN AIRPORT (TPE)  TO CCU 2.FROM  KAOHSIUNG AIRPORT (KHH)  TO CCU1.Take MRT (Airport MRT) → From Terminal 1 (A12) / 2 (A13)  to     HSR Taoyuan Station (A18)  2.Take Taiwan High-Speed Rail (HSR)(~1 hour 20 minutes /NT$920) From HSR Taoyuan → to HSR Chiayi 3.From HSR Chiayi Station to CCU: Option 1: Taxi (~25 minutes / ~BELOW NT$1,000) Option 2: Bus (Route 106)(~1 hour 20 minutes / ~NT$120) 1.FROM TAOYUAN AIRPORT (TPE) TO CCU STEPS:🚇  Taoyuan Airport MRT( ~20 minutes/ ~NT$35) Board at Terminal 1 (A12) or Terminal 2 (A13) Get off at A18: HSR Taoyuan Station 🚇  HSR Taoyuan to HSR Chiayi Board at HSR Taoyuan Station ，Get off at HSR Chiayi Station You can buy HSR tickets on-site at the station or book online :    👉 https://en.thsrc.com.tw/  🚇  HSR Chiayi']","At THSR Chiayi Station, you can take Bus 106 to CCU. The bus stop is located outside the HSR station. The bus route will drop you off at the CCU stop. This option is more economical, costing around NT$113.",1.0,0.8607124926677819,0.8333333332916666,Qwen3_no_think
What is the approximate taxi fare from THSR Chiayi Station to CCU?,"['Step 3: From THSR Chiayi Station, choose one of the following ways to reach CCU:\n- Option A: Taxi — Around NT$600. Most convenient, especially if you have luggage.\n- Option B: Bus 106 — Around NT$113. Board at the bus stop outside the HSR station and get off at the CCU stop.', '● Route: Take a Northbound THSR train to Chiayi Station.\n● Fare: Approx. NT$ 410.\n\nStep 3: THSR Chiayi Station to National Chung Cheng University (CCU)', '● Route: Take a Southbound THSR train to Chiayi Station.\n● Fare: Approx. NT$ 380.\n\nStep 3: THSR Chiayi Station to National Chung Cheng University (CCU)']","The approximate taxi fare from THSR Chiayi Station to CCU is around NT$600. This is the most convenient option, especially if you have luggage.",1.0,0.9586059295950146,0.9999999999,Qwen3_no_think
How much does it cost to rent a YouBike 2.0 for the first 30 minutes?,"['The rental fee depends on the type of bike you use—YouBike 2.0 or YouBike 2.0E (electric-assist).\n\n• YouBike 2.0: NT$10 per 30 minutes for the first 4 hours, with higher rates for longer usage.\n• YouBike 2.0E: NT$20 per 30 minutes for the first 2 hours, with higher rates after that.', 'The bike-sharing stations you see on campus are YouBike stations, and you can rent a bike using an EasyCard. The first time you use the service, you need to register and link your EasyCard to the YouBike system. After registration, you can simply press the', 'To return the bike, simply push it into any parking dock at a YouBike station. Make sure the bike locks securely into the dock, then tap your EasyCard on the dock’s sensor to complete the return.\n\nThe system will immediately show that the return is successful, and the rental fee will be deducted at that moment.']",The cost to rent a YouBike 2.0 for the first 30 minutes is NT$10.,1.0,0.9999999999999991,0.9999999999,Qwen3_no_think
How can you distinguish between a YouBike 2.0 and a YouBike 2.0E by appearance?,"['The rental fee depends on the type of bike you use—YouBike 2.0 or YouBike 2.0E (electric-assist).\n\n• YouBike 2.0: NT$10 per 30 minutes for the first 4 hours, with higher rates for longer usage.\n• YouBike 2.0E: NT$20 per 30 minutes for the first 2 hours, with higher rates after that.', 'No matter which type you ride, the rental fee is automatically deducted from your EasyCard when you return the bike.\n\nYou can distinguish the two types by the color of the rear section: both bikes are white, but YouBike 2.0 has a yellow rear, while YouBike 2.0E has an orange rear.', 'YouBike system. After registration, you can simply press the panel on the bike’s handlebar and then tap your EasyCard to unlock the bike, which is very convenient.']","You can distinguish between YouBike 2.0 and YouBike 2.0E by the color of the rear section. Both bikes are white, but YouBike 2.0 has a yellow rear, while YouBike 2.0E has an orange rear.",1.0,0.9797014726920327,0.49999999995,Qwen3_no_think
How is the YouBike rental fee paid when you return the bike?,"['The rental fee depends on the type of bike you use—YouBike 2.0 or YouBike 2.0E (electric-assist).\n\n• YouBike 2.0: NT$10 per 30 minutes for the first 4 hours, with higher rates for longer usage.\n• YouBike 2.0E: NT$20 per 30 minutes for the first 2 hours, with higher rates after that.', 'To return the bike, simply push it into any parking dock at a YouBike station. Make sure the bike locks securely into the dock, then tap your EasyCard on the dock’s sensor to complete the return.\n\nThe system will immediately show that the return is successful, and the rental fee will be deducted at that moment.', 'No matter which type you ride, the rental fee is automatically deducted from your EasyCard when you return the bike.\n\nYou can distinguish the two types by the color of the rear section: both bikes are white, but YouBike 2.0 has a yellow rear, while YouBike 2.0E has an orange rear.']","The rental fee for YouBike is automatically deducted from your EasyCard when you return the bike. 

YouBike 2.0 costs NT$10 per 30 minutes for the first 4 hours, while YouBike 2.0E costs NT$20 per 30 minutes for the first 2 hours. 

To return, push the bike into a parking dock, lock it securely, and tap your EasyCard on the dock’s sensor. The system will confirm the return and deduct the fee immediately.",1.0,0.7982597174268115,0.5833333333041666,Qwen3_no_think
What is the basic ARC application fee per year?,"['The basic ARC fee is NT$1,000 per year. However, if you are converting from visa-free entry or a Visitor Visa to an ARC, an additional NT$2,200 is charged according to official regulations.', '3. Application fee NT$1,000  4. Photo   5. ARC Application System:   https://coa.immigration.gov.tw/coa-frontend/student/entry?lang=en    Currently we have changed the application way, please apply directly to the application  system. For more information, please refer to the National Immigration Agency  Website: https://www.immigration.gov.tw/mp.asp?mp=2    Registration  4.6 Bank account      21         In order to receive your scholarship from the university, you need to open a  bank account at the on -campus Post Office. You can open a post office bank  account after receiving your ARC.   Please prepare the following documents and bring them directly to the post  office to open your account:  1. A Chinese name-stamp (costs around NT40)  2. Original ARC  3. Original Passport  4. Application form  5. NT $100 (to be saved into your post bank account)    After getting bank account, remember to send the following documents to OIA  (ccuoiais@ccu.edu.tw)    Filled Personal Account Form    Bank of Passbook', '3. Application fee NT$1,000  4. Photo   5. ARC Application System:   https://coa.immigration.gov.tw/coa-frontend/student/entry?lang=en    Currently we have changed the application way, please apply directly to the application  system. For more information, please refer to the National Immigration Agency  Website: https://www.immigration.gov.tw/mp.asp?mp=2    Registration  4.6 Bank account      21         In order to receive your scholarship from the university, you need to open a  bank account at the on -campus Post Office. You can open a post office bank  account after receiving your ARC.   Please prepare the following documents and bring them directly to the post  office to open your account:  1. A Chinese name-stamp (costs around NT40)  2. Original ARC  3. Original Passport  4. Application form  5. NT $100 (to be saved into your post bank account)    After getting bank account, remember to send the following documents to OIA  (ccuoiais@ccu.edu.tw)    Filled Personal Account Form    Bank of Passbook']","The basic ARC application fee is NT$1,000 per year. An additional NT$2,200 is charged if converting from visa-free entry or a Visitor Visa to an ARC.",1.0,0.8187977878234488,0.9999999999666667,Qwen3_no_think
Why do some international students pay more than others when applying for an ARC for the first time?,"['As a result, international students applying for an ARC for the first time by converting from a Visitor Visa will pay more than those who are simply renewing an ARC. After payment, be sure to keep the receipt properly in case it is needed for future inquiries or additional documentation.', 'International students must apply for an ARC 15 to 30 days before their Visitor Visa expires. This time window is very important. If you apply after the visa has expired, it may affect your residency status and could even require you to leave Taiwan and reapply.', 'The basic ARC fee is NT$1,000 per year. However, if you are converting from visa-free entry or a Visitor Visa to an ARC, an additional NT$2,200 is charged according to official regulations.']","Some international students pay more than others when applying for an ARC for the first time because those converting from a Visitor Visa or visa-free entry incur an additional NT$2,200 fee. The basic ARC fee is NT$1,000 per year. This additional charge applies specifically to first-time applicants making the switch from these visa types.",1.0,0.9999999999999997,0.8333333332916666,Qwen3_no_think
How can you register for YouBike if there is no kiosk at the station?,"['If there is no kiosk at the station, you can also register online by visiting the official website and filling in the required information to link your EasyCard. After completing registration, you can rent a YouBike at any station.', 'Some YouBike stations have a standing kiosk next to them. You can use the kiosk to register and link your EasyCard, then start renting bikes immediately.', 'YouBike system. After registration, you can simply press the panel on the bike’s handlebar and then tap your EasyCard to unlock the bike, which is very convenient.']","If there is no kiosk at the station, you can register online by visiting the official website and linking your EasyCard. After registration, you can rent a YouBike at any station. Some stations have a standing kiosk next to them; you can use it to register and link your EasyCard, then start renting immediately. After registration, press the panel on the bike’s handlebar and tap your EasyCard to unlock the bike.",0.7777777777777778,0.9665665233776798,0.9999999999,Qwen3_no_think
What do you need to link to the YouBike system before you can start renting bikes?,"['Some YouBike stations have a standing kiosk next to them. You can use the kiosk to register and link your EasyCard, then start renting bikes immediately.', 'The bike-sharing stations you see on campus are YouBike stations, and you can rent a bike using an EasyCard. The first time you use the service, you need to register and link your EasyCard to the YouBike system. After registration, you can simply press the', 'If there is no kiosk at the station, you can also register online by visiting the official website and filling in the required information to link your EasyCard. After completing registration, you can rent a YouBike at any station.']","To link your EasyCard to the YouBike system, you can use the standing kiosk next to some YouBike stations to register and link your card. If there is no kiosk, register online via the official website by filling in required information. After registration, you can rent a bike at any station.",1.0,0.7607115359301587,0.9999999999666667,Qwen3_no_think
How do you return a YouBike at the end of your rental?,"['To return the bike, simply push it into any parking dock at a YouBike station. Make sure the bike locks securely into the dock, then tap your EasyCard on the dock’s sensor to complete the return.\n\nThe system will immediately show that the return is successful, and the rental fee will be deducted at that moment.', 'The rental fee depends on the type of bike you use—YouBike 2.0 or YouBike 2.0E (electric-assist).\n\n• YouBike 2.0: NT$10 per 30 minutes for the first 4 hours, with higher rates for longer usage.\n• YouBike 2.0E: NT$20 per 30 minutes for the first 2 hours, with higher rates after that.', 'The bike-sharing stations you see on campus are YouBike stations, and you can rent a bike using an EasyCard. The first time you use the service, you need to register and link your EasyCard to the YouBike system. After registration, you can simply press the']","To return a YouBike, push the bike into any parking dock at a YouBike station. Ensure it locks securely into the dock, then tap your EasyCard on the dock’s sensor to complete the return. The system will confirm the return is successful, and the rental fee will be deducted immediately. The fee depends on the bike type: YouBike 2.0 is NT$10 per 30 minutes for the first 4 hours, while YouBike 2.0E is NT$20 per 30 minutes for the first 2 hours.",1.0,0.884567334358913,0.0,Qwen3_no_think
What should you do if the dock sensor fails to read your EasyCard when returning a YouBike?,"['To return the bike, simply push it into any parking dock at a YouBike station. Make sure the bike locks securely into the dock, then tap your EasyCard on the dock’s sensor to complete the return.\n\nThe system will immediately show that the return is successful, and the rental fee will be deducted at that moment.', 'If the dock light does not turn on or the sensor fails to read your card, move to another dock and try again.', 'YouBike system. After registration, you can simply press the panel on the bike’s handlebar and then tap your EasyCard to unlock the bike, which is very convenient.']","If the dock sensor fails to read your EasyCard when returning a YouBike, move to another dock and try again. The system will show the return is successful and deduct the rental fee once the bike is securely locked and the sensor reads your card.",0.3333333333333333,0.9999999999999994,0.99999999995,Qwen3_no_think
Where can you go to top up your EasyCard in person?,"['Some MRT and train stations also have automatic top-up machines. Just place your card on the reader and insert cash to complete the value reload. After topping up, your EasyCard is ready for use and will be very convenient for taking buses and MRTs.', 'You can go to any convenience store counter and ask the staff to help you add value to your EasyCard—simply tell them the amount you want to add. The process only takes a few seconds.', 'You can buy an EasyCard at most convenience stores in Taiwan, including 7-Eleven, FamilyMart, Hi-Life, and OK Mart. You can also purchase one at service counters or ticket windows in TRA train stations and MRT stations. After purchasing, you can add value']","You can top up your EasyCard in person at convenience store counters, such as 7-Eleven, FamilyMart, Hi-Life, and OK Mart. Simply inform the staff of the amount you wish to add. Additionally, service counters or ticket windows in TRA train stations and MRT stations also allow you to add value to your EasyCard.",0.5,0.950282349946017,0.5833333333041666,Qwen3_no_think
How can you top up your EasyCard at an MRT or train station?,"['Some MRT and train stations also have automatic top-up machines. Just place your card on the reader and insert cash to complete the value reload. After topping up, your EasyCard is ready for use and will be very convenient for taking buses and MRTs.', 'When riding the MRT, you can either buy a single-journey ticket or use an EasyCard.\n\nSingle-journey tickets can be purchased from ticket machines in MRT stations. The ticket is a physical round token. Tap it when entering the station and insert it into the token slot when exiting.', 'You can go to any convenience store counter and ask the staff to help you add value to your EasyCard—simply tell them the amount you want to add. The process only takes a few seconds.']","You can top up your EasyCard at MRT or train stations using automatic top-up machines. Place your card on the reader and insert cash to reload the value. After topping up, your EasyCard is ready for use. Alternatively, you can visit any convenience store counter and ask staff to add value to your card by specifying the amount. The process takes only a few seconds.",1.0,0.8716191749284521,0.9999999999,Qwen3_no_think
What card do you need to unlock a YouBike on the CCU campus?,"['YouBike system. After registration, you can simply press the panel on the bike’s handlebar and then tap your EasyCard to unlock the bike, which is very convenient.', 'To return the bike, simply push it into any parking dock at a YouBike station. Make sure the bike locks securely into the dock, then tap your EasyCard on the dock’s sensor to complete the return.\n\nThe system will immediately show that the return is successful, and the rental fee will be deducted at that moment.', 'The bike-sharing stations you see on campus are YouBike stations, and you can rent a bike using an EasyCard. The first time you use the service, you need to register and link your EasyCard to the YouBike system. After registration, you can simply press the']","To unlock a YouBike on the CCU campus, you need to use your EasyCard. After registering and linking your EasyCard to the YouBike system, you can press the panel on the bike’s handlebar and then tap your EasyCard to unlock it.",1.0,0.9301186687230324,0.9999999999666667,Qwen3_no_think
Can international students join student clubs at CCU?,"['Most student clubs on campus do not restrict membership by nationality. As long as you are a currently enrolled CCU student, clubs generally welcome international students to join.\n\nWhether a club focuses on academics, sports, music and performance, service, or cultural exchange, you are free to participate according to your interests.', 'Joining student clubs is a great way to make friends and better integrate into campus life.', 'National Chung Cheng University has a very diverse range of student clubs, which can broadly be categorized into academic, sports, recreational, social, service-oriented, artistic, and music-related clubs. International students are welcome to join based on their interests.\n\nAcademic clubs include groups such as the FinTech Club, AIESEC in CCU, the Innovation and Entrepreneurship Club, the CCU Cybersecurity Research Club, the Debate Club, and the Astronomy Club.']","International students can join student clubs at CCU. Most clubs do not restrict membership by nationality; enrollment as a CCU student is sufficient. Clubs cater to various interests including academics, sports, culture, and more. International students are welcome to participate based on their interests. The university offers diverse clubs such as FinTech Club, AIESEC, Debate Club, and others. Joining clubs helps integrate into campus life.",1.0,0.9715758295080715,0.9999999999666667,Qwen3_no_think
What types of student clubs can international students join at CCU?,"['National Chung Cheng University has a very diverse range of student clubs, which can broadly be categorized into academic, sports, recreational, social, service-oriented, artistic, and music-related clubs. International students are welcome to join based on their interests.\n\nAcademic clubs include groups such as the FinTech Club, AIESEC in CCU, the Innovation and Entrepreneurship Club, the CCU Cybersecurity Research Club, the Debate Club, and the Astronomy Club.', 'Most student clubs on campus do not restrict membership by nationality. As long as you are a currently enrolled CCU student, clubs generally welcome international students to join.\n\nWhether a club focuses on academics, sports, music and performance, service, or cultural exchange, you are free to participate according to your interests.', 'To view the complete and most up-to-date list of student clubs, you can visit the official website of the CCU Extracurricular Activities Section, which provides information on current clubs, their categories, contact details, and recruitment information.']","International students at CCU can join various student clubs categorized into academic, sports, recreational, social, service-oriented, artistic, and music-related groups. Academic clubs include the FinTech Club, AIESEC in CCU, the Innovation and Entrepreneurship Club, the CCU Cybersecurity Research Club, the Debate Club, and the Astronomy Club. Most clubs do not restrict membership by nationality; international students can join as long as they are enrolled. For more details, visit the official website of the CCU Extracurricular Activities Section.",1.0,0.9649339369228044,0.99999999995,Qwen3_no_think
What are some ways international students can meet Taiwanese students on campus?,"['Yes, participating in on-campus activities and student clubs is one of the best ways to meet Taiwanese students.\n\nMost on-campus activities and clubs are open to all students, allowing international students to naturally interact, collaborate, and communicate with Taiwanese students during activities.', 'Through club activities, lectures, workshops, or cultural exchange events, students have excellent opportunities to make new friends, practice Chinese, and gain a deeper understanding of Taiwanese campus culture and daily life.', 'The Office of International Affairs at National Chung Cheng University regularly organizes activities specifically designed for international students.\n\nThese activities include orientation events, cultural exchange programs, daily life briefings, and festival experiences, all of which help international students adapt more quickly to campus life and living in Taiwan.']","- Participate in on-campus activities and student clubs, which are open to all students and provide opportunities for interaction.
- Engage in club activities, lectures, workshops, or cultural exchange events to make friends and practice Chinese.
- Attend activities organized by the Office of International Affairs, such as orientation events, cultural exchange programs, daily life briefings, and festival experiences.",1.0,0.7245438178486939,0.9999999999666667,Qwen3_no_think
Does National Chung Cheng University provide on-campus dormitories?,"['On-campus dormitories at National Chung Cheng University only provide bed frames.\n\nStudents are required to prepare their own mattresses, blankets, pillows, and bed sheets.', 'At National Chung Cheng University, dormitory room types and facilities vary depending on student status.\n\nFor master’s students, dormitories in Buildings A to D are mainly double-occupancy non-suite rooms. Each room includes a sink, while bathrooms and toilets are shared. Basic furnishings include a bed, wardrobe, desk, chair, air conditioner, and an on-campus telephone. Internet service is available but requires a separate application and an additional network fee.', 'As long as you are a currently enrolled international student at National Chung Cheng University, including exchange students, visiting students, and degree-seeking students, you are generally eligible to apply for on-campus dormitories.\n\nActual dormitory assignment depends on room availability and the number of applicants in a given semester.']","Yes, National Chung Cheng University provides on-campus dormitories. On-campus dormitories only provide bed frames, and students must prepare their own mattresses, blankets, pillows, and bed sheets. Dormitory room types and facilities vary based on student status. Master’s students are assigned to double-occupancy non-suite rooms in Buildings A to D, which include a sink, shared bathrooms and toilets, and basic furnishings like a bed, wardrobe, desk, chair, air conditioner, and an on-campus telephone. Internet service is available but requires a separate application and additional fee. Eligibility for dormitory application applies to currently enrolled international students, including exchange and degree-seeking students. Room assignments depend on availability and the number of applicants.",1.0,0.9186890741698553,0.9999999999666667,Qwen3_no_think
What types of room facilities are available in CCU dormitories?,"['CCU dormitories provide a variety of shared living facilities to support daily life.\n\nSelf-service washing machines and dryers are available for laundry needs, and most dormitory buildings also include common rooms or shared spaces for resting, socializing, or studying.', 'beds, desks, chairs,  book shelf, closets, telephone. Internet access is  available in all dormitories.  3. You can apply for dormitory network in the  Computer Center; the fee is NT$1,000 per semester.    3.4 Public Facilities  Public Facilities for undergraduate, master, and PhD:  shared washing machines, RO drinking water system,  social lounge.    3.5 Dormitory Network  As soon as you settle down your accommodation which means you’ve got your room  number and bed number, you need to apply dormitory network in order to use the  internet (wired network) in the dorm.  For applying the dormitory network, please submit the document online:   https://www.dorm.ccu.edu.tw/student/login  For more information about dormitory network please refer  to: https://www.dorm.ccu.edu.tw/en or call the ext.14151      13    04        Registration Registration  4.1 University Registration    14   No Work Time Location  Required  Documents Note  1 Dorm  Check-in  Starting  from  Feb 20  Dormitory Passport   2  Dorm  Internet', 'CCU dormitories have basic access control and management rules in place to maintain safety and living quality.\n\nResidents typically enter and exit the dormitory by scanning their student ID card, and non-residents are not allowed to enter freely.\n\nDormitories also have staff on duty and regulations regarding the use of public areas, visitors, noise levels, and cleanliness.']","CCU dormitories offer shared living facilities including beds, desks, chairs, bookshelves, closets, and telephone. Internet access is available, with a NT$1,000 per semester fee. Self-service washing machines and dryers are provided, along with common rooms for socializing and studying. Public facilities include RO drinking water systems and social lounges. Access control via student ID cards is in place, and staff manage dormitory rules.",1.0,0.9535070781564183,0.99999999995,Qwen3_no_think
Can exchange students or visiting students apply for on-campus dormitories at CCU?,"['As long as you are a currently enrolled international student at National Chung Cheng University, including exchange students, visiting students, and degree-seeking students, you are generally eligible to apply for on-campus dormitories.\n\nActual dormitory assignment depends on room availability and the number of applicants in a given semester.', 'Expenses  around 54,000 (9,000 per month)  *Actual expenses depend on consumption habits of each person.  Currency Unit: NT (NT$28.89=US$1)           based on the rate on 2025/7/03      10                                03  Accommodation Accommodation    11     1. On-campus accommodation is guaranteed for international students. The first- year-students don’t need to apply; the CCU Office of International Affairs will  arrange it for you . However, your dormitory room will be assigned ; you are  unable to choose your own rooms or roommates.  2. Your dormitory room is not equipped with mattress, pillow, and quilt.  3. Besides the dormitory fee, each one of  you has to pay a residence deposit of  NT$1,600 and an electricity cha rge of NT$ 2,000, a total of NT$3, 600 (not  included in CCU scholarship). You will get an IC card saved with NT$1,000 to use  for the electricity cost of your room. If the amount of NT$1,000 runs out, you  should go to the Dormitory Service Center, with your card & money, to recharge', 'CCU dormitories have basic access control and management rules in place to maintain safety and living quality.\n\nResidents typically enter and exit the dormitory by scanning their student ID card, and non-residents are not allowed to enter freely.\n\nDormitories also have staff on duty and regulations regarding the use of public areas, visitors, noise levels, and cleanliness.']","Exchange students and visiting students can apply for on-campus dormitories at CCU. Eligibility is based on being an enrolled international student. Dormitory assignment depends on availability and the number of applicants. First-year students don't need to apply; the Office of International Affairs will arrange it. However, room and roommate assignments are not customizable. Dormitory fees are around NT$54,000 annually, with additional charges for deposit and electricity. Residents must use an IC card for electricity, with NT$1,000 initially provided.",1.0,0.956046032684673,0.99999999995,Qwen3_no_think
What is the typical room type in CCU master's dormitories?,"['In general, master’s dormitories are mostly double rooms with shared bathrooms, while PhD dormitories offer single, double, or triple suite-style rooms, with some room types including a private bathroom and kitchen.\n\nWhether a student can obtain a dormitory room and which room type is assigned depend on application timing and current availability.', 'CCU dormitories provide a variety of shared living facilities to support daily life.\n\nSelf-service washing machines and dryers are available for laundry needs, and most dormitory buildings also include common rooms or shared spaces for resting, socializing, or studying.', 'On-campus dormitory fees at CCU vary by building and room type, but overall they are generally affordable for students.\n\nFor master’s dormitories in Buildings A to D, which are double-occupancy non-suite rooms, the dormitory fee is about NT$7,210 per semester. In addition, there is a one-time deposit of NT$1,600, prepaid electricity of about NT$1,500 for the first semester and about NT$500 for the second semester, and a separate internet fee of NT$1,000 per semester.']","The typical room type in CCU master's dormitories is double rooms with shared bathrooms. These rooms are available in Buildings A to D. The dormitory fee is approximately NT$7,210 per semester, plus additional charges for electricity, internet, and a one-time deposit.",1.0,0.928378050155685,0.8333333332916666,Qwen3_no_think
What should you do if you feel mildly unwell late at night in your dorm?,"['If the discomfort is mild, such as a headache, stomach discomfort, or a low-grade fever, you can rest in your dorm, drink more water, and monitor your condition.\n\nIf symptoms worsen or you experience severe pain, a high fever, or difficulty breathing, it is recommended to go directly to a nearby hospital with emergency services.', 'Before leaving, you should tidy up your seat or space and turn off the power and lights.', 'These items are mainly provided for students who are temporarily injured, feeling unwell, or in need of short-term assistance while on campus. They help support basic care or assisted mobility when symptoms are mild.']","If you feel mildly unwell late at night in your dorm, rest in your dorm, drink more water, and monitor your condition. If symptoms worsen or you experience severe pain, a high fever, or difficulty breathing, go directly to a nearby hospital with emergency services. Before leaving, tidy up your seat or space and turn off the power and lights.",1.0,0.9999999999999994,0.9999999999,Qwen3_no_think
When should you go directly to a hospital instead of resting in your dorm?,"['If the discomfort is mild, such as a headache, stomach discomfort, or a low-grade fever, you can rest in your dorm, drink more water, and monitor your condition.\n\nIf symptoms worsen or you experience severe pain, a high fever, or difficulty breathing, it is recommended to go directly to a nearby hospital with emergency services.', 'In simple terms, clinics are more convenient for mild symptoms, while hospitals are more appropriate for serious conditions or cases that clinics cannot handle.', 'If you’re not in your dorm or at home, having packages delivered to a convenience store is one of the easiest options.']","If you experience severe pain, high fever, or difficulty breathing, go directly to a hospital. For mild discomfort like headaches or low-grade fever, rest in your dorm and monitor your condition. Clinics are suitable for mild symptoms, while hospitals are for serious conditions.",1.0,0.5898423714705853,0.99999999995,Qwen3_no_think
What is the emergency number you can call in Taiwan if you are unsure whether your condition is urgent?,"['If you are unsure whether the situation is urgent, you can ask a friend for help or call 119 for assistance. Medical personnel will provide guidance based on the situation.', 'fund  A personal fund of NT $60,000 (approximately US $2,000) for per semester  is suggested.    10  Clothes and other personal belongings/medication  The voltage in Taiwan is 110 V, and the plug please  refer to the sample photo.    11  Telephone  The country code for Taiwan is “886”. This code is needed when someone wants to  make a call to Taiwan from other countries. To make an international phone call from  Taiwan, you will need to dial “019” + country code + area code + local number. Please  apply for the cellular service at the airport.    Pre-departure Checklist  2.2 Estimated Fees and Expenses  (per semester)    8             Item Tuition Miscellaneous Fees Total  College of Engineering 34,833 20,457 55,290  College of Sciences & Department of  Psychology/Communications/Information  Management/Athletic Sports    34,200    20,085    54,285  College of Management  (Except for Department of Information  Management)    31,033    18,226    49,259  Other Colleges  (Except for Department of', 'fund  A personal fund of NT $60,000 (approximately US $2,000) for per semester  is suggested.    10  Clothes and other personal belongings/medication  The voltage in Taiwan is 110 V, and the plug please  refer to the sample photo.    11  Telephone  The country code for Taiwan is “886”. This code is needed when someone wants to  make a call to Taiwan from other countries. To make an international phone call from  Taiwan, you will need to dial “019” + country code + area code + local number. Please  apply for the cellular service at the airport.    Pre-departure Checklist  2.2 Estimated Fees and Expenses  (per semester)    8             Item Tuition Miscellaneous Fees Total  College of Engineering 34,833 20,457 55,290  College of Sciences & Department of  Psychology/Communications/Information  Management/Athletic Sports    34,200    20,085    54,285  College of Management  (Except for Department of Information  Management)    31,033    18,226    49,259  Other Colleges  (Except for Department of']","If you are unsure whether the situation is urgent, you can call 119 for assistance. Medical personnel will provide guidance based on the situation. You can also ask a friend for help.",1.0,0.7078569173915152,0.9999999999,Qwen3_no_think
What types of conditions are clinics best suited for?,"['Clinics are usually suitable for colds, skin problems, digestive discomfort, toothaches, and general outpatient needs. They typically offer faster procedures and shorter waiting times.\n\nHospitals have more comprehensive facilities and are more suitable for cases that require further examinations, specialist treatment, hospitalization, or emergency care.', 'In simple terms, clinics are more convenient for mild symptoms, while hospitals are more appropriate for serious conditions or cases that clinics cannot handle.', 'reach from campus. They are suitable for issues such as colds, skin problems, toothaches, and general outpatient needs.']","Clinics are best suited for mild conditions such as colds, skin problems, digestive discomfort, toothaches, and general outpatient needs. They offer faster procedures and shorter waiting times. Hospitals are more appropriate for serious conditions requiring further examinations, specialist treatment, hospitalization, or emergency care. Clinics are more convenient for mild symptoms, while hospitals handle more complex or severe cases.",1.0,0.8099974873305609,0.9999999999666667,Qwen3_no_think
What types of cases are hospitals more appropriate for than clinics?,"['In simple terms, clinics are more convenient for mild symptoms, while hospitals are more appropriate for serious conditions or cases that clinics cannot handle.', 'Clinics are usually suitable for colds, skin problems, digestive discomfort, toothaches, and general outpatient needs. They typically offer faster procedures and shorter waiting times.\n\nHospitals have more comprehensive facilities and are more suitable for cases that require further examinations, specialist treatment, hospitalization, or emergency care.', 'For large hospitals, outpatient visits usually require advance registration, especially for specialist clinics. It is recommended to complete registration online or on-site in advance to avoid an unnecessary trip.']","Hospitals are more appropriate for serious conditions, cases requiring further examinations, specialist treatment, hospitalization, or emergency care. They offer comprehensive facilities. Clinics handle mild symptoms like colds, skin issues, digestive discomfort, toothaches, and general outpatient needs. Hospitals typically require advance registration for outpatient visits, especially for specialist clinics.",1.0,0.7790053271030254,0.99999999995,Qwen3_no_think
What is the phone number for Da Mao Taxi Fleet near CCU?,"['If you need to call a taxi from outside campus or from somewhere other than THSR Chiayi Station, you can contact Da Mao Taxi Fleet at 05-2218577. This is the most commonly used taxi service around Minxiong and National Chung Cheng University, and they usually respond quickly.', 'Step 3: After arriving at Chiayi or Minxiong Station, you can reach CCU by:\n- From Chiayi Station: Taxi (around NT$500–600) or Bus 106 (around NT$47).\n- From Minxiong Station: Taxi, usually around NT$100–200.', '(Dalin)  No.2, Minsheng Rd., Dalin  Township, Chiayi County 622,  Taiwan  (05) 264-8000  (ext. 5920, 5921)  https://dalin.tzuchi- healthcare.org.tw/   Chiayi Christian  Hospital  No.539, Zhongxiao Rd., East  Dist, Chiayi City 600, Taiwan (05) 2764994 http://elearn2.cych.org.tw /1900/en/index.php  Chang Gung  Memorial Hospital  (Chiayi)  No.8, Sec. W., Jiapu Rd., Puzi  City, Chiayi County 613, Taiwan (05) 3621000 https://www.cgmh.org.tw/e ng/about/system  St. Martin De Porres  Hospital  No.565, Sec. 2, Daya Rd., East  Dist., Chiayi City 600, Taiwan (05) 2756555 https://www.stm.org.tw/s tm_en/  Huider Clinic  No. 281, Sec 1, University Road,  Minxiong Township, Chiayi  County 621, Taiwan  (05) 2721665 https://www.facebook.com /wedeclinic?locale=zh_TW CCU Campus Life    28        Eating-out  Besides enjoying your meals on campus restaurants, you also can find more  restaurants off the campus. For example, walking straight from the front gate of  CCU, you will find many restaurants, stands along two sides of']",The phone number for Da Mao Taxi Fleet near National Chung Cheng University is 05-2218577. This number is recommended for calling a taxi from outside campus or from locations other than THSR Chiayi Station.,1.0,0.85568672858026,0.9999999999,Qwen3_no_think
How is the taxi fare typically calculated when calling a taxi near CCU?,"['Method 1: Take a taxi (fastest and most convenient)\nStep 1: Go to the taxi boarding area at the station exit. There is a taxi queue right outside THSR Chiayi Station, and no reservation is needed.\nStep 2: Take a taxi directly to CCU. The ride usually costs around NT$600. This is the best option if you have large luggage or prefer a faster and more comfortable trip.', '- Taxi: Around NT$600. This is convenient if you have heavy luggage.\n- Bus 106: Around NT$113. Board at the bus stop outside the HSR station and get off at the CCU stop.', 'Step 3: After arriving at Chiayi or Minxiong Station, you can reach CCU by:\n- From Chiayi Station: Taxi (around NT$500–600) or Bus 106 (around NT$47).\n- From Minxiong Station: Taxi, usually around NT$100–200.']","Taxi fare near CCU is typically calculated as follows:

- Taking a taxi directly to CCU costs around NT$600.
- From Chiayi Station: Taxi to CCU is around NT$500–600, Bus 106 is around NT$47.
- From Minxiong Station: Taxi to CCU is around NT$100–200.",1.0,0.9776225350699971,0.9999999999666667,Qwen3_no_think
How long must an international student reside in Taiwan before becoming eligible for NHI?,"['Newly arrived international students or overseas Chinese students must have resided in Taiwan continuously for six months before becoming eligible to join NHI.\n\nThe six-month period is calculated from the date the residence permit is issued. During this period, you may leave Taiwan only once, and the total number of days abroad must not exceed 29 days in total.', 'the first 6 months, we help you get medical insurance at first that  can cover your medical procedures in Taiwan.    II. National Health Insurance (NHI)  It is necessary to apply National Health Insurance for staying in Taiwan. According to  Taiwan National Health Insurance Act, only students who have stayed for more than 6  months are qualified for NHI. For example, if the date of issue on your ARC is on Mar ch  10th, the nearest date you can apply is Sep. 10th.    Registration  4.5 Applying for Resident Visa and  Alien Resident Certificate (ARC)    20     You are required to possess a Resident VISA and an ARC in order to stay in Taiwan for  studying. If you have obtained a Resident VISA before coming to Taiwan, you only need  to apply for an ARC when you arrive at CCU. This will make things easier. If you did  not  apply for a Resident VISA before coming to Taiwan, it is necessary that you apply for a  Resident VISA on your own and then the ARC.    For international students, the Alien Resident Certificate', 'the first 6 months, we help you get medical insurance at first that  can cover your medical procedures in Taiwan.    II. National Health Insurance (NHI)  It is necessary to apply National Health Insurance for staying in Taiwan. According to  Taiwan National Health Insurance Act, only students who have stayed for more than 6  months are qualified for NHI. For example, if the date of issue on your ARC is on Mar ch  10th, the nearest date you can apply is Sep. 10th.    Registration  4.5 Applying for Resident Visa and  Alien Resident Certificate (ARC)    20     You are required to possess a Resident VISA and an ARC in order to stay in Taiwan for  studying. If you have obtained a Resident VISA before coming to Taiwan, you only need  to apply for an ARC when you arrive at CCU. This will make things easier. If you did  not  apply for a Resident VISA before coming to Taiwan, it is necessary that you apply for a  Resident VISA on your own and then the ARC.    For international students, the Alien Resident Certificate']","International students must reside in Taiwan continuously for six months before becoming eligible for NHI. The six-month period starts from the date the residence permit (ARC) is issued. During this time, you may leave Taiwan once, but the total days abroad must not exceed 29 days.",1.0,0.9424836169668263,0.9999999999666667,Qwen3_no_think
How is the six-month residency period for NHI eligibility calculated?,"['Newly arrived international students or overseas Chinese students must have resided in Taiwan continuously for six months before becoming eligible to join NHI.\n\nThe six-month period is calculated from the date the residence permit is issued. During this period, you may leave Taiwan only once, and the total number of days abroad must not exceed 29 days in total.', 'don’t have NHI card) /  (826*6 months, for new students who have NHI card already)  Rent   a    room  On-campus  Accommodation Fee : 7,530  (Deposit 1,600 & Electricity Fees  2,000 per semester)  Accommodation Fee :  7,210 / 10,130  (Including Winter Vacation 1,100  / Summer Vacation 2,900 in the  payment sheet per semester)  (Deposit 1,600 & Electricity  Fees 2,000 per semester)  Winter Vacation : 1,130  (Deposit 600 & Electricity Fees 500)  Summer Vacation : 3,000  (Deposit 1,000 & Electricity Fees 1,000)  Network connection fees: 1,000  (per semester for on-campus dormitory)  300  (Fees for living in the dormitory during the Chinese New Year period)  Off-campus 21,000 ~ 33,000 (3,500 ~ 5,500 per month)  Computer lab fee  Bachelor 1,155 / Master 460 per semester  only pay for it in the first year (two semesters)  Living Expenses  around 54,000 (9,000 per month)  *Actual expenses depend on consumption habits of each person.  Currency Unit: NT (NT$28.89=US$1)           based on the rate on 2025/7/03      10', 'the first 6 months, we help you get medical insurance at first that  can cover your medical procedures in Taiwan.    II. National Health Insurance (NHI)  It is necessary to apply National Health Insurance for staying in Taiwan. According to  Taiwan National Health Insurance Act, only students who have stayed for more than 6  months are qualified for NHI. For example, if the date of issue on your ARC is on Mar ch  10th, the nearest date you can apply is Sep. 10th.    Registration  4.5 Applying for Resident Visa and  Alien Resident Certificate (ARC)    20     You are required to possess a Resident VISA and an ARC in order to stay in Taiwan for  studying. If you have obtained a Resident VISA before coming to Taiwan, you only need  to apply for an ARC when you arrive at CCU. This will make things easier. If you did  not  apply for a Resident VISA before coming to Taiwan, it is necessary that you apply for a  Resident VISA on your own and then the ARC.    For international students, the Alien Resident Certificate']","The six-month residency period for NHI eligibility is calculated from the date your residence permit (ARC) is issued. You may leave Taiwan once, but the total days abroad must not exceed 29 days. You can apply for NHI after completing six continuous months of residency.",1.0,0.840136033572128,0.8333333332916666,Qwen3_no_think
How many days can an international student spend abroad during the six-month NHI waiting period?,"['Newly arrived international students or overseas Chinese students must have resided in Taiwan continuously for six months before becoming eligible to join NHI.\n\nThe six-month period is calculated from the date the residence permit is issued. During this period, you may leave Taiwan only once, and the total number of days abroad must not exceed 29 days in total.', 'the first 6 months, we help you get medical insurance at first that  can cover your medical procedures in Taiwan.    II. National Health Insurance (NHI)  It is necessary to apply National Health Insurance for staying in Taiwan. According to  Taiwan National Health Insurance Act, only students who have stayed for more than 6  months are qualified for NHI. For example, if the date of issue on your ARC is on Mar ch  10th, the nearest date you can apply is Sep. 10th.    Registration  4.5 Applying for Resident Visa and  Alien Resident Certificate (ARC)    20     You are required to possess a Resident VISA and an ARC in order to stay in Taiwan for  studying. If you have obtained a Resident VISA before coming to Taiwan, you only need  to apply for an ARC when you arrive at CCU. This will make things easier. If you did  not  apply for a Resident VISA before coming to Taiwan, it is necessary that you apply for a  Resident VISA on your own and then the ARC.    For international students, the Alien Resident Certificate', 'the first 6 months, we help you get medical insurance at first that  can cover your medical procedures in Taiwan.    II. National Health Insurance (NHI)  It is necessary to apply National Health Insurance for staying in Taiwan. According to  Taiwan National Health Insurance Act, only students who have stayed for more than 6  months are qualified for NHI. For example, if the date of issue on your ARC is on Mar ch  10th, the nearest date you can apply is Sep. 10th.    Registration  4.5 Applying for Resident Visa and  Alien Resident Certificate (ARC)    20     You are required to possess a Resident VISA and an ARC in order to stay in Taiwan for  studying. If you have obtained a Resident VISA before coming to Taiwan, you only need  to apply for an ARC when you arrive at CCU. This will make things easier. If you did  not  apply for a Resident VISA before coming to Taiwan, it is necessary that you apply for a  Resident VISA on your own and then the ARC.    For international students, the Alien Resident Certificate']","During the six-month NHI waiting period, an international student can spend a maximum of 29 days abroad. This is calculated from the date the residence permit (ARC) is issued. You may leave Taiwan only once during this period, and the total days abroad must not exceed 29 days.",0.75,0.8191100208784751,0.9999999999,Qwen3_no_think
When might an international student need to enroll in NHI on their own instead of through the university?,"['If you are not enrolled through the university, you may choose to enroll in NHI on your own.\n\nIn this case, you must apply at the district office of your place of residence or an NHI branch office. After receiving the payment notice, you are required to pay the monthly premium yourself.', 'Newly arrived international students or overseas Chinese students must have resided in Taiwan continuously for six months before becoming eligible to join NHI.\n\nThe six-month period is calculated from the date the residence permit is issued. During this period, you may leave Taiwan only once, and the total number of days abroad must not exceed 29 days in total.', 'Self-enrollment usually occurs when the school has not yet processed NHI enrollment or when you have left the school but remain in Taiwan.']","International students may need to enroll in NHI on their own if the school hasn't processed NHI enrollment or if they have left the school but remain in Taiwan. They must apply at the district office of their residence or an NHI branch office. After receiving the payment notice, they pay the monthly premium themselves. Newly arrived students or overseas Chinese students need to reside continuously in Taiwan for six months (from the date of residence permit issuance) before joining NHI, with no more than 29 days abroad.",1.0,0.7603247857882987,0.9999999999666667,Qwen3_no_think
How many days before a Visitor Visa expires should an international student apply for an ARC?,"['International students must apply for an ARC 15 to 30 days before their Visitor Visa expires. This time window is very important. If you apply after the visa has expired, it may affect your residency status and could even require you to leave Taiwan and reapply.', 'VISA before coming to Taiwan, it is necessary that you apply for a  Resident VISA on your own and then the ARC.    For international students, the Alien Resident Certificate (ARC) serves as their temporary  ID card which can prove their resident status in Taiwan. Please remember to apply for the  Alien Resident Certificate at the local office of Ministry of Interior National Immigration  Agency on the next day upon arrival or within 30 days of the issue of your resident visa.  International students must apply for ARC extension within three months before the  expiration date. If the ARC expires during the summer vacation (from July to September),  students are allowed to apply for extension from the 1st of April. For over -staying  foreigners who did not apply for ARC extension, their residence will be ceased by the  authorized agency, and they may be expelled from Taiwan.    I. Required documents for applying Resident  Visa  1. A signed application form  2. The original and photocopy of your passport  3.', 'apply for a Resident VISA before coming to Taiwan, it is necessary that you apply for a  Resident VISA on your own and then the ARC.    For international students, the Alien Resident Certificate (ARC) serves as their temporary  ID card which can prove their resident status in Taiwan. Please remember to apply for the  Alien Resident Certificate at the local office of Ministry of Interior National Immigration  Agency on the next day upon arrival or within 30 days of the issue of your resident visa.  International students must apply for ARC extension within three months before the  expiration date. If the ARC expires during the summer vacation (from July to September),  students are allowed to apply for extension from the 1st of April. For over -staying  foreigners who did not apply for ARC extension, their residence will be ceased by the  authorized agency, and they may be expelled from Taiwan.    I. Required documents for applying Resident  Visa  1. A signed application form  2. The original and photocopy']",International students must apply for an ARC 15 to 30 days before their Visitor Visa expires. Applying after the visa has expired may affect residency status and could require leaving Taiwan to reapply.,1.0,0.8866817354832074,0.9999999999,Qwen3_no_think
Are TEEP program interns eligible to convert their Visitor Visa to an ARC?,"['Please note that interns under the TEEP program are not eligible to apply for an ARC. Even if they are in Taiwan for short-term research or exchange, they cannot obtain an ARC through this pathway.', 'Any international student who has been formally admitted to and is enrolled in a university or college approved by Taiwan’s Ministry of Education to admit international students is eligible to apply for converting a Visitor Visa to an ARC. National Chung Cheng University is an MOE-approved institution, so international students who are officially enrolled are generally eligible to', 'VISA before coming to Taiwan, it is necessary that you apply for a  Resident VISA on your own and then the ARC.    For international students, the Alien Resident Certificate (ARC) serves as their temporary  ID card which can prove their resident status in Taiwan. Please remember to apply for the  Alien Resident Certificate at the local office of Ministry of Interior National Immigration  Agency on the next day upon arrival or within 30 days of the issue of your resident visa.  International students must apply for ARC extension within three months before the  expiration date. If the ARC expires during the summer vacation (from July to September),  students are allowed to apply for extension from the 1st of April. For over -staying  foreigners who did not apply for ARC extension, their residence will be ceased by the  authorized agency, and they may be expelled from Taiwan.    I. Required documents for applying Resident  Visa  1. A signed application form  2. The original and photocopy of your passport  3.']","Interns under the TEEP program are not eligible to apply for an ARC. Even if they are in Taiwan for short-term research or exchange, they cannot obtain an ARC through this pathway. International students enrolled in MOE-approved universities like CCU can apply for ARC conversion from Visitor Visa, but TEEP interns are excluded.",1.0,0.8798047425978153,0.9999999999,Qwen3_no_think
Can international students open a bank account in Taiwan?,"['Opening a bank account in Taiwan is not legally mandatory. However, international students who plan to stay in Taiwan for a longer period are usually advised to open one.', 'As long as you hold a valid Alien Resident Certificate (ARC), international students can open a bank account in Taiwan.', 'Based on practical experience, Taiwan’s post offices and some large commercial banks are relatively familiar with international students, and their account opening processes are usually smoother.']","International students can open a bank account in Taiwan if they hold a valid Alien Resident Certificate (ARC). Opening a bank account is not legally mandatory, but it is recommended for those staying longer. Post offices and some commercial banks are familiar with international students, making the process smoother.",1.0,0.9518543878914357,0.9999999999666667,Qwen3_no_think
Is it legally mandatory for international students to open a Taiwanese bank account?,"['Opening a bank account in Taiwan is not legally mandatory. However, international students who plan to stay in Taiwan for a longer period are usually advised to open one.', 'As long as you hold a valid Alien Resident Certificate (ARC), international students can open a bank account in Taiwan.', 'Based on practical experience, Taiwan’s post offices and some large commercial banks are relatively familiar with international students, and their account opening processes are usually smoother.']","It is not legally mandatory for international students to open a Taiwanese bank account. However, it is generally advised for those staying longer. With a valid Alien Resident Certificate (ARC), international students can open a bank account. Practical experience shows that Taiwan’s post offices and some large commercial banks are familiar with international students, making the process smoother.",1.0,0.9884893445790119,0.9999999999666667,Qwen3_no_think
Do all banks in Taiwan allow international students to open an account with a signature instead of a personal seal?,"['Traditionally, Taiwanese banks often used personal seals when opening accounts, but some banks now allow account opening with a signature only.', 'Opening a bank account in Taiwan is not legally mandatory. However, international students who plan to stay in Taiwan for a longer period are usually advised to open one.', 'As long as you hold a valid Alien Resident Certificate (ARC), international students can open a bank account in Taiwan.']","Some banks in Taiwan allow international students to open an account with a signature instead of a personal seal. Traditionally, personal seals were used, but this is changing. Opening a bank account is not legally mandatory, but it is recommended for longer stays. With a valid Alien Resident Certificate (ARC), international students can open a bank account.",0.8333333333333334,0.8563953389387047,0.9999999999,Qwen3_no_think
Can international students borrow books from the CCU Library?,"['As long as you are a currently enrolled student at National Chung Cheng University, you can use your student ID to borrow books from the CCU Library, regardless of whether you are an international student.', 'Students may borrow home-use audiovisual materials from the CCU Library, with a maximum of 4 items at a time. The loan period for these materials is 7 days.\n\nIf audiovisual materials are needed for student clubs or events and are approved by the relevant units, public-performance versions may also be borrowed according to library regulations.', 'International students have the same borrowing privileges as local students and do not need to apply separately to borrow books or use library resources.']","Yes, international students can borrow books from the CCU Library. As long as you are a currently enrolled student, you can use your student ID to borrow books, regardless of your nationality. You may borrow up to 4 home-use audiovisual materials at a time, with a 7-day loan period. For club or event use, public-performance versions may be borrowed upon approval. International students have the same borrowing privileges as local students and do not need to apply separately.",1.0,0.9707004725300701,0.8333333332916666,Qwen3_no_think
What are the opening hours for self-study rooms on weekday evenings during the semester?,"['During the semester, self-study rooms are open from Monday to Thursday between 9:00 p.m. and 1:00 a.m., and from Friday at 9:00 p.m. continuously until Monday at 9:00 a.m.', 'One week before midterm and final exams, as well as during exam weeks, the self-study rooms are open 24 hours.\n\nDuring winter and summer breaks, opening hours are adjusted flexibly according to library announcements.', 'The CCU Library provides self-study rooms, research carrels, and discussion rooms to meet different student needs.\n\nSelf-study rooms are designed for quiet study. Students may enter by scanning their student ID during opening hours and select seats through the system.']","During the semester, self-study rooms are open from Monday to Thursday between 9:00 p.m. and 1:00 a.m., and from Friday at 9:00 p.m. until Monday at 9:00 a.m. They are open 24 hours one week before midterm and final exams, and during exam weeks. Opening hours are adjusted during winter and summer breaks.",1.0,0.907623559427719,0.9999999999,Qwen3_no_think
When are the self-study rooms open 24 hours at CCU?,"['During the semester, self-study rooms are open from Monday to Thursday between 9:00 p.m. and 1:00 a.m., and from Friday at 9:00 p.m. continuously until Monday at 9:00 a.m.', 'One week before midterm and final exams, as well as during exam weeks, the self-study rooms are open 24 hours.\n\nDuring winter and summer breaks, opening hours are adjusted flexibly according to library announcements.', ""may cause crawling insects, and destroy  environmental  cleanliness; improper use of cell phone may affect the rights of others.  ⚫ Violator of these regulations is subject to mark down of points, and may  lose the borrowing privilege, access to audio -visual center, and access  to library facilities!   CCU Campus Life    32      The layout of each floor is as follows:  https://lib.ccu.edu.tw/p/426-1011-57.php?Lang=zh-tw    Basement Study room (open for 24 hours during the midterm and finals  weeks)  1st floor  Audio-Visual Center, Cafeteria, Offices of Acquisition and  Cataloging Division, Audio -Visual Resources Division, Center  of language study, Center of cultural events  2nd floor  General Information Desk, Reference Desk, Circulation Desk,  Database Research Area, Reference Materials, Microform  Materials, Current Journals, Photocopy Room, Office of  Reader's Services Division  3rd floor Newspapers Reading Area, Bound Western Journals, Art  Exhibition Hall, Study Carrels  4th floor Bound East-Asian""]","The self-study rooms at CCU are open 24 hours during the week before midterm and final exams and during exam weeks. They are not open 24 hours during regular semesters. During winter and summer breaks, the opening hours are adjusted based on library announcements.",1.0,0.945756131278564,0.5833333333041666,Qwen3_no_think
Are self-study rooms open during winter and summer breaks?,"['One week before midterm and final exams, as well as during exam weeks, the self-study rooms are open 24 hours.\n\nDuring winter and summer breaks, opening hours are adjusted flexibly according to library announcements.', 'During the semester, self-study rooms are open from Monday to Thursday between 9:00 p.m. and 1:00 a.m., and from Friday at 9:00 p.m. continuously until Monday at 9:00 a.m.', 'The CCU Library provides self-study rooms, research carrels, and discussion rooms to meet different student needs.\n\nSelf-study rooms are designed for quiet study. Students may enter by scanning their student ID during opening hours and select seats through the system.']","During winter and summer breaks, the self-study rooms at CCU Library have adjusted opening hours based on library announcements. The specific times are not detailed in the provided information. For precise schedules, please check the library's announcements.",1.0,0.0,0.9999999999,Qwen3_no_think
"Is eating or drinking allowed in self-study rooms, discussion rooms, or research carrels?","['The CCU Library provides self-study rooms, research carrels, and discussion rooms to meet different student needs.\n\nSelf-study rooms are designed for quiet study. Students may enter by scanning their student ID during opening hours and select seats through the system.', 'Discussion rooms are suitable for group discussions or presentation practice. Use of these rooms requires borrowing a key from the service counter and is subject to limits on the number of users and usage time.\n\nResearch carrels are intended for individual research use and require eligibility and application through the library.', 'Research carrels are for individual use only.\n\nSharing the space with others, transferring usage rights, or lending the key to another person is not allowed.']","The Retrieved Context does not specify whether eating or drinking is allowed in self-study rooms, discussion rooms, or research carrels. It only describes the purpose and usage rules of these spaces. Therefore, I am not sure about it. Maybe you could turn to OIA for help.",0.6,0.0,0.0,Qwen3_no_think
What happens if a student violates the food and drink policy in CCU library spaces?,"['Eating, drinking, smoking, or any behavior that may disturb others is prohibited in these spaces.\n\nViolators may have their usage privileges suspended according to library regulations.', 'the books you borrow are  reserved by others.  4. To protect your privilege, you are recommended to check your borrowing  status every 10 days at the following site   ( https://lib.ccu.edu.tw/ ).  5. Method: Library Home Page & Select「My Account/Renew」.  (https://idm.lib.ccu.edu.tw/sso/idm/saml2/login/?next=/saml2/idp/logi n /process/).  6. Use email for receiving library announcement  ⚫ To protect the environment, it is preferred to reduce the paper used by  announcements.  ⚫ School library does not have record of your email address. You will have  to register yourself.  ⚫ Method: Log in school website → Select「個人借閱查詢」→ Login  → Select「修改住址/E-mail」.  7. Food and beverage are not allowed in the library.  8. Please turn your cell phone to vibration mode in the library  ⚫ Food residuals may cause crawling insects, and destroy  environmental  cleanliness; improper use of cell phone may affect the rights of others.  ⚫ Violator of these regulations is subject to mark down of points, and may  lose the borrowing', ""may cause crawling insects, and destroy  environmental  cleanliness; improper use of cell phone may affect the rights of others.  ⚫ Violator of these regulations is subject to mark down of points, and may  lose the borrowing privilege, access to audio -visual center, and access  to library facilities!   CCU Campus Life    32      The layout of each floor is as follows:  https://lib.ccu.edu.tw/p/426-1011-57.php?Lang=zh-tw    Basement Study room (open for 24 hours during the midterm and finals  weeks)  1st floor  Audio-Visual Center, Cafeteria, Offices of Acquisition and  Cataloging Division, Audio -Visual Resources Division, Center  of language study, Center of cultural events  2nd floor  General Information Desk, Reference Desk, Circulation Desk,  Database Research Area, Reference Materials, Microform  Materials, Current Journals, Photocopy Room, Office of  Reader's Services Division  3rd floor Newspapers Reading Area, Bound Western Journals, Art  Exhibition Hall, Study Carrels  4th floor Bound East-Asian""]","If a student violates the food and drink policy in CCU library spaces, they may have their borrowing privileges suspended according to library regulations. Violators are subject to point deductions and may lose access to library facilities, including the audio-visual center. The policy prohibits eating, drinking, smoking, or any behavior that disturbs others. Food residuals can attract insects and affect cleanliness. Improper cell phone use is also restricted.",1.0,0.9873216057386665,0.5833333333041666,Qwen3_no_think
How long after your reserved time do you have to check in for a discussion room at the CCU Library?,"['After making a reservation for a discussion room, you must check in and pick up the key at the service counter within 15 minutes of the reserved time.', 'To borrow a discussion room, you must present your student ID at the service counter to borrow the room key.\n\nEach session allows up to four hours of use. If there is no subsequent reservation, you may renew the usage according to library regulations.', 'The CCU Library provides self-study rooms, research carrels, and discussion rooms to meet different student needs.\n\nSelf-study rooms are designed for quiet study. Students may enter by scanning their student ID during opening hours and select seats through the system.']",You must check in and pick up the key within 15 minutes of the reserved time.,1.0,0.6539420398040956,0.9999999999,Qwen3_no_think
What happens to your discussion room reservation if you are more than 15 minutes late?,"['After making a reservation for a discussion room, you must check in and pick up the key at the service counter within 15 minutes of the reserved time.', 'If you fail to do so within the required time, the reservation will be considered forfeited, and the library will release the room for use by other students.', 'Please note that if you repeatedly fail to collect reserved items within the holding period, your reservation privileges may be temporarily suspended. Be sure to pay attention to notifications after placing a reservation.']","If you are more than 15 minutes late, your discussion room reservation will be considered forfeited. The library will release the room for other students. Repeated failures may result in temporary suspension of your reservation privileges. Please check notifications after placing a reservation.",1.0,0.9147747641291515,0.99999999995,Qwen3_no_think
What can you do if the book you want to borrow is already checked out by another student?,"['the books you borrow are  reserved by others.  4. To protect your privilege, you are recommended to check your borrowing  status every 10 days at the following site   ( https://lib.ccu.edu.tw/ ).  5. Method: Library Home Page & Select「My Account/Renew」.  (https://idm.lib.ccu.edu.tw/sso/idm/saml2/login/?next=/saml2/idp/logi n /process/).  6. Use email for receiving library announcement  ⚫ To protect the environment, it is preferred to reduce the paper used by  announcements.  ⚫ School library does not have record of your email address. You will have  to register yourself.  ⚫ Method: Log in school website → Select「個人借閱查詢」→ Login  → Select「修改住址/E-mail」.  7. Food and beverage are not allowed in the library.  8. Please turn your cell phone to vibration mode in the library  ⚫ Food residuals may cause crawling insects, and destroy  environmental  cleanliness; improper use of cell phone may affect the rights of others.  ⚫ Violator of these regulations is subject to mark down of points, and may  lose the borrowing', 'If there are no reservations by other users, students may renew borrowed books online before the due date.', 'Compensation is usually handled by purchasing a replacement copy or following the library’s established compensation standards.\n\nBorrowing privileges will be suspended until the compensation process is fully completed.']","If the book you want to borrow is already checked out by another student, you can check your borrowing status every 10 days via the library's website. If there are no reservations by others, you may renew borrowed books online before the due date. If the book is reserved, you can wait until it is available or check if you can request a replacement copy or follow the library’s compensation standards. Borrowing privileges will be suspended until the compensation process is completed.",0.3333333333333333,0.9920107725301036,0.0,Qwen3_no_think
How many days does the library hold a reserved book after it is returned?,"['You can use the library’s reservation service when a book is currently checked out.\n\nAfter you place a reservation and the item is returned, the library will notify you and hold the book for 7 days for you to pick up.', 'If no other user has reserved the materials, the usage time may be extended according to library regulations.', 'Materials such as reference books, journals, newspapers, course reserves designated by professors, and special collections like maps or microforms are generally for in-library use only.\n\nFor course reserve books, students may register at the service counter with their student ID and borrow up to 4 items for 2 hours of in-library use.']",The library holds a reserved book for 7 days after it is returned for you to pick up.,1.0,0.9759737283161196,0.9999999999,Qwen3_no_think
What may happen if you repeatedly fail to collect reserved items on time?,"['Please note that if you repeatedly fail to collect reserved items within the holding period, your reservation privileges may be temporarily suspended. Be sure to pay attention to notifications after placing a reservation.', 'If you fail to do so within the required time, the reservation will be considered forfeited, and the library will release the room for use by other students.', 'If no other user has reserved the materials, the usage time may be extended according to library regulations.']","If you repeatedly fail to collect reserved items on time, your reservation privileges may be temporarily suspended. The reservation will be considered forfeited, and the library will release the room for other students. If no other user has reserved the materials, the usage time may be extended according to library regulations.",1.0,0.8636161599706592,0.9999999999666667,Qwen3_no_think
What is the overdue fine for a regular book at the CCU Library?,"['If items are returned late, the library will charge overdue fines.\n\nFor regular books, the overdue fine is NT$5 per item per day. For audiovisual materials, the fine is NT$20 per item per day.\n\nThe maximum fine per item is NT$1,000. However, the total amount may accumulate if multiple items are overdue.', 'Before completing graduation or departure procedures, students must return all borrowed library materials and pay any overdue fines or compensation fees.\n\nIf these requirements are not fulfilled, the graduation or departure process cannot be completed.', 'Students may borrow home-use audiovisual materials from the CCU Library, with a maximum of 4 items at a time. The loan period for these materials is 7 days.\n\nIf audiovisual materials are needed for student clubs or events and are approved by the relevant units, public-performance versions may also be borrowed according to library regulations.']","The overdue fine for a regular book at the CCU Library is NT$5 per item per day. The maximum fine per item is NT$1,000.",1.0,0.948394470172646,0.9999999999,Qwen3_no_think
What is the overdue fine per day for audiovisual materials at the CCU Library?,"['If items are returned late, the library will charge overdue fines.\n\nFor regular books, the overdue fine is NT$5 per item per day. For audiovisual materials, the fine is NT$20 per item per day.\n\nThe maximum fine per item is NT$1,000. However, the total amount may accumulate if multiple items are overdue.', 'Students may borrow home-use audiovisual materials from the CCU Library, with a maximum of 4 items at a time. The loan period for these materials is 7 days.\n\nIf audiovisual materials are needed for student clubs or events and are approved by the relevant units, public-performance versions may also be borrowed according to library regulations.', ""may cause crawling insects, and destroy  environmental  cleanliness; improper use of cell phone may affect the rights of others.  ⚫ Violator of these regulations is subject to mark down of points, and may  lose the borrowing privilege, access to audio -visual center, and access  to library facilities!   CCU Campus Life    32      The layout of each floor is as follows:  https://lib.ccu.edu.tw/p/426-1011-57.php?Lang=zh-tw    Basement Study room (open for 24 hours during the midterm and finals  weeks)  1st floor  Audio-Visual Center, Cafeteria, Offices of Acquisition and  Cataloging Division, Audio -Visual Resources Division, Center  of language study, Center of cultural events  2nd floor  General Information Desk, Reference Desk, Circulation Desk,  Database Research Area, Reference Materials, Microform  Materials, Current Journals, Photocopy Room, Office of  Reader's Services Division  3rd floor Newspapers Reading Area, Bound Western Journals, Art  Exhibition Hall, Study Carrels  4th floor Bound East-Asian""]","The overdue fine for audiovisual materials at the CCU Library is NT$20 per item per day. The maximum fine per item is NT$1,000. The total fine may accumulate if multiple items are overdue.",1.0,0.9437112339250421,0.9999999999,Qwen3_no_think
What is the maximum overdue fine per item at the CCU Library?,"['If items are returned late, the library will charge overdue fines.\n\nFor regular books, the overdue fine is NT$5 per item per day. For audiovisual materials, the fine is NT$20 per item per day.\n\nThe maximum fine per item is NT$1,000. However, the total amount may accumulate if multiple items are overdue.', 'Students may borrow home-use audiovisual materials from the CCU Library, with a maximum of 4 items at a time. The loan period for these materials is 7 days.\n\nIf audiovisual materials are needed for student clubs or events and are approved by the relevant units, public-performance versions may also be borrowed according to library regulations.', ""may cause crawling insects, and destroy  environmental  cleanliness; improper use of cell phone may affect the rights of others.  ⚫ Violator of these regulations is subject to mark down of points, and may  lose the borrowing privilege, access to audio -visual center, and access  to library facilities!   CCU Campus Life    32      The layout of each floor is as follows:  https://lib.ccu.edu.tw/p/426-1011-57.php?Lang=zh-tw    Basement Study room (open for 24 hours during the midterm and finals  weeks)  1st floor  Audio-Visual Center, Cafeteria, Offices of Acquisition and  Cataloging Division, Audio -Visual Resources Division, Center  of language study, Center of cultural events  2nd floor  General Information Desk, Reference Desk, Circulation Desk,  Database Research Area, Reference Materials, Microform  Materials, Current Journals, Photocopy Room, Office of  Reader's Services Division  3rd floor Newspapers Reading Area, Bound Western Journals, Art  Exhibition Hall, Study Carrels  4th floor Bound East-Asian""]","The maximum overdue fine per item at the CCU Library is NT$1,000. This applies to both regular books and audiovisual materials. The fine is calculated at NT$5 per day for regular books and NT$20 per day for audiovisual materials. However, the total fine for each item is capped at NT$1,000.",1.0,0.9671929464943533,0.9999999999,Qwen3_no_think
What happens to your borrowing privileges if you have overdue items or unpaid fines?,"['If you have overdue items or unpaid fines, your borrowing privileges will be temporarily suspended until the issue is resolved.', 'As long as all borrowed items are returned by the specified deadlines, no overdue fees will be charged.', 'If items are returned late, the library will charge overdue fines.\n\nFor regular books, the overdue fine is NT$5 per item per day. For audiovisual materials, the fine is NT$20 per item per day.\n\nThe maximum fine per item is NT$1,000. However, the total amount may accumulate if multiple items are overdue.']","If you have overdue items or unpaid fines, your borrowing privileges will be temporarily suspended until the issue is resolved. Overdue fees are charged if items are returned late. For regular books, the fine is NT$5 per item per day; for audiovisual materials, it is NT$20 per item per day. The maximum fine per item is NT$1,000, but total fines may accumulate if multiple items are overdue.",1.0,0.7823074561418197,0.9999999999,Qwen3_no_think
What should you do if you accidentally lose or damage a library book?,"['If library books or equipment are lost, stained, or damaged, students are required to provide compensation according to library regulations.', 'the books you borrow are  reserved by others.  4. To protect your privilege, you are recommended to check your borrowing  status every 10 days at the following site   ( https://lib.ccu.edu.tw/ ).  5. Method: Library Home Page & Select「My Account/Renew」.  (https://idm.lib.ccu.edu.tw/sso/idm/saml2/login/?next=/saml2/idp/logi n /process/).  6. Use email for receiving library announcement  ⚫ To protect the environment, it is preferred to reduce the paper used by  announcements.  ⚫ School library does not have record of your email address. You will have  to register yourself.  ⚫ Method: Log in school website → Select「個人借閱查詢」→ Login  → Select「修改住址/E-mail」.  7. Food and beverage are not allowed in the library.  8. Please turn your cell phone to vibration mode in the library  ⚫ Food residuals may cause crawling insects, and destroy  environmental  cleanliness; improper use of cell phone may affect the rights of others.  ⚫ Violator of these regulations is subject to mark down of points, and may  lose the borrowing', 'If you borrowed a key, remember to return it to the service counter. Please also take all personal belongings with you, as the library is not responsible for safekeeping.']","If you accidentally lose or damage a library book, you are required to provide compensation according to library regulations. Ensure to check your borrowing status every 10 days via the library's website to avoid issues. If you borrowed a key, return it to the service counter. The library is not responsible for personal belongings, so take them with you. Violations may result in point deductions or loss of borrowing privileges.",1.0,0.9083026664906813,0.9999999999,Qwen3_no_think
How much is the monthly NHI premium for international students?,"['The current NHI premium for international students is NT$826 per month.\n\nThe school will include the premium in your semester tuition and fees bill, which you pay during registration.\n\nFor the first semester, premiums are charged from September to February of the following year. For the second semester, premiums are charged from March to August.', 'don’t have NHI card) /  (826*6 months, for new students who have NHI card already)  Rent   a    room  On-campus  Accommodation Fee : 7,530  (Deposit 1,600 & Electricity Fees  2,000 per semester)  Accommodation Fee :  7,210 / 10,130  (Including Winter Vacation 1,100  / Summer Vacation 2,900 in the  payment sheet per semester)  (Deposit 1,600 & Electricity  Fees 2,000 per semester)  Winter Vacation : 1,130  (Deposit 600 & Electricity Fees 500)  Summer Vacation : 3,000  (Deposit 1,000 & Electricity Fees 1,000)  Network connection fees: 1,000  (per semester for on-campus dormitory)  300  (Fees for living in the dormitory during the Chinese New Year period)  Off-campus 21,000 ~ 33,000 (3,500 ~ 5,500 per month)  Computer lab fee  Bachelor 1,155 / Master 460 per semester  only pay for it in the first year (two semesters)  Living Expenses  around 54,000 (9,000 per month)  *Actual expenses depend on consumption habits of each person.  Currency Unit: NT (NT$28.89=US$1)           based on the rate on 2025/7/03      10', '(Except for Department of  Psychology/Communications/Information  Management/Athletic Sports)      30,400      17,854      48,254  For undergraduate students who delay their study period or graduate students who enroll  from the 5th  to the last semesters, they shall pay the miscellaneous fees 20,106 and the credit  fees (3,015 per credit) with no more than 9 credits; if they take 10 credits and more then  they  shall pay for the total tuition and miscellaneous fees.    Currency Unit: NT (NT$28.89=US$1)  based on the rate on 2025/7/03          Pre-departure Checklist  2.2 Estimated Fees and Expenses  (per semester)    9           Item Undergraduate Students Graduate Students  Student Insurance Plan 313    Cathay Medical Insurance /  National Health Insurance  3,000 / 4,956  (500*6 months, for new students who don’t have NHI card) /  (826*6 months, for new students who have NHI card already)  Rent   a    room  On-campus  Accommodation Fee : 7,530  (Deposit 1,600 & Electricity Fees  2,000 per semester)']","The monthly NHI premium for international students is NT$826. This amount is included in the semester tuition and fees bill. For new students with an NHI card, the premium is charged for 6 months (e.g., September to February for the first semester, March to August for the second semester).",1.0,0.9818067226677334,0.9999999999666667,Qwen3_no_think
How is the NHI premium paid for international students enrolled at CCU?,"['The current NHI premium for international students is NT$826 per month.\n\nThe school will include the premium in your semester tuition and fees bill, which you pay during registration.\n\nFor the first semester, premiums are charged from September to February of the following year. For the second semester, premiums are charged from March to August.', '(Except for Department of  Psychology/Communications/Information  Management/Athletic Sports)      30,400      17,854      48,254  For undergraduate students who delay their study period or graduate students who enroll  from the 5th  to the last semesters, they shall pay the miscellaneous fees 20,106 and the credit  fees (3,015 per credit) with no more than 9 credits; if they take 10 credits and more then  they  shall pay for the total tuition and miscellaneous fees.    Currency Unit: NT (NT$28.89=US$1)  based on the rate on 2025/7/03          Pre-departure Checklist  2.2 Estimated Fees and Expenses  (per semester)    9           Item Undergraduate Students Graduate Students  Student Insurance Plan 313    Cathay Medical Insurance /  National Health Insurance  3,000 / 4,956  (500*6 months, for new students who don’t have NHI card) /  (826*6 months, for new students who have NHI card already)  Rent   a    room  On-campus  Accommodation Fee : 7,530  (Deposit 1,600 & Electricity Fees  2,000 per semester)', 'Expenses  around 54,000 (9,000 per month)  *Actual expenses depend on consumption habits of each person.  Currency Unit: NT (NT$28.89=US$1)           based on the rate on 2025/7/03      10                                03  Accommodation Accommodation    11     1. On-campus accommodation is guaranteed for international students. The first- year-students don’t need to apply; the CCU Office of International Affairs will  arrange it for you . However, your dormitory room will be assigned ; you are  unable to choose your own rooms or roommates.  2. Your dormitory room is not equipped with mattress, pillow, and quilt.  3. Besides the dormitory fee, each one of  you has to pay a residence deposit of  NT$1,600 and an electricity cha rge of NT$ 2,000, a total of NT$3, 600 (not  included in CCU scholarship). You will get an IC card saved with NT$1,000 to use  for the electricity cost of your room. If the amount of NT$1,000 runs out, you  should go to the Dormitory Service Center, with your card & money, to recharge']","The NHI premium for international students at CCU is NT$826 per month. It is included in your semester tuition and fees bill, paid during registration. For the first semester, it is charged from September to February, and for the second semester, from March to August.",1.0,0.9752284916820092,0.99999999995,Qwen3_no_think
What is the difference between having and not having an NHI card when visiting a doctor?,"['Without an NHI card, medical visits are fully self-paid, meaning you must cover all costs, including consultations, examinations, and medications. The overall expense will be significantly higher.', 'The biggest difference is the medical cost.\n\nWith an NHI card, you only need to pay a small registration fee and copayment, which is relatively inexpensive.', 'After joining NHI, when you become ill, injured, or need medical care, you can visit NHI-contracted clinics or hospitals to receive outpatient services, inpatient care, and prescribed medications.\n\nSome preventive care services, such as adult health checkups, are also included under NHI coverage.']","Without an NHI card, medical visits are fully self-paid, with significantly higher overall expenses. You must cover all costs, including consultations, examinations, and medications.

With an NHI card, you only pay a small registration fee and copayment. You can access outpatient services, inpatient care, and prescribed medications at NHI-contracted clinics or hospitals. Preventive care services like adult health checkups are also covered.",1.0,0.9252205752420366,0.5833333333041666,Qwen3_no_think
What documents are needed for self-enrollment in NHI?,"['For self-enrollment in NHI, you usually need to fill out an NHI IC card application form.\n\nYou should also prepare the original and a copy of your residence permit, as well as one recent 2-inch color photo with a white background.', 'It is recommended to bring your NHI card if you already have one, your student ID or other identification, and enough cash or a valid payment method.', 'If you are not enrolled through the university, you may choose to enroll in NHI on your own.\n\nIn this case, you must apply at the district office of your place of residence or an NHI branch office. After receiving the payment notice, you are required to pay the monthly premium yourself.']","To self-enroll in NHI, you need to fill out an NHI IC card application form. Prepare the original and a copy of your residence permit, and one recent 2-inch color photo with a white background. Bring your NHI card if you have one, along with your student ID or other ID, and sufficient cash or a valid payment method. Apply at the district office of your residence or an NHI branch office. Pay the monthly premium after receiving the payment notice.",0.625,0.9331304775620176,0.9999999999,Qwen3_no_think
Which office at CCU notifies students when they are eligible to join NHI?,"['Once you are eligible, the university will assist you with the NHI application.\n\nThe Office of Student Affairs will notify you by email and ask you to provide your residence permit information and a 2-inch half-body photo in digital format. The school will then apply for the NHI IC card on your behalf.', 'Again, welcome to CCU and we are looking forward to seeing you on campus soon.    Best regards,    Office of International Affairs  National Chung Cheng University        Welcome to CCU!          3    01  CCU’s Calendar  for  Fall Semester  2025  CCU’s Calendar for Fall Semester 2025  國立中正大學 114 學年度第 1 學期行事曆     4   The academic calendar for CCU(114 學年度行事曆) is available at this website.   https://oia.ccu.edu.tw/p/405-1008-63090,c1425.php?Lang=en    Date 日期 Event  行事  2025.08.29 (Fri.)  Leave-School Deadline for Graduate students who have passed the  Degree Examinations in the 2025 Spring semester  第 2 學期完成學位考試之研究生離校截止日  Dormitory move-in day 學生宿舍進住日  2025.09.01 (Mon.) ~  2025.09.05 (Fri.)  Registration week for new students 新生註冊週  2025.09.01 (Mon.) ~  2025.09.15 (Mon.)  Application of transferring new and in-service students’credits  新生(含專班)抵免學分申請  2025.09.03 (Wed.) On-campus health examination for freshman 校內新生體檢  2025.09.03 (Wed.) ~  2025.09.05 (Fri.)  First Course Selection for New Students (including', 'to CCU and we are looking forward to seeing you on campus soon.    Best regards,    Office of International Affairs  National Chung Cheng University        Welcome to CCU!          3    01  CCU’s Calendar  for  Spring Semester  2026  CCU’s Calendar for Spring Semester 2026 國立中正大學 114 學年度第 2 學期行事曆  4  The academic calendar for CCU(114 學年度行事曆) is available at this website.  https://oia.ccu.edu.tw/p/405-1008-63090,c1425.php?Lang=en  Date 日期 Event  行事  2026.02.20 (Mon.)  Spring semester begins 第 2 學期開始 Dormitory move-in day 學生宿舍進住日  2026.02.23 (Mon.) New Student Registration 新生註冊  2026.02.23 (Mon.) ~ 2026.03.06 (Fri.)  First Course Selection for New Students (including Special Programs) 新生(含專班)第一階段選課  2026.02.25 (Wed.) 2026 Spring welcome orientation for international students 新生說明會  2026.02.27 (Fri.) ~ 2026.02.28 (Sat.)  Peace Memorial Day (day off) 二二八和平紀念日(放假)  2026.03.16 (Mon.)  Deadline for Students to Submit ""Waiver of Student Group Insurance"" 繳交「不參加學生團體保險切結書」截止日  2026.04.01 (Wed.)  Deadline for']",The Office of Student Affairs notifies students when they are eligible to join NHI. They will send an email asking for residence permit information and a 2-inch half-body photo. The university will then apply for the NHI IC card on your behalf.,1.0,0.787215467653291,0.9999999999,Qwen3_no_think
How long does it take to receive the NHI IC card after the university submits the application?,"['After submission, it usually takes about two weeks for the NHI card to be mailed to the address you provided.', 'These documents are used to apply for or produce your NHI IC card.', 'Once you are eligible, the university will assist you with the NHI application.\n\nThe Office of Student Affairs will notify you by email and ask you to provide your residence permit information and a 2-inch half-body photo in digital format. The school will then apply for the NHI IC card on your behalf.']","After the university submits the application, it usually takes about two weeks for the NHI IC card to be mailed to the provided address. The Office of Student Affairs will notify you by email, request your residence permit information and a 2-inch half-body photo, and then apply for the NHI IC card on your behalf.",0.5,0.9649920970501643,0.0,Qwen3_no_think
Within how many years from an accident can a student file an insurance claim?,"['Step 4: Pay attention to the application deadline. Claims can be filed within 2 years from the date of the accident. However, the university recommends allowing at least 30 days for processing and avoiding late submissions.', '1. Insurance Claim Application Form. For applicants under 18 years old, a legal guardian’s signature is required.\n2. Medical Certificate (original).\n3. Medical expense receipts (original or copy). Copies must be stamped by the medical institution as ""consistent with the original,"" along with detailed expense statements.\n4. Proof of payment for the student insurance premium for the semester in which the accident occurred. This should be printed from the Bank of Taiwan tuition and fees payment portal.', 'to apply for either one of them. Please refer to the following website for  details: https://www.nhi.gov.tw/en/mp-2.html    I. Short-term Medical and Injury Insurance  According to Article 21 of the MOE Regulations Regarding International Students  Undertaking Studies in Taiwan, ""At the time of registration a new international student  shall present proof of a medical and injury insurance policy which is valid for at least 6  months from the date the student enters Taiwan. Current student shall present written  proof that they have jo ined Taiwan’s the National Health Insurance Plan. The above- mentioned written proof of insurance issued in foreign country shall be verified by the  ‘Overseas Agencies’.”  Since you can only get NHI after 6 months of your arrival, in order to safeguard your right  to health care during the first 6 months, we help you get medical insurance at first that  can cover your medical procedures in Taiwan.    II. National Health Insurance (NHI)  It is necessary to apply National Health']",The insurance claim can be filed within 2 years from the date of the accident. The university recommends allowing at least 30 days for processing to avoid late submissions.,1.0,0.7366151572415177,0.9999999999,Qwen3_no_think
What documents should you keep after receiving medical treatment for an insurance claim?,"['You can think of the insurance claim process as: seek medical treatment and collect documents, fill out the claim application form, then submit and wait for review.\n\nStep 1: Complete your medical treatment first and keep all related documents, such as medical certificates, receipts, and detailed expense statements.', '1. Insurance Claim Application Form. For applicants under 18 years old, a legal guardian’s signature is required.\n2. Medical Certificate (original).\n3. Medical expense receipts (original or copy). Copies must be stamped by the medical institution as ""consistent with the original,"" along with detailed expense statements.\n4. Proof of payment for the student insurance premium for the semester in which the accident occurred. This should be printed from the Bank of Taiwan tuition and fees payment portal.', 'In practice, you can first prepare a set of basic required documents and then add supplementary documents depending on your claim type, such as accident, hospitalization, or surgery.\n\nThe most common basic required documents, which are usually needed in most cases, include the following:']","- Keep all related documents such as medical certificates, receipts, and detailed expense statements after receiving medical treatment.
- Submit the Insurance Claim Application Form (with legal guardian’s signature if under 18).
- Provide the original Medical Certificate.
- Submit original or stamped copies of medical expense receipts along with detailed expense statements.
- Proof of payment for the student insurance premium for the relevant semester (from Bank of Taiwan tuition and fees portal).",1.0,0.7205555675566231,0.99999999995,Qwen3_no_think
What are the submission and consultation hours for student insurance claims at CCU?,"['The Student Group Insurance at National Chung Cheng University is a group insurance plan that provides basic coverage for enrolled students. As long as you have student status at CCU, including students on leave, you may choose to enroll voluntarily. Enrollment is not mandatory, but the university encourages participation to ensure students have basic financial protection in case of accidents or hospitalization.', 'to CCU and we are looking forward to seeing you on campus soon.    Best regards,    Office of International Affairs  National Chung Cheng University        Welcome to CCU!          3    01  CCU’s Calendar  for  Spring Semester  2026  CCU’s Calendar for Spring Semester 2026 國立中正大學 114 學年度第 2 學期行事曆  4  The academic calendar for CCU(114 學年度行事曆) is available at this website.  https://oia.ccu.edu.tw/p/405-1008-63090,c1425.php?Lang=en  Date 日期 Event  行事  2026.02.20 (Mon.)  Spring semester begins 第 2 學期開始 Dormitory move-in day 學生宿舍進住日  2026.02.23 (Mon.) New Student Registration 新生註冊  2026.02.23 (Mon.) ~ 2026.03.06 (Fri.)  First Course Selection for New Students (including Special Programs) 新生(含專班)第一階段選課  2026.02.25 (Wed.) 2026 Spring welcome orientation for international students 新生說明會  2026.02.27 (Fri.) ~ 2026.02.28 (Sat.)  Peace Memorial Day (day off) 二二八和平紀念日(放假)  2026.03.16 (Mon.)  Deadline for Students to Submit ""Waiver of Student Group Insurance"" 繳交「不參加學生團體保險切結書」截止日  2026.04.01 (Wed.)  Deadline for', 'to CCU and we are looking forward to seeing you on campus soon.    Best regards,    Office of International Affairs  National Chung Cheng University        Welcome to CCU!          3    01  CCU’s Calendar  for  Spring Semester  2026  CCU’s Calendar for Spring Semester 2026 國立中正大學 114 學年度第 2 學期行事曆  4  The academic calendar for CCU(114 學年度行事曆) is available at this website.  https://oia.ccu.edu.tw/p/405-1008-63090,c1425.php?Lang=en  Date 日期 Event  行事  2026.02.20 (Mon.)  Spring semester begins 第 2 學期開始 Dormitory move-in day 學生宿舍進住日  2026.02.23 (Mon.) New Student Registration 新生註冊  2026.02.23 (Mon.) ~ 2026.03.06 (Fri.)  First Course Selection for New Students (including Special Programs) 新生(含專班)第一階段選課  2026.02.25 (Wed.) 2026 Spring welcome orientation for international students 新生說明會  2026.02.27 (Fri.) ~ 2026.02.28 (Sat.)  Peace Memorial Day (day off) 二二八和平紀念日(放假)  2026.03.16 (Mon.)  Deadline for Students to Submit ""Waiver of Student Group Insurance"" 繳交「不參加學生團體保險切結書」截止日  2026.04.01 (Wed.)  Deadline for']","Sorry, I am not sure about it. Maybe you could turn to OIA for help.",0.0,0.0,0.0,Qwen3_no_think
How long does it take to receive an ARC after submitting the application?,"['The processing time for an ARC application is approximately 10 working days. The actual issuance time may vary depending on the number of applications or whether additional documents are required. Students are advised to allow sufficient time for the', 'International students must apply for an ARC 15 to 30 days before their Visitor Visa expires. This time window is very important. If you apply after the visa has expired, it may affect your residency status and could even require you to leave Taiwan and reapply.', 'The ARC application and issuance must be completed within the validity period of your original visa, so it is strongly recommended that students prepare the required documents as early as possible after the semester begins, rather than waiting until the last minute.']",The processing time for an ARC application is approximately 10 working days. The actual issuance time may vary depending on the number of applications or whether additional documents are required. Students are advised to allow sufficient time for the application. International students must apply 15 to 30 days before their Visitor Visa expires. The ARC application and issuance must be completed within the validity period of the original visa.,1.0,0.8376178680014523,0.9999999999,Qwen3_no_think
What documents are required when applying for an ARC at CCU?,"['Building)      1. Photocopy of  Passport & Visa  (with the stamp of  entering Taiwan)  2. Diploma (Photocopy  of Original and  Authenticated  version)  3. Transcript (Photocopy  of Original and  Authenticated  version)  4. Student academic  record entry form  (Print out)  5. Registration sheet          1. The Office of  Academic Affairs  will check  authenticated  versions of your  diploma and  transcript.  2. The Office of  Academic Affairs  will keep the  photocopies only.  8 Course  Selection  Feb 23   |  Mar 6   CCU Course  Selection Guide:  https://www.youtu be.com/watch?v=5p vU4fHygJs     The default password:  Refer to the attached  “CCU Course selection  system password setting  SOP”  Course Selection  9  ARC  Application  (Online  application)  Within 30  days after  entry into  Taiwan  ARC online  application system  1. ID photo (JPG file)  2. Scanned copy of  your passport &  VISA  3. Certificate of  Enrollment  4. Certificate oof  Residence (from  OIA)  5. Fee NT$1,000  6. Photo', 'Building)      1. Photocopy of  Passport & Visa  (with the stamp of  entering Taiwan)  2. Diploma (Photocopy  of Original and  Authenticated  version)  3. Transcript (Photocopy  of Original and  Authenticated  version)  4. Student academic  record entry form  (Print out)  5. Registration sheet          1. The Office of  Academic Affairs  will check  authenticated  versions of your  diploma and  transcript.  2. The Office of  Academic Affairs  will keep the  photocopies only.  8 Course  Selection  Feb 23   |  Mar 6   CCU Course  Selection Guide:  https://www.youtu be.com/watch?v=5p vU4fHygJs     The default password:  Refer to the attached  “CCU Course selection  system password setting  SOP”  Course Selection  9  ARC  Application  (Online  application)  Within 30  days after  entry into  Taiwan  ARC online  application system  1. ID photo (JPG file)  2. Scanned copy of  your passport &  VISA  3. Certificate of  Enrollment  4. Certificate oof  Residence (from  OIA)  5. Fee NT$1,000  6. Photo', 'abilities and  understanding of local cultures.   More information scan QR CODE or click link below:  https://chineselanguagecenter.ccu.edu.tw/?Lang=en       11 Post (Bank)  Account  After  getting   ARC  Post  Office  1. Chinese Name Stamp  2. ARC  3. Passport  4. Minimum deposit of  NT$100       12  Guide to  Language  Learning  Resources &  English  Proficiency  Test  To be  announced  Center for  Language  Studies  Please bring one of the  documents below:  1. Student ID card  2. Passport  3. ARC  Bachelor Only    Registration  4.2 Student Registration Sheet    18          Administrative  Unit Required Documents Date /  Location  Office of  International  Affairs (OIA)  1. Passport & Visa (with the stamp of entering  Taiwan)  2. ID Photo (4.5*3.5cm)  3. Diploma (Original and Authenticated version)  4. Transcript (Original and Authenticated version)  5. English Proficiency Certificate  6. Chinese Proficiency Certificate  7. Financial Statement  8. Health Certificate or ARC  9. Health Insurance or NHI (If']","When applying for an ARC at CCU, the required documents include:

1. Photocopy of Passport & Visa (with entering Taiwan stamp)
2. Diploma (Original and Authenticated version)
3. Transcript (Original and Authenticated version)
4. Student academic record entry form (Print out)
5. Registration sheet
6. ID photo (JPG file)
7. Scanned copy of passport & visa
8. Certificate of Enrollment
9. Certificate of Residence (from OIA)
10. Fee NT$1,000
11. Photo",0.45454545454545453,0.9999999999999996,0.9999999999666667,Qwen3_no_think
What must you do before applying for dormitory internet access at CCU?,"['After preparing the required information, you can apply through the dormitory internet service system (Dorm Net) in the CCU SSO system, and fill in your bed information and network card address (required only for wired internet).', 'beds, desks, chairs,  book shelf, closets, telephone. Internet access is  available in all dormitories.  3. You can apply for dormitory network in the  Computer Center; the fee is NT$1,000 per semester.    3.4 Public Facilities  Public Facilities for undergraduate, master, and PhD:  shared washing machines, RO drinking water system,  social lounge.    3.5 Dormitory Network  As soon as you settle down your accommodation which means you’ve got your room  number and bed number, you need to apply dormitory network in order to use the  internet (wired network) in the dorm.  For applying the dormitory network, please submit the document online:   https://www.dorm.ccu.edu.tw/student/login  For more information about dormitory network please refer  to: https://www.dorm.ccu.edu.tw/en or call the ext.14151      13    04        Registration Registration  4.1 University Registration    14   No Work Time Location  Required  Documents Note  1 Dorm  Check-in  Starting  from  Feb 20  Dormitory Passport   2  Dorm  Internet', 'beds, desks, chairs,  book shelf, closets, telephone. Internet access is  available in all dormitories.  3. You can apply for dormitory network in the  Computer Center; the fee is NT$1,000 per semester.    3.4 Public Facilities  Public Facilities for undergraduate, master, and PhD:  shared washing machines, RO drinking water system,  social lounge.    3.5 Dormitory Network  As soon as you settle down your accommodation which means you’ve got your room  number and bed number, you need to apply dormitory network in order to use the  internet (wired network) in the dorm.  For applying the dormitory network, please submit the document online:   https://www.dorm.ccu.edu.tw/student/login  For more information about dormitory network please refer  to: https://www.dorm.ccu.edu.tw/en or call the ext.14151      13    04        Registration Registration  4.1 University Registration    14   No Work Time Location  Required  Documents Note  1 Dorm  Check-in  Starting  from  Feb 20  Dormitory Passport   2  Dorm  Internet']","Before applying for dormitory internet access at CCU, you must settle down your accommodation, which means you have obtained your room number and bed number. You also need to prepare the required information and apply through the Dorm Net system in the CCU SSO system, filling in your bed information and network card address (required only for wired internet). The application can be submitted online at https://www.dorm.ccu.edu.tw/student/login.",1.0,0.953833826530691,0.9999999999666667,Qwen3_no_think
What should you verify about the landlord before signing an off-campus rental contract?,"['Before signing an off-campus rental contract, it is recommended to verify the landlord’s identity. Tenants may ask the landlord to present identification documents and proof of property ownership, such as a property deed, house tax bill, or real estate registration transcript, to confirm that the person is the legal owner or has the right to rent out the property.', 'When signing the contract, carefully check which furniture and equipment are provided by the landlord, such as the bed, desk and chair, air conditioner, and refrigerator, and pay attention to their condition. If any equipment is old or already damaged, it is recommended to take photos as evidence to avoid disputes over responsibility when moving out.', 'Before signing the contract, tenants should confirm the lease duration, monthly rent amount, deposit amount, methods for calculating rent and utility fees, and whether early termination is allowed.\n\nIt is also important to review responsibilities for equipment use and maintenance, as well as the conditions for deposit refunds when moving out.']","- Verify the landlord's identity by checking ID documents and proof of property ownership.
- Confirm the lease duration, monthly rent, deposit amount, and fee calculation methods.
- Check the condition of provided furniture and equipment, and document any damages.
- Review responsibilities for equipment maintenance and deposit refund conditions.
- Ensure terms for early termination are clearly stated in the contract.",0.8,0.7715701271104516,0.8333333332916666,Qwen3_no_think
What should you do if any changes are made to a rental contract?,"['If any changes are made to the contract, make sure that both parties stamp or sign next to the modifications to prevent future disputes. After signing, both the landlord and the tenant should keep a copy of the contract as proof.', 'When signing the contract, carefully check which furniture and equipment are provided by the landlord, such as the bed, desk and chair, air conditioner, and refrigerator, and pay attention to their condition. If any equipment is old or already damaged, it is recommended to take photos as evidence to avoid disputes over responsibility when moving out.', 'Overall, before renting, it is best to ask more questions, inspect the property carefully, and compare multiple options to find the most suitable place. If any contract terms are unclear, clarify them in advance or ask a friend who is familiar with Chinese to help review the contract before signing to better protect your rights.']","If changes are made to a rental contract, both parties should stamp or sign next to the modifications to prevent future disputes. After signing, both the landlord and tenant should keep a copy of the contract as proof.",1.0,0.9013860856206891,0.9999999999,Qwen3_no_think
What documents are typically required to open a bank account in Taiwan as an international student?,"['As long as you hold a valid Alien Resident Certificate (ARC), international students can open a bank account in Taiwan.', '11 Post (Bank)  Account  After  getting   ARC  Post  Office  1. Chinese Name Stamp  2. ARC  3. Passport  4. Minimum deposit of  NT$100       12  Career- oriented  counseling &  psychological  testing    Office of  Information  Technology     Bachelor Only  13  Guide to  Language  Learning  Resources &  English  Proficiency  Test  To be  announced  Center for  Language  Studies  Please bring one of the  documents below:  1. Student ID card  2. Passport  3. ARC  Bachelor Only    Registration  4.2 Student Registration Sheet    18          Administrative  Unit Required Documents Date /  Location  Office of  International  Affairs (OIA)  1. Passport & Visa (with the stamp of entering  Taiwan)  2. ID Photo (4.5*3.5cm)  3. Diploma (Original and Authenticated version)  4. Transcript (Original and Authenticated version)  5. English Proficiency Certificate  6. Chinese Proficiency Certificate  7. Financial Statement  8. Health Certificate or ARC  9. Health Insurance or NHI (If any)  10. Taiwan Bank (If any)  OIA', 'or  Taiwan Bank  1. Payment Sheet  2. Money  If the amount of fee is  more than 40,000, you  can only pay it at Post  Office or Taiwan Bank  at Administration  Building B1  (9AM – 11:50AM)   Registration  4.1 University Registration    15         No Work Time Location Required  Documents Note  5  Orientation  &  Hand in the  document     Orientation  (Location TBA)  None   Hand in the  original and  copies of  document   (OIA)  1. Passport & Visa  (with the stamp of  entering Taiwan)  2. ID Photo (4.5*3.5cm)  3. Diploma (Original  and Authenticated  version)  4. Transcript (Original  and Authenticated  version)  5. English Proficiency  Certificate  6. Chinese Proficiency  Certificate  7. Financial Statement  8. Health Certificate or  ARC  9. Health Insurance or  NHI (If any)  10. Taiwan Bank (If any)          1. Diploma and  Transcript must  be authenticated  by the Taiwanese  Representative  Office in your  country    2. After OIA check  all the required  documents, you  need to go to  Academic Office  to']","To open a bank account in Taiwan as an international student, you typically need:

1. Valid Alien Resident Certificate (ARC)
2. Passport
3. Chinese Name Stamp
4. Minimum deposit of NT$100

These documents are required at the bank. Additionally, for university registration, you may need to provide documents like passport, visa, diploma, transcript, and proof of financial status, but these are for registration purposes, not directly for the bank account.",1.0,0.9686260909302359,0.99999999995,Qwen3_no_think
What should international students under 20 years old be aware of when opening a bank account?,"['When opening a bank account, you typically need to prepare the original and a copy of your ARC, the original and a copy of your passport, and your student ID or proof of enrollment to verify your student status.\n\nSome banks may also require a second form of identification, such as an NHI card or a driver’s license.', 'Banks differ in their familiarity with international students. Some banks have smoother document review processes, which results in faster overall handling.\n\nTo avoid being unable to open an account due to missing documents, it is recommended to confirm the required documents with the bank’s customer service in advance before visiting.', 'As long as you hold a valid Alien Resident Certificate (ARC), international students can open a bank account in Taiwan.']","International students under 20 should prepare original and copies of their ARC, passport, and student ID or enrollment proof. Some banks may require additional IDs like NHI card or driver’s license. Confirm required documents with bank’s customer service beforehand. Banks vary in familiarity with international students, affecting processing speed. A valid ARC allows opening a bank account in Taiwan.",0.8,0.8102868777567253,0.9999999999666667,Qwen3_no_think
What can you do if you need to see a doctor in Taiwan but cannot speak Chinese?,"['If you are not confident in speaking Chinese, you can type your symptoms in English on your phone or translate them into Chinese to show the doctor. You can also use a translation app for real-time communication.', 'Some doctors or nurses can communicate in basic English, but not all clinics provide full English services. If possible, bringing a Chinese-speaking friend with you is the most reassuring option.', 'the first 6 months, we help you get medical insurance at first that  can cover your medical procedures in Taiwan.    II. National Health Insurance (NHI)  It is necessary to apply National Health Insurance for staying in Taiwan. According to  Taiwan National Health Insurance Act, only students who have stayed for more than 6  months are qualified for NHI. For example, if the date of issue on your ARC is on Mar ch  10th, the nearest date you can apply is Sep. 10th.    Registration  4.5 Applying for Resident Visa and  Alien Resident Certificate (ARC)    20     You are required to possess a Resident VISA and an ARC in order to stay in Taiwan for  studying. If you have obtained a Resident VISA before coming to Taiwan, you only need  to apply for an ARC when you arrive at CCU. This will make things easier. If you did  not  apply for a Resident VISA before coming to Taiwan, it is necessary that you apply for a  Resident VISA on your own and then the ARC.    For international students, the Alien Resident Certificate']","If you need to see a doctor in Taiwan and cannot speak Chinese, you can type your symptoms in English on your phone or use a translation app to communicate. Some doctors may understand basic English, but not all clinics offer full English services. Bringing a Chinese-speaking friend is recommended. The university helps international students obtain medical insurance covering medical procedures in Taiwan. You must apply for National Health Insurance (NHI) after staying for at least 6 months.",1.0,0.9844063437589182,0.99999999995,Qwen3_no_think
How can international students find and contact a student club they want to join at CCU?,"['Most student clubs on campus do not restrict membership by nationality. As long as you are a currently enrolled CCU student, clubs generally welcome international students to join.\n\nWhether a club focuses on academics, sports, music and performance, service, or cultural exchange, you are free to participate according to your interests.', 'National Chung Cheng University has a very diverse range of student clubs, which can broadly be categorized into academic, sports, recreational, social, service-oriented, artistic, and music-related clubs. International students are welcome to join based on their interests.\n\nAcademic clubs include groups such as the FinTech Club, AIESEC in CCU, the Innovation and Entrepreneurship Club, the CCU Cybersecurity Research Club, the Debate Club, and the Astronomy Club.', 'To view the complete and most up-to-date list of student clubs, you can visit the official website of the CCU Extracurricular Activities Section, which provides information on current clubs, their categories, contact details, and recruitment information.']","International students can find and contact student clubs at CCU by visiting the official website of the CCU Extracurricular Activities Section. This site provides up-to-date information on current clubs, their categories, contact details, and recruitment information. Most clubs do not restrict membership by nationality, welcoming enrolled students, including international ones, based on interests. Clubs cater to various interests like academics, sports, culture, etc. Academic clubs include FinTech Club, AIESEC in CCU, Innovation and Entrepreneurship Club, Cybersecurity Research Club, Debate Club, and Astronomy Club.",1.0,0.9768442140508876,0.3333333333,Qwen3_no_think
What is the typical price range for a meal around National Chung Cheng University?,"['There is a wide variety of dining options around the National Chung Cheng University campus, ranging from breakfast and lunch or dinner to late-night snacks. Overall prices are very student-friendly.\n\nIn general, you can find breakfast, bento meals, or noodle dishes for under NT$100, with the most common price range around NT$100 to NT$150. For more refined or specialty dishes, there are also many options priced above NT$200.\n\nIf you are looking for Taiwanese home-style dishes or bento meals, there are many popular student favorites off campus. Hou Ji Chinese Breakfast Shop offers braised pork rice, dry noodles, and tube rice pudding, mainly operating from morning to noon with relatively low prices. Restaurants such as Yu Xiang Yuan, Liu Mei’s Shop, A-Mei Bento, and Yizhuo Island sell chicken legs, pork chops, braised rice dishes, and fried rice, usually operating during lunch and dinner hours with moderate prices.', 'Meal prices around CCU are quite flexible. You can find simple lunchboxes or noodle dishes for under NT$100, and meals above NT$200 are also available. However, most places have an average price range between NT$100 and NT$150.', '● Route: Take a Northbound THSR train to Chiayi Station.\n● Fare: Approx. NT$ 410.\n\nStep 3: THSR Chiayi Station to National Chung Cheng University (CCU)']","The typical price range for a meal around National Chung Cheng University is generally between NT$100 and NT$150. Simple options like breakfast, bento meals, or noodle dishes can be found under NT$100, while more refined or specialty dishes may cost above NT$200. Student-friendly dining options include places like Hou Ji Chinese Breakfast Shop and Yu Xiang Yuan, offering affordable and moderate-priced meals.",1.0,0.9670774240527212,0.99999999995,Qwen3_no_think
Where can international students find vegetarian food near CCU?,"['If you prefer healthy meals or vegetarian food, you may consider restaurants such as Simple Fit Healthy Meals, Chill Bowl, Shu Xiang Shi Jia, Shu Fu, and Shi Fan. These places focus on healthy meal boxes, salads, or vegetarian dishes. Prices are usually slightly higher, but the food is lighter and healthier.\n\nFor drinks and desserts, nearby options include bubble tea shops such as Cha Tang Hui, TEA’s Original, Fresh Tea, and Wu Jia Black Tea. Dessert and drink shops like Garden Taro Desserts, Ice, Royal Dessert, Coffee Kingdom, and Guo Zhen offer dessert soups, shaved ice, coffee, and fruit juices. Most of these operate from afternoon to evening.\n\nOverall, there is no shortage of food options around National Chung Cheng University. Whether you want to save money, eat a filling meal, enjoy higher-quality food, or find a late-night snack, you can easily find suitable restaurants. It is also a great area for international students to gradually explore and discover their favorite flavors.', 'For noodle lovers, places such as Red Pavilion Noodles, Beef Tendon Earl, Da Si Xi Beef Noodles, and Hao Wei Noodle House offer dry noodles, beef noodles, and traditional soup noodles, and are regular choices for many students.\n\nFried food and late-night snacks are especially popular near CCU. Shops such as Cai Ge Fried Chicken, Feng Fried Chicken, Chung Cheng Chicken Yard, Hai Pai Fried Snacks, and Ai Hen Pepper Chicken usually open from evening until late night or even early morning, making them ideal for late-night meals after studying. For braised snacks, Wen Family Cold Braised Snacks, Ten Mu Tian Braised Snacks, You Go Braised Snacks, and Hao Ji Braised Snacks are also very popular and mostly operate in the evening.', 'If you want to buy vegetarian food off campus, nearby options include Shí Fán, Suitfood Salad, and Veggie House. All of these offer dedicated vegetarian meals. Convenience stores also often sell vegetarian lunchboxes or noodle and rice options.']","International students can find vegetarian food near CCU at Shí Fán, Suitfood Salad, and Veggie House, which offer dedicated vegetarian meals. Convenience stores also sell vegetarian lunchboxes or noodle and rice options. These options are available off campus.",1.0,0.9934776364367623,0.8333333332916666,Qwen3_no_think
Are vegetarian restaurants near CCU generally more or less expensive than regular restaurants?,"['However, vegetarian restaurants are usually slightly more expensive than regular meals. If you follow a vegetarian diet, you can choose a place that fits your budget.', 'If you prefer healthy meals or vegetarian food, you may consider restaurants such as Simple Fit Healthy Meals, Chill Bowl, Shu Xiang Shi Jia, Shu Fu, and Shi Fan. These places focus on healthy meal boxes, salads, or vegetarian dishes. Prices are usually slightly higher, but the food is lighter and healthier.\n\nFor drinks and desserts, nearby options include bubble tea shops such as Cha Tang Hui, TEA’s Original, Fresh Tea, and Wu Jia Black Tea. Dessert and drink shops like Garden Taro Desserts, Ice, Royal Dessert, Coffee Kingdom, and Guo Zhen offer dessert soups, shaved ice, coffee, and fruit juices. Most of these operate from afternoon to evening.\n\nOverall, there is no shortage of food options around National Chung Cheng University. Whether you want to save money, eat a filling meal, enjoy higher-quality food, or find a late-night snack, you can easily find suitable restaurants. It is also a great area for international students to gradually explore and discover their favorite flavors.', 'Meal prices around CCU are quite flexible. You can find simple lunchboxes or noodle dishes for under NT$100, and meals above NT$200 are also available. However, most places have an average price range between NT$100 and NT$150.']","Vegetarian restaurants near CCU are generally slightly more expensive than regular meals. Prices are usually slightly higher, but the food is lighter and healthier. Meal prices around CCU are quite flexible, with most places having an average price range between NT$100 and NT$150. You can find simple lunchboxes or noodle dishes for under NT$100, and meals above NT$200 are also available.",1.0,0.9430237079722917,0.9999999999666667,Qwen3_no_think
Which convenience store brand has multiple locations on the CCU campus?,"['Most convenience stores near CCU are FamilyMart. There are three on campus, located in the Activity Center (2F), the Classroom Building (1F), and the Student Housing building.', 'The campus mainly has convenience stores and student cafeterias.\n\nFor convenience stores, CCU has three FamilyMart locations: on the second floor of the Activity Center, on the first floor of the Classroom Building, and inside the Student Housing building. These stores are convenient for buying drinks, bread, or simple meals.', 'Just outside the campus gate, you can also find other convenience store brands such as 7-Eleven, Hi-Life, and OK Mart.']","The convenience store brand with multiple locations on the CCU campus is FamilyMart. There are three FamilyMart stores located in the Activity Center (2F), the Classroom Building (1F), and the Student Housing building.",1.0,0.993241150505094,0.99999999995,Qwen3_no_think
Where on the CCU campus are the FamilyMart stores located?,"['The campus mainly has convenience stores and student cafeterias.\n\nFor convenience stores, CCU has three FamilyMart locations: on the second floor of the Activity Center, on the first floor of the Classroom Building, and inside the Student Housing building. These stores are convenient for buying drinks, bread, or simple meals.', 'Most convenience stores near CCU are FamilyMart. There are three on campus, located in the Activity Center (2F), the Classroom Building (1F), and the Student Housing building.', 'Shops  There are three convenient stores “Family Mart” on the campus .One is located  in the Students Activity Center; it opens for 24 hours. The other one open during  the office hour and it locates in the center of general education. Except the  convenient stores, there are also beverage shop, coffee shop, vegetarian food  stand, noodle shop, fruit shop, post office, hair -cut salon, bookstore, and so  forth, located in the Student Activity Center. You can even become the  University Supermarket’s “shareholder” by simp ly buy a share of NT$100 and  get your yearly bonus. That NT$100 share is refundable when you graduate.    Hospitals and Clinics  CCU provides on-campus clinics in Health Center. Some Hospitals information  is provided below：    Hospital Address Telephone Website  Tzu Chi Hospital  (Dalin)  No.2, Minsheng Rd., Dalin  Township, Chiayi County 622,  Taiwan  (05) 264-8000  (ext. 5920, 5921)  https://dalin.tzuchi- healthcare.org.tw/   Chiayi Christian  Hospital  No.539, Zhongxiao Rd., East  Dist,']","There are three FamilyMart stores on the CCU campus. They are located on the second floor of the Activity Center, on the first floor of the Classroom Building, and inside the Student Housing building.",1.0,0.9704309659851448,0.9999999999666667,Qwen3_no_think
What convenience store brands can be found just outside the CCU campus gate?,"['Just outside the campus gate, you can also find other convenience store brands such as 7-Eleven, Hi-Life, and OK Mart.', 'Most convenience stores near CCU are FamilyMart. There are three on campus, located in the Activity Center (2F), the Classroom Building (1F), and the Student Housing building.', 'The campus mainly has convenience stores and student cafeterias.\n\nFor convenience stores, CCU has three FamilyMart locations: on the second floor of the Activity Center, on the first floor of the Classroom Building, and inside the Student Housing building. These stores are convenient for buying drinks, bread, or simple meals.']","Just outside the campus gate, you can find 7-Eleven, Hi-Life, and OK Mart. Additionally, there are three FamilyMart locations on campus: the Activity Center (2F), the Classroom Building (1F), and the Student Housing building. These stores offer drinks, bread, and simple meals.",1.0,0.7404248788669442,0.9999999999,Qwen3_no_think
How do you select a seat in the CCU Library self-study room?,"['The CCU Library provides self-study rooms, research carrels, and discussion rooms to meet different student needs.\n\nSelf-study rooms are designed for quiet study. Students may enter by scanning their student ID during opening hours and select seats through the system.', 'Seats in the self-study room must be selected individually by each user using their own student ID.\n\nUsing multiple student IDs, scanning on behalf of others, or reserving seats for others is considered a violation of the rules.', 'After entering the self-study room, you must scan your student ID and select a seat through the system.\n\nEach session allows 3 hours of use. You may apply for an extension through the system starting 30 minutes before the session ends.']","To select a seat in the CCU Library self-study room:

1. Enter the self-study room during opening hours.
2. Scan your student ID to access the system.
3. Select a seat individually using your own student ID.
4. Each session allows 3 hours of use.
5. You may apply for an extension 30 minutes before the session ends.

Using multiple IDs, scanning for others, or reserving seats for others is prohibited.",1.0,0.976315479940701,0.9999999999666667,Qwen3_no_think
"How long is each self-study room session, and how can you extend it?","['After entering the self-study room, you must scan your student ID and select a seat through the system.\n\nEach session allows 3 hours of use. You may apply for an extension through the system starting 30 minutes before the session ends.', 'One week before midterm and final exams, as well as during exam weeks, the self-study rooms are open 24 hours.\n\nDuring winter and summer breaks, opening hours are adjusted flexibly according to library announcements.', 'During the semester, self-study rooms are open from Monday to Thursday between 9:00 p.m. and 1:00 a.m., and from Friday at 9:00 p.m. continuously until Monday at 9:00 a.m.']","Each self-study room session lasts 3 hours. You can extend the session by applying through the system starting 30 minutes before it ends. During exam periods and winter/summer breaks, operating hours may change. Self-study rooms are open from 9:00 p.m. to 1:00 a.m. on weekdays and extended on Fridays.",1.0,0.8576510247341339,0.9999999999,Qwen3_no_think
Is it allowed to reserve a self-study room seat on behalf of a friend at CCU?,"['Seats in the self-study room must be selected individually by each user using their own student ID.\n\nUsing multiple student IDs, scanning on behalf of others, or reserving seats for others is considered a violation of the rules.', 'The CCU Library provides self-study rooms, research carrels, and discussion rooms to meet different student needs.\n\nSelf-study rooms are designed for quiet study. Students may enter by scanning their student ID during opening hours and select seats through the system.', 'Self-study rooms at the CCU Library are open only to currently enrolled CCU students.\n\nOther individuals who are not enrolled students are not permitted to enter or use these spaces.']","It is not allowed to reserve a self-study room seat on behalf of a friend at CCU. According to the rules, seats must be selected individually by each user using their own student ID. Using multiple student IDs or reserving seats for others is considered a violation. Only enrolled CCU students can use the self-study rooms, and entry is restricted to students.",1.0,0.8970558204433777,0.9999999999666667,Qwen3_no_think
What penalty can result from scanning another student's ID to reserve a self-study room seat?,"['Seats in the self-study room must be selected individually by each user using their own student ID.\n\nUsing multiple student IDs, scanning on behalf of others, or reserving seats for others is considered a violation of the rules.', 'After entering the self-study room, you must scan your student ID and select a seat through the system.\n\nEach session allows 3 hours of use. You may apply for an extension through the system starting 30 minutes before the session ends.', 'In serious cases, violations may result in suspension of self-study room privileges for one semester.']","Using another student's ID to reserve a self-study room seat violates the rules. This action is considered a violation. In serious cases, it may result in suspension of self-study room privileges for one semester.",0.6666666666666666,0.92699985929392,0.8333333332916666,Qwen3_no_think
"What is a research carrel, and who is eligible to use an assigned one at CCU Library?","['A research carrel is a facility that provides a more independent space for longer-term research work.', 'Assigned research carrels are mainly available for graduate students, including master’s and doctoral students, who may apply according to library regulations.\n\nTemporary research carrels are open to general students and are intended for short-term use.', 'Discussion rooms are suitable for group discussions or presentation practice. Use of these rooms requires borrowing a key from the service counter and is subject to limits on the number of users and usage time.\n\nResearch carrels are intended for individual research use and require eligibility and application through the library.']","A research carrel is a facility for independent, long-term research. Assigned research carrels are available for graduate students (master’s and doctoral) applying according to library regulations. Temporary carrels are open to general students for short-term use. Discussion rooms are for group activities, requiring key borrowing and usage limits. Research carrels require eligibility and application through the library for individual use.",1.0,0.6474743877825532,0.5833333333041666,Qwen3_no_think
How do you borrow a temporary research carrel at the CCU Library?,"['Temporary research carrels require borrowing a key at the service counter. Each session allows four hours of use, and renewal is possible if no other user is waiting.', 'Assigned research carrels are mainly available for graduate students, including master’s and doctoral students, who may apply according to library regulations.\n\nTemporary research carrels are open to general students and are intended for short-term use.', 'The CCU Library provides self-study rooms, research carrels, and discussion rooms to meet different student needs.\n\nSelf-study rooms are designed for quiet study. Students may enter by scanning their student ID during opening hours and select seats through the system.']","To borrow a temporary research carrel at the CCU Library, you need to obtain a key from the service counter. Each session allows four hours of use, and you can renew if no one else is waiting. Temporary carrels are open to general students for short-term use. The library provides self-study rooms, research carrels, and discussion rooms. Self-study rooms require scanning your student ID during opening hours to select seats.",1.0,0.9639764665808537,0.9999999999,Qwen3_no_think
How long can you use a temporary research carrel per session?,"['Temporary research carrels require borrowing a key at the service counter. Each session allows four hours of use, and renewal is possible if no other user is waiting.', 'Assigned research carrels require online application and are available for a usage period of either one month or two months.', 'A research carrel is a facility that provides a more independent space for longer-term research work.']",Temporary research carrels can be used for up to four hours per session. Renewal is allowed if no other user is waiting.,1.0,0.9333605292621151,0.9999999999,Qwen3_no_think
Can you share a research carrel with another student at the CCU Library?,"['Research carrels are for individual use only.\n\nSharing the space with others, transferring usage rights, or lending the key to another person is not allowed.', 'The CCU Library provides self-study rooms, research carrels, and discussion rooms to meet different student needs.\n\nSelf-study rooms are designed for quiet study. Students may enter by scanning their student ID during opening hours and select seats through the system.', 'Assigned research carrels are mainly available for graduate students, including master’s and doctoral students, who may apply according to library regulations.\n\nTemporary research carrels are open to general students and are intended for short-term use.']","Research carrels at CCU Library are for individual use only. Sharing the space with another student, transferring usage rights, or lending the key to someone else is not allowed. The library offers self-study rooms and discussion rooms for collaborative work. Graduate students may apply for assigned research carrels, while temporary ones are available for short-term use.",1.0,0.8646514406029034,0.8333333332916666,Qwen3_no_think
Is there a fee to use the gym at the CCU Sports Center?,"['The usage fee is NT$30 per person per visit.\n\nIn other words, entering the Sports Center itself is free, but using the gym requires an additional fee.', 'Students may use Sports Center facilities by bringing their student ID and scanning it at the entrance to verify their identity.\n\nAfter verification, students may enter and use general sports facilities and the swimming pool free of charge.\n\nNon-CCU individuals are required to purchase tickets according to regulations.', 'Non-CCU individuals are required to purchase tickets according to regulations.\n\nPlease note that although students do not need to pay to enter the Sports Center itself, use of the gym still requires a NT$30 fee per visit.']","Yes, there is a fee to use the gym at the CCU Sports Center. The usage fee is NT$30 per person per visit. Entering the Sports Center itself is free, but using the gym requires this additional fee. Students can use general sports facilities and the swimming pool free of charge by presenting their student ID. Non-CCU individuals must purchase tickets.",0.8571428571428571,0.9941314515706562,0.8333333332916666,Qwen3_no_think
What do you need to bring when entering the gym at CCU?,"['Students may use Sports Center facilities by bringing their student ID and scanning it at the entrance to verify their identity.\n\nAfter verification, students may enter and use general sports facilities and the swimming pool free of charge.\n\nNon-CCU individuals are required to purchase tickets according to regulations.', 'Overseas Chinese Students:   They may need to complete additional health check-up items, specifically  the ""Residence or Settlement Health Check-up Items Form”.  You can find two kinds of form in handbook or the website.    Information for   Health Examination    52              6. Further Details:   For more information, please refer to the Health and Welfare Section\'s  webpage or follow their Facebook/Instagram.       Information for   Health Examination    53            On-campus health Examination    What When Remark  Do a health check to  complete the CCU  student Health  Examination  115.03.05 (Thu)  09:30-13:30    * Please come before  13:00.  Mandatory for every new student  Fees: NTD$630    Documents required:  ⚫ Your passport  ⚫ CCU student Health Examination form    If you miss the health check that we arrange  on campus, you must go to the hospital by  yourself. The fees will be more expensive.      Health Check-up Instructions  1. Please be sure to bring the health check-up form and fill out the', 'items, specifically  the ""Residence or Settlement Health Check-up Items Form”.  You can find two kinds of form in handbook or the website.    Information for   Health Examination    52              6. Further Details:   For more information, please refer to the Health and Welfare Section\'s  webpage or follow their Facebook/Instagram.       Information for   Health Examination    53            On-campus health Examination    What When Remark  Do a health check to  complete the CCU  student Health  Examination  114.09.03 (Wed)  09:00-10:00    * Please come before  10:00.  Mandatory for every new student  Fees: NTD$630    Documents required:  ⚫ Your passport  ⚫ CCU student Health Examination form    If you miss the health check that we arrange  on campus, you must go to the hospital by  yourself. The fees will be more expensive.      Health Check-up Instructions  1. Please be sure to bring the health check-up form and fill out the self-reported  sections on the front. For the 3 days prior to the check-up,']","To enter the gym at CCU, students must bring their student ID and scan it at the entrance for verification. Non-CCU individuals need to purchase tickets. Overseas Chinese students may need to complete additional health check-up items, specifically the ""Residence or Settlement Health Check-up Items Form,"" which can be found in the handbook or on the website. They should also bring their passport and fill out the health examination form.",1.0,0.8317322654595545,0.3333333333,Qwen3_no_think
When do most student clubs at CCU recruit new members?,"['Most student clubs recruit new members at the beginning of each semester, especially around the start of the first semester. Recruitment often takes place alongside club fairs or information sessions.\n\nHowever, some clubs continue to accept new members throughout the semester.', 'However, some clubs continue to accept new members throughout the semester.\n\nEven if you miss the main recruitment period at the start of the semester, you can still contact the club directly to ask whether joining is possible.', 'Most student clubs on campus do not restrict membership by nationality. As long as you are a currently enrolled CCU student, clubs generally welcome international students to join.\n\nWhether a club focuses on academics, sports, music and performance, service, or cultural exchange, you are free to participate according to your interests.']","Most student clubs at CCU recruit new members at the beginning of each semester, especially around the start of the first semester. Recruitment often occurs during club fairs or information sessions. Some clubs accept members throughout the semester. If you miss the main recruitment period, you can contact the club directly to inquire about joining. Most clubs do not restrict membership by nationality and welcome international students as long as they are enrolled at CCU. Membership is open based on interests in various fields such as academics, sports, music, service, or cultural exchange.",1.0,0.9454331691627158,0.9999999999,Qwen3_no_think
Can you still join a club if you miss the main recruitment period at the start of semester?,"['However, some clubs continue to accept new members throughout the semester.\n\nEven if you miss the main recruitment period at the start of the semester, you can still contact the club directly to ask whether joining is possible.', 'Most student clubs recruit new members at the beginning of each semester, especially around the start of the first semester. Recruitment often takes place alongside club fairs or information sessions.\n\nHowever, some clubs continue to accept new members throughout the semester.', 'Some clubs also hold recruitment events or orientation sessions at the beginning of each semester, allowing new students to learn more and join on the spot.\n\nTherefore, keeping an eye on club social media platforms is one of the most convenient ways to join a club.']","Yes, you can join a club even if you miss the main recruitment period. Some clubs accept new members throughout the semester. You can contact the club directly to inquire about joining possibilities. Additionally, some clubs hold recruitment events or orientation sessions at the beginning of each semester, allowing new students to join on the spot. Keeping an eye on club social media platforms is recommended for updates.",1.0,0.8464022696504698,0.9999999999666667,Qwen3_no_think
Where can students find information about on-campus activities at CCU?,"['You can visit the CCU Smart Activity and Registration System to view the latest on-campus activity information.\n\nThis system compiles events organized by various departments and administrative units. Simply log in with your university account to browse activity details, including time and location, and complete registration online.', 'King bus http://www.kingbus.com.tw/  8 Taiwan High Speed Rail https://www.thsrc.com.tw/index_en.html  9 Taiwan Railways administration  https://tip.railway.gov.tw/tra-tip- web/tip?lang=EN_US  10 Travel in Chiayi City https://travel.chiayi.gov.tw/English  11 Travel in Chiayi County https://tbocc.cyhg.gov.tw/en/  12 Chiayi County Performing Art Center https://cypac.cyhg.gov.tw/en/  13 Chiayi County Police Bureau https://www.cypd.gov.tw/english    CCU Campus Life    30      Computer  Our campus network has been built up nearly perfect. Users can connect to  Internet from any labs or offices on campus, or even residence halls. There  are also 6 computer classrooms in computer center, Library and  Information building, which are open for both students and teaching  purposes.  Opening time as bellow:  ◼ Monday to Friday: 08:00-21:00  (09 : 00 – 17 : 00 during summer and winter vacation)    On-Campus Wireless Internet  Student can log in to CCU wireless network with CCU student email  account and password.  For', 'King bus http://www.kingbus.com.tw/  8 Taiwan High Speed Rail https://www.thsrc.com.tw/index_en.html  9 Taiwan Railways administration  https://tip.railway.gov.tw/tra-tip- web/tip?lang=EN_US  10 Travel in Chiayi City https://travel.chiayi.gov.tw/English  11 Travel in Chiayi County https://tbocc.cyhg.gov.tw/en/  12 Chiayi County Performing Art Center https://cypac.cyhg.gov.tw/en/  13 Chiayi County Police Bureau https://www.cypd.gov.tw/english    CCU Campus Life    30      Computer  Our campus network has been built up nearly perfect. Users can connect to  Internet from any labs or offices on campus, or even residence halls. There  are also 6 computer classrooms in computer center, Library and  Information building, which are open for both students and teaching  purposes.  Opening time as bellow:  ◼ Monday to Friday: 08:00-21:00  (09 : 00 – 17 : 00 during summer and winter vacation)    On-Campus Wireless Internet  Student can log in to CCU wireless network with CCU student email  account and password.  For']","Students can find information about on-campus activities at CCU by visiting the CCU Smart Activity and Registration System. This system compiles events organized by various departments and administrative units. Simply log in with your university account to browse activity details, including time and location, and complete registration online.",1.0,0.9952927393623271,0.9999999999,Qwen3_no_think
How do you register for a campus activity at CCU?,"['You can visit the CCU Smart Activity and Registration System to view the latest on-campus activity information.\n\nThis system compiles events organized by various departments and administrative units. Simply log in with your university account to browse activity details, including time and location, and complete registration online.', 'Most activities can be found and registered for through the CCU Smart Activity and Registration System, where you can check the latest information and sign up online in a convenient manner.', 'and  Transcript must  be authenticated  by the Taiwanese  Representative  Office in your  country    2. After OIA check  all the required  documents, you  need to go to  Academic Office  to complete the  registration.  6  Health  Check for  Freshmen    Sep 03    (Auditorium)      1. CCU Health  Examination Form   2. Fee NT$630  3. Passport  4. Registration Sheet  Metal Accessories and  contact lenses are not  allowed. If you need to  wear contact lenses,  please bring your own  contact lens case.   Registration  4.1 University Registration    16   No Work Time Location on Required  Document s  Note  7 Registration  Before    Sep 8  (1F of East Wing  Administrative  Building)      1. Photocopy of  Passport & Visa  (with the stamp of  entering Taiwan)  2. Diploma (Photocopy  of Original and  Authenticated  version)  3. Transcript (Photocopy  of Original and  Authenticated  version)  4. Student academic  record entry form  (Print out)  5. Registration sheet          1. The Office of  Academic Affairs  will']","To register for a campus activity at CCU, visit the CCU Smart Activity and Registration System. Log in with your university account to browse activity details, including time and location, and complete registration online. Most activities can be found and registered for through this system, allowing you to check the latest information and sign up conveniently.",1.0,0.9980268379950413,0.99999999995,Qwen3_no_think
What should you do if you registered for an activity but can no longer attend?,"['If you have registered for an activity but cannot attend due to a change in plans, it is recommended to return to the registration system as soon as possible to cancel your registration, or notify the organizer according to the instructions provided in the activity description.', 'Canceling in advance allows your spot to be released to other students and helps organizers manage attendance more accurately.\n\nPlease note that some activities may record no-shows, and repeated unexcused absences could affect your ability to register for future activities. Therefore, canceling in advance when you know you cannot attend is considered best practice.', 'To avoid unnecessary trips, it is recommended to check the activity description in advance to confirm whether registration is required.']","If you registered for an activity but can no longer attend, you should return to the registration system as soon as possible to cancel your registration or notify the organizer according to the activity description. Canceling in advance allows others to take your spot and helps organizers manage attendance. Some activities may record no-shows, and repeated unexcused absences could affect future registrations. Check the activity description in advance to confirm if registration is required.",1.0,0.9999999999999994,0.99999999995,Qwen3_no_think
What might happen if you repeatedly fail to attend activities you registered for at CCU?,"[""supplementary tests on-site at  the on-campus check-up.   ✓ If you are unable to attend the on-campus check-up, please submit (or mail)  the documents to the Health and Welfare Section directly. Please do not  send them to other offices , as health check -up reports contain sensitive  personal information, and the schoo l will not be responsible for any data  leaks or loss during the process.   5. Fasting Requirement:   Before going to the off -campus hospital, please ask the hospital's check -up  department whether fasting is required, as this could affect the check -up  process.            Information for   Health Examination    56          Health Examination for CCU and ARC  In order to follow government policy, after you register in CCU, you have to  go to the hospital to do your health examination as soon as possible and  provide the health examination report to the Health Center of C CU. Also, in  order to apply for ARC , you must provide your health examination report.  Please complete both health"", 'Most activities can be found and registered for through the CCU Smart Activity and Registration System, where you can check the latest information and sign up online in a convenient manner.', 'You can visit the CCU Smart Activity and Registration System to view the latest on-campus activity information.\n\nThis system compiles events organized by various departments and administrative units. Simply log in with your university account to browse activity details, including time and location, and complete registration online.']","If you repeatedly fail to attend activities you registered for at CCU, it may affect your eligibility for certain services, such as the ARC application, as participation in required activities might be part of the evaluation criteria. Additionally, missing health check-ups could lead to delays in obtaining necessary health reports, which are required for both CCU enrollment and ARC applications. Consistent non-attendance might also impact your academic or administrative standing.",0.4,0.9828073322249996,0.9999999999,Qwen3_no_think
How can students submit a repair request for damaged equipment in a CCU dormitory?,"['If you encounter damaged equipment or need repairs while living in an on-campus dormitory, you can submit a repair request online through the CCU SSO system under the dormitory maintenance platform.\n\nAfter logging in, simply fill out the repair request form, and the responsible unit will arrange for repairs accordingly.', 'CCU dormitories have basic access control and management rules in place to maintain safety and living quality.\n\nResidents typically enter and exit the dormitory by scanning their student ID card, and non-residents are not allowed to enter freely.\n\nDormitories also have staff on duty and regulations regarding the use of public areas, visitors, noise levels, and cleanliness.', 'the  Computer Center; the fee is NT$1,000 per semester.    3.4 Public Facilities  Public Facilities for undergraduate, master, and PhD:  shared washing machines, RO drinking water system,  social lounge.    3.5 Dormitory Network  As soon as you settle down your accommodation which means you’ve got your room  number and bed number, you need to apply dormitory network in order to use the  internet (wired network) in the dorm.  For applying the dormitory network, please submit the document online:   https://www.dorm.ccu.edu.tw/student/login  For more information about dormitory network please refer  to: https://www.dorm.ccu.edu.tw/en or call the ext.14151      13    04        Registration Registration  4.1 University Registration    14   No Work Time Location  Required  Documents Note  1 Dorm  Check-in  Starting  from  Aug 29  Dormitory Passport   2  Dorm  Internet  After the  Dorm  check- in  Office of Information  Technology  (Library 1st floor)  1. CB1 of  Undergraduate  Dormitory (only  7PM- 10PM)  2. Link']","To submit a repair request for damaged equipment in a CCU dormitory, students should log in to the CCU SSO system and access the dormitory maintenance platform. Fill out the repair request form, and the responsible unit will arrange for repairs.",1.0,0.9978123193052074,0.9999999999,Qwen3_no_think
How do you read a bus route map to find your destination?,"['A bus route map usually lists all the bus stops in order. You only need to locate your current stop, check which direction the bus is heading, and then confirm whether the bus will stop at your desired destination.', 'When riding the MRT, you can either buy a single-journey ticket or use an EasyCard.\n\nSingle-journey tickets can be purchased from ticket machines in MRT stations. The ticket is a physical round token. Tap it when entering the station and insert it into the token slot when exiting.', 'After you call, the driver will pick you up at the location you provide. You only need to tell the taxi fleet your current location and your destination to complete the request.']","To read a bus route map, locate your current stop and check the direction the bus is heading. Confirm if the bus stops at your destination. 

When riding the MRT, purchase a single-journey ticket from machines or use an EasyCard. Tap the ticket when entering and insert it when exiting. 

For taxis, inform the driver of your location and destination.",1.0,0.6088106521183496,0.9999999999,Qwen3_no_think
What are the main disadvantages of living in Taiwan without a local bank account?,"['Living in Taiwan without a local bank account is generally less convenient, especially the longer you stay and the more matters you need to handle.', 'Without a Taiwanese bank account, you will mainly rely on cash or foreign bank cards. Cash requires frequent withdrawals and is inconvenient for large payments, while foreign cards may involve usage limits, service fees, or exchange rate costs.', 'Having a Taiwanese bank account makes receiving payments, transferring money, and paying bills much smoother, without the need to rely on cash or ask friends to receive money on your behalf.']","Living in Taiwan without a local bank account has several disadvantages. Cash is inconvenient for large payments and requires frequent withdrawals. Foreign bank cards may have usage limits, service fees, or exchange rate costs. Without a Taiwanese bank account, receiving payments, transferring money, and paying bills is less smooth, relying on cash or asking others to receive money on your behalf.",1.0,0.9953280828027328,0.9999999999666667,Qwen3_no_think
What should you bring when visiting a doctor in Taiwan?,"['you get medical insurance at first that  can cover your medical procedures in Taiwan.    II. National Health Insurance (NHI)  It is necessary to apply National Health Insurance for staying in Taiwan. According to  Taiwan National Health Insurance Act, only students who have stayed for more than 6  months are qualified for NHI. For example, if the date of issue on your ARC is on March  10th, the nearest date you can apply is Sep. 10th.    Registration  4.5 Applying for Resident Visa and  Alien Resident Certificate (ARC)    20     You are required to possess a Resident VISA and an ARC in order to stay in Taiwan for  studying. If you have obtained a Resident VISA before coming to Taiwan, you only need  to apply for an ARC when you ar rive at CCU. This will make things easier. If you did not  apply for a Resident VISA before coming to Taiwan, it is necessary that you apply for a  Resident VISA on your own and then the ARC.    For international students, the Alien Resident Certificate (ARC) serves as their', 'a hat or a pair of  color glasses. Please refer to the sample photo.  If you are worried that the photos taken in  your country may not meet the requirement,  you can take a new photo at CCU campus  photo shop.    4 Your flight ticket to Taiwan   5 Original Diploma and Transcript (Original version)       6  Authenticated version of the Diploma and Transcript (If the original versions  are not in English or Chinese, the English-translated or Chinese-translated  versions should be authenticated as well.)  *Notes: CCU reserves the right to cancel your admission if the above documents are not  presented on the new students’ registration   day.        7  Personal fund  A personal fund of NT $60,000 (approximately US $2,000) for per semester  is suggested.        8  Clothes and other personal belongings/medication  The voltage in Taiwan is 110 V, and the plug please  refer to the sample photo.          9  Telephone  The country code for Taiwan is “886”. This code is needed when someone wants to  make a call to', '19      4.3 Health Examination     All new students are asked to do a simple health check on campus, even if you have  already done the Health Check that the Taipei Representative Office has required.  Notes:  If you wear glasses or contact lenses, please bring the glasses on the day of health  check so that your post-treatment eyesight can be tested.  4.4 Health Insurance    During your stay in Taiwan, you have to apply for health insurance for your own health  and well-being. There are two kinds of insurances available for international students.   The National Health Insurance is for the international students who have an ARC for  more than 6 months.  The Medical Insurance is for the international students who don’t have an ARC or  staying less than 6 months.  You only need to apply for either one of them. Please refer to the following website for  details: https://www.nhi.gov.tw/en/mp-2.html    I. Short-term Medical and Injury Insurance  According to Article 21 of the MOE Regulations Regarding']","When visiting a doctor in Taiwan, you should bring:

- Your National Health Insurance (NHI) card or Short-term Medical Insurance, depending on your stay duration and ARC status.
- Your Alien Resident Certificate (ARC) if applicable.
- Any relevant medical documents or medications you may need.
- Ensure your health check is up to date as required by CCU.",0.4,0.9999999999999997,0.8333333332916666,Qwen3_no_think
Do you need an appointment to visit a clinic in Taiwan?,"['Most clinics accept walk-in registrations, so you can usually see a doctor without an appointment as long as you visit during clinic hours. However, you may need to wait during busy periods.', 'Without NHI, medical costs vary depending on the clinic or hospital.\n\nA single outpatient visit at a clinic usually costs several hundred New Taiwan dollars. Visiting a large hospital or requiring examinations, emergency care, or medications can cost significantly more.', 'you get medical insurance at first that  can cover your medical procedures in Taiwan.    II. National Health Insurance (NHI)  It is necessary to apply National Health Insurance for staying in Taiwan. According to  Taiwan National Health Insurance Act, only students who have stayed for more than 6  months are qualified for NHI. For example, if the date of issue on your ARC is on March  10th, the nearest date you can apply is Sep. 10th.    Registration  4.5 Applying for Resident Visa and  Alien Resident Certificate (ARC)    20     You are required to possess a Resident VISA and an ARC in order to stay in Taiwan for  studying. If you have obtained a Resident VISA before coming to Taiwan, you only need  to apply for an ARC when you ar rive at CCU. This will make things easier. If you did not  apply for a Resident VISA before coming to Taiwan, it is necessary that you apply for a  Resident VISA on your own and then the ARC.    For international students, the Alien Resident Certificate (ARC) serves as their']","Do you need an appointment to visit a clinic in Taiwan?

Most clinics in Taiwan accept walk-in registrations, so you can usually see a doctor without an appointment as long as you visit during clinic hours. However, you may need to wait during busy periods.",1.0,0.9999999999999992,0.9999999999,Qwen3_no_think
How much does an outpatient visit at a clinic typically cost without NHI coverage?,"['Without NHI, medical costs vary depending on the clinic or hospital.\n\nA single outpatient visit at a clinic usually costs several hundred New Taiwan dollars. Visiting a large hospital or requiring examinations, emergency care, or medications can cost significantly more.', 'Without an NHI card, medical visits are fully self-paid, meaning you must cover all costs, including consultations, examinations, and medications. The overall expense will be significantly higher.', 'After joining NHI, when you become ill, injured, or need medical care, you can visit NHI-contracted clinics or hospitals to receive outpatient services, inpatient care, and prescribed medications.\n\nSome preventive care services, such as adult health checkups, are also included under NHI coverage.']","Without NHI coverage, outpatient visit costs vary by clinic or hospital. A single visit usually costs several hundred New Taiwan dollars. Costs increase with examinations, emergency care, or medications. All expenses are self-paid, including consultations and medications. Total expenses are significantly higher. After joining NHI, you can access outpatient services, inpatient care, and prescribed medications at NHI-contracted facilities. Preventive care like adult health checkups is also covered.",1.0,0.8277036175548668,0.99999999995,Qwen3_no_think
Why is a health certificate required as part of the ARC application in Taiwan?,"['An ARC application must include a Health Certificate for Residence or Settlement. This is a basic requirement set by the Taiwanese government for long-term foreign residents, to ensure that applicants do not have infectious diseases that could affect public health. The health check must be conducted at a designated hospital, and both the examination items and the certificate format', 'Generally, you need a valid ARC and proof that you are legally staying in Taiwan for a legitimate purpose.\n\nInternational students are usually required to provide proof of enrollment to explain their reason for staying in Taiwan.', 'you get medical insurance at first that  can cover your medical procedures in Taiwan.    II. National Health Insurance (NHI)  It is necessary to apply National Health Insurance for staying in Taiwan. According to  Taiwan National Health Insurance Act, only students who have stayed for more than 6  months are qualified for NHI. For example, if the date of issue on your ARC is on March  10th, the nearest date you can apply is Sep. 10th.    Registration  4.5 Applying for Resident Visa and  Alien Resident Certificate (ARC)    20     You are required to possess a Resident VISA and an ARC in order to stay in Taiwan for  studying. If you have obtained a Resident VISA before coming to Taiwan, you only need  to apply for an ARC when you ar rive at CCU. This will make things easier. If you did not  apply for a Resident VISA before coming to Taiwan, it is necessary that you apply for a  Resident VISA on your own and then the ARC.    For international students, the Alien Resident Certificate (ARC) serves as their']","The health certificate is required for the ARC application in Taiwan to ensure that applicants do not have infectious diseases that could affect public health. It is a basic requirement set by the Taiwanese government for long-term foreign residents. The health check must be conducted at a designated hospital, and both the examination items and the certificate format are specified.",1.0,0.8724633526177951,0.9999999999,Qwen3_no_think
Where must the health check for an ARC application be conducted?,"['An ARC application must include a Health Certificate for Residence or Settlement. This is a basic requirement set by the Taiwanese government for long-term foreign residents, to ensure that applicants do not have infectious diseases that could affect public health. The health check must be conducted at a designated hospital, and both the examination items and the certificate format', ""(or mail)  the documents to the Health and Welfare Section directly. Please do not  send them to other offices , as health check -up reports contain sensitive  personal information, and the school will not be responsible for any data  leaks or loss during the process.  Information for   Health Examination    55          5. Fasting Requirement:   Before going to the off -campus hospital, please ask the hospital's check -up  department whether fasting is required, as this could affect the check -up  process.             Click here to check hospitals near CCU Information for   Health Examination    56          Health Examination for CCU and ARC  In order to follow government policy, after you register in CCU, you have to  go to the hospital to do your health examination as soon as possible and  provide the health examination report to the Health Center of CCU. Also, in  order to apply for ARC , you must provide your health examination report.  Please complete both health examinations as soon as possible."", ""(or mail)  the documents to the Health and Welfare Section directly. Please do not  send them to other offices , as health check -up reports contain sensitive  personal information, and the school will not be responsible for any data  leaks or loss during the process.  Information for   Health Examination    55          5. Fasting Requirement:   Before going to the off -campus hospital, please ask the hospital's check -up  department whether fasting is required, as this could affect the check -up  process.             Click here to check hospitals near CCU Information for   Health Examination    56          Health Examination for CCU and ARC  In order to follow government policy, after you register in CCU, you have to  go to the hospital to do your health examination as soon as possible and  provide the health examination report to the Health Center of CCU. Also, in  order to apply for ARC , you must provide your health examination report.  Please complete both health examinations as soon as possible.""]",The health check for an ARC application must be conducted at a designated hospital. Both the examination items and the certificate format should be followed. The health check-up reports must be sent directly to the Health and Welfare Section via mail or in person. Do not send them to other offices to avoid data leaks or loss. Ensure to complete the health examination as soon as possible after registration at CCU.,1.0,0.9342163066929537,0.9999999999666667,Qwen3_no_think
What types of food are available at the student cafeteria inside the CCU Activity Center?,"['For noodle lovers, places such as Red Pavilion Noodles, Beef Tendon Earl, Da Si Xi Beef Noodles, and Hao Wei Noodle House offer dry noodles, beef noodles, and traditional soup noodles, and are regular choices for many students.\n\nFried food and late-night snacks are especially popular near CCU. Shops such as Cai Ge Fried Chicken, Feng Fried Chicken, Chung Cheng Chicken Yard, Hai Pai Fried Snacks, and Ai Hen Pepper Chicken usually open from evening until late night or even early morning, making them ideal for late-night meals after studying. For braised snacks, Wen Family Cold Braised Snacks, Ten Mu Tian Braised Snacks, You Go Braised Snacks, and Hao Ji Braised Snacks are also very popular and mostly operate in the evening.', 'The campus mainly has convenience stores and student cafeterias.\n\nFor convenience stores, CCU has three FamilyMart locations: on the second floor of the Activity Center, on the first floor of the Classroom Building, and inside the Student Housing building. These stores are convenient for buying drinks, bread, or simple meals.', 'Most convenience stores near CCU are FamilyMart. There are three on campus, located in the Activity Center (2F), the Classroom Building (1F), and the Student Housing building.']","The student cafeteria inside the CCU Activity Center offers a variety of food options, including dry noodles, beef noodles, and traditional soup noodles. Popular choices include Red Pavilion Noodles, Beef Tendon Earl, Da Si Xi Beef Noodles, and Hao Wei Noodle House. Additionally, convenience stores within the Activity Center provide drinks, bread, and simple meals.",0.25,0.9906927159796944,0.0,Qwen3_no_think
Where on campus can students buy a quick meal or snack besides the cafeteria?,"['The campus mainly has convenience stores and student cafeterias.\n\nFor convenience stores, CCU has three FamilyMart locations: on the second floor of the Activity Center, on the first floor of the Classroom Building, and inside the Student Housing building. These stores are convenient for buying drinks, bread, or simple meals.', 'On campus, you can visit the Campus Store (員生社) to buy most daily items, including bedding, toiletries, stationery, snacks, fruits, and vegetables.\n\nOff campus, Mei Lian She (美聯社) also sells similar daily goods.', 'compared to convenience stores. It is one of the most popular places for students to shop for groceries and household items.']","On campus, students can buy quick meals or snacks at convenience stores like FamilyMart located on the second floor of the Activity Center, first floor of the Classroom Building, and inside the Student Housing building. They can also visit the Campus Store (員生社) for daily items including snacks and fruits. Off campus, Mei Lian She (美聯社) offers similar options.",0.8333333333333334,0.9396116720279624,0.99999999995,Qwen3_no_think
Where on campus can students buy daily necessities such as bedding and toiletries?,"['On campus, you can visit the Campus Store (員生社) to buy most daily items, including bedding, toiletries, stationery, snacks, fruits, and vegetables.\n\nOff campus, Mei Lian She (美聯社) also sells similar daily goods.', 'compared to convenience stores. It is one of the most popular places for students to shop for groceries and household items.', 'Daily amenities around the campus gate mainly include restaurants and convenience stores, which meet basic living needs.']","On campus, students can buy daily necessities like bedding and toiletries at the Campus Store (員生社). Off campus, Mei Lian She (美聯社) also sells similar items. Both are popular for groceries and household needs. Daily amenities near the campus gate include restaurants and convenience stores for basic living needs.",0.8,0.9472076959775574,0.8333333332916666,Qwen3_no_think
"Where is the nearest large supermarket to CCU, and how far is it?","['There are no large shopping centers very close to the university, but there are two PX Mart locations about 4–5 kilometers from CCU. PX Mart is a well-known supermarket chain in Taiwan where you can buy a more complete selection of daily necessities, as well as fresher and more diverse ingredients compared to convenience stores. It is one of the most popular places for students to', 'Most convenience stores near CCU are FamilyMart. There are three on campus, located in the Activity Center (2F), the Classroom Building (1F), and the Student Housing building.', 'Shops  There are three convenient stores “Family Mart” on the campus .One is located  in the Students Activity Center; it opens for 24 hours. The other one open during  the office hour and it locates in the center of general education. Except the  convenient stores, there are also beverage shop, coffee shop, vegetarian food  stand, noodle shop, fruit shop, post office, hair -cut salon, bookstore, and so  forth, located in the Student Activity Center. You can even become the  University Supermarket’s “shareholder” by simp ly buy a share of NT$100 and  get your yearly bonus. That NT$100 share is refundable when you graduate.    Hospitals and Clinics  CCU provides on-campus clinics in Health Center. Some Hospitals information  is provided below：    Hospital Address Telephone Website  Tzu Chi Hospital  (Dalin)  No.2, Minsheng Rd., Dalin  Township, Chiayi County 622,  Taiwan  (05) 264-8000  (ext. 5920, 5921)  https://dalin.tzuchi- healthcare.org.tw/   Chiayi Christian  Hospital  No.539, Zhongxiao Rd., East  Dist,']","The nearest large supermarket to CCU is PX Mart, located about 4–5 kilometers away. It offers a wide range of daily necessities and fresh ingredients. There are two PX Mart locations nearby.",0.75,0.9967801830222632,0.9999999999,Qwen3_no_think
Where can students buy textbooks and stationery on the CCU campus?,"['The campus mainly has convenience stores and student cafeterias.\n\nFor convenience stores, CCU has three FamilyMart locations: on the second floor of the Activity Center, on the first floor of the Classroom Building, and inside the Student Housing building. These stores are convenient for buying drinks, bread, or simple meals.', 'If you need to make copies or print on campus, you can use the services provided by the CCU Library and the Information Center.', 'Most convenience stores near CCU are FamilyMart. There are three on campus, located in the Activity Center (2F), the Classroom Building (1F), and the Student Housing building.']","Students can buy textbooks and stationery at convenience stores on the CCU campus. There are three FamilyMart locations: Activity Center (2F), Classroom Building (1F), and Student Housing building. These stores offer drinks, bread, and simple meals. For copying or printing, use the CCU Library and Information Center services.",0.8,0.955496657486074,0.0,Qwen3_no_think
"Can students renew borrowed books at the CCU Library, and how many times?","['the books you borrow are  reserved by others.  4. To protect your privilege, you are recommended to check your borrowing  status every 10 days at the following site   ( https://lib.ccu.edu.tw/ ).  5. Method: Library Home Page & Select「My Account/Renew」.  (https://idm.lib.ccu.edu.tw/sso/idm/saml2/login/?next=/saml2/idp/logi n /process/).  6. Use email for receiving library announcement  ⚫ To protect the environment, it is preferred to reduce the paper used by  announcements.  ⚫ School library does not have record of your email address. You will have  to register yourself.  ⚫ Method: Log in school website → Select「個人借閱查詢」→ Login  → Select「修改住址/E-mail」.  7. Food and beverage are not allowed in the library.  8. Please turn your cell phone to vibration mode in the library  ⚫ Food residuals may cause crawling insects, and destroy  environmental  cleanliness; improper use of cell phone may affect the rights of others.  ⚫ Violator of these regulations is subject to mark down of points, and may  lose the borrowing', 'Students may borrow home-use audiovisual materials from the CCU Library, with a maximum of 4 items at a time. The loan period for these materials is 7 days.\n\nIf audiovisual materials are needed for student clubs or events and are approved by the relevant units, public-performance versions may also be borrowed according to library regulations.', 'As long as you are a currently enrolled student at National Chung Cheng University, you can use your student ID to borrow books from the CCU Library, regardless of whether you are an international student.']","Students can renew borrowed books at the CCU Library. The Retrieved Context mentions checking borrowing status every 10 days and renewing via the library's website. However, the specific number of renewal times is not stated.",0.75,0.0,0.9999999999,Qwen3_no_think
What types of library materials can only be used inside the library and cannot be checked out?,"['Materials such as reference books, journals, newspapers, course reserves designated by professors, and special collections like maps or microforms are generally for in-library use only.\n\nFor course reserve books, students may register at the service counter with their student ID and borrow up to 4 items for 2 hours of in-library use.', 'Please note that newly acquired audiovisual materials are generally restricted to in-library use only during the first two months after being shelved and cannot be borrowed during that period.', 'If no other user has reserved the materials, the usage time may be extended according to library regulations.']","The following library materials can only be used inside the library and cannot be checked out:

- Reference books
- Journals
- Newspapers
- Course reserves designated by professors
- Special collections (e.g., maps, microforms)
- Newly acquired audiovisual materials (for the first two months after shelving)

For course reserve books, students may borrow up to 4 items for 2 hours of in-library use, with possible extensions if no one has reserved them.",1.0,0.9600349863957008,0.99999999995,Qwen3_no_think
"How many course reserve items can a student borrow at once, and for how long?","['Materials such as reference books, journals, newspapers, course reserves designated by professors, and special collections like maps or microforms are generally for in-library use only.\n\nFor course reserve books, students may register at the service counter with their student ID and borrow up to 4 items for 2 hours of in-library use.', 'Students may also make online reservations in advance. Each person may hold up to four time slots at the same time.', 'Students may borrow home-use audiovisual materials from the CCU Library, with a maximum of 4 items at a time. The loan period for these materials is 7 days.\n\nIf audiovisual materials are needed for student clubs or events and are approved by the relevant units, public-performance versions may also be borrowed according to library regulations.']",Students may borrow up to 4 course reserve items for 2 hours of in-library use at a time. Each person may hold up to four time slots simultaneously for course reserve materials.,0.6666666666666666,0.8278264805504064,0.9999999999,Qwen3_no_think
What public spaces at CCU are suitable for resting or reading between classes?,"['There are several public spaces on campus that are suitable for resting or reading.\n\nInside the CCU Library, in addition to self-study rooms, there are general reading areas and seating where you can read quietly or use a laptop.\n\nThe Activity Center also has open seating and public spaces that are suitable for short breaks, waiting for others, or light reading.', 'The CCU Library provides self-study rooms, research carrels, and discussion rooms to meet different student needs.\n\nSelf-study rooms are designed for quiet study. Students may enter by scanning their student ID during opening hours and select seats through the system.', ""may cause crawling insects, and destroy  environmental  cleanliness; improper use of cell phone may affect the rights of others.  ⚫ Violator of these regulations is subject to mark down of points, and may  lose the borrowing privilege, access to audio -visual center, and access  to library facilities!   CCU Campus Life    32      The layout of each floor is as follows:  https://lib.ccu.edu.tw/p/426-1011-57.php?Lang=zh-tw    Basement Study room (open for 24 hours during the midterm and finals  weeks)  1st floor  Audio-Visual Center, Cafeteria, Offices of Acquisition and  Cataloging Division, Audio -Visual Resources Division, Center  of language study, Center of cultural events  2nd floor  General Information Desk, Reference Desk, Circulation Desk,  Database Research Area, Reference Materials, Microform  Materials, Current Journals, Photocopy Room, Office of  Reader's Services Division  3rd floor Newspapers Reading Area, Bound Western Journals, Art  Exhibition Hall, Study Carrels  4th floor Bound East-Asian""]","The CCU Library offers general reading areas and seating for quiet reading or laptop use. The Activity Center provides open seating and spaces for short breaks or light reading. The library also has self-study rooms, research carrels, and discussion rooms for different needs. Self-study rooms require scanning student ID and selecting seats via a system.",1.0,0.7810930621387917,0.9999999999666667,Qwen3_no_think
Where can CCU students use computers on campus free of charge?,"['The Information Center, located next to the main entrance of the CCU Library, provides a computer-use area with several computers available for students to use free of charge.', 'King bus http://www.kingbus.com.tw/  8 Taiwan High Speed Rail https://www.thsrc.com.tw/index_en.html  9 Taiwan Railways administration  https://tip.railway.gov.tw/tra-tip- web/tip?lang=EN_US  10 Travel in Chiayi City https://travel.chiayi.gov.tw/English  11 Travel in Chiayi County https://tbocc.cyhg.gov.tw/en/  12 Chiayi County Performing Art Center https://cypac.cyhg.gov.tw/en/  13 Chiayi County Police Bureau https://www.cypd.gov.tw/english    CCU Campus Life    30      Computer  Our campus network has been built up nearly perfect. Users can connect to  Internet from any labs or offices on campus, or even residence halls. There  are also 6 computer classrooms in computer center, Library and  Information building, which are open for both students and teaching  purposes.  Opening time as bellow:  ◼ Monday to Friday: 08:00-21:00  (09 : 00 – 17 : 00 during summer and winter vacation)    On-Campus Wireless Internet  Student can log in to CCU wireless network with CCU student email  account and password.  For', 'Any currently enrolled CCU student may use these computers. They are suitable for temporary needs such as internet access, document processing, or information searches.']","CCU students can use computers free of charge in the Information Center, located next to the main entrance of the CCU Library. The campus network allows internet access from labs, offices, and residence halls. There are 6 computer classrooms in the Computer Center, Library, and Information Building, open for students and teaching purposes. Opening hours are Monday to Friday: 08:00-21:00 (09:00–17:00 during summer and winter vacations). Students can log in to the wireless network using their CCU student email account and password.",1.0,0.8828951232950204,0.99999999995,Qwen3_no_think
Where can students make photocopies or print documents on the CCU campus?,"['Students can use photocopying and printing services at the CCU Library.\n\nTo use the service, first go to the service counter inside the library to borrow a photocopy card. Then proceed to the photocopy room located on the right-hand side after entering the main library entrance, where computers and photocopiers are available.', 'If you need to make copies or print on campus, you can use the services provided by the CCU Library and the Information Center.', ""destroy  environmental  cleanliness; improper use of cell phone may affect the rights of others.  ⚫ Violator of these regulations is subject to mark down of points, and may  lose the borrowing privilege, access to audio -visual center, and access  to library facilities!   CCU Campus Life    32      The layout of each floor is as follows:  https://lib.ccu.edu.tw/p/426-1011-57.php?Lang=zh-tw    Basement Study room (open for 24 hours during the midterm and finals  weeks)  1st floor  Audio-Visual Center, Cafeteria, Offices of Acquisition and  Cataloging Division, Audio -Visual Resources Division, Center  of language study, Center of cultural events  2nd floor  General Information Desk, Reference Desk, Circulation Desk,  Database Research Area, Reference Materials, Microform  Materials, Current Journals, Photocopy Room, Office of  Reader's Services Division  3rd floor Newspapers Reading Area, Bound Western Journals, Art  Exhibition Hall, Study Carrels  4th floor Bound East-Asian Journals, Maps & Atlas, Carrels,""]","Students can make photocopies or print documents at the CCU Library. To use the service, first go to the service counter to borrow a photocopy card. Then proceed to the photocopy room located on the right-hand side after entering the main library entrance. Additionally, the Information Center also provides printing services on campus.",1.0,0.9426005389065315,0.5833333333041666,Qwen3_no_think
What is the difference in payment method between printing at the library and at the Information Center?,"['At the Information Center next to the library, printing services are also available. You first add value at the service counter, where staff will ask for your student ID number and load the amount into the system. When using the Information Center computers, you log in with your student ID number and can directly copy or print.', 'At the library, you can use photocopying and printing equipment by first borrowing a photocopy card from the service counter. Then, operate the machines in the copy room and return to the counter afterward to settle the payment. Fees are calculated based on the actual number of pages copied or printed.', 'Please note that the library and the Information Center use different payment methods. You may choose the location that is more convenient for your needs.']","The payment methods differ between the library and the Information Center. At the Information Center, you add value at the service counter using your student ID, then log in and print directly. At the library, you borrow a photocopy card, use the machines, and return to settle payment based on actual pages.",1.0,0.928247387830663,0.9999999999666667,Qwen3_no_think
"Where is the CCU Post Office located, and what services does it offer?","['The CCU Post Office is located on the first floor of the Activity Center.\n\nAt the post office, you can send letters and parcels, receive registered mail, and use basic financial services such as deposits, withdrawals, transfers, and bill payments. You can also purchase stamps and postal supplies.', 'If you need to make copies or print on campus, you can use the services provided by the CCU Library and the Information Center.', 'CRS-I form, and   NTD 100 to the Post Office in CCU to apply for your financial   account of Post Office.']","The CCU Post Office is located on the first floor of the Activity Center. It offers services such as sending letters and parcels, receiving registered mail, and providing basic financial services including deposits, withdrawals, transfers, and bill payments. You can also purchase stamps and postal supplies.",1.0,0.9950106408015754,0.9999999999,Qwen3_no_think
What outdoor sports facilities are available at the CCU Sports Center?,"['Facilities  National Chung Cheng University has the most beautiful campus in Taiwan, and  comprehensive sports facilities. Our outdoor facilities include: 12 tennis courts,  6 volleyball courts, 6 basketball courts, a soccer field, a softball field, a baseball  field, go lf driving range, track, and swimming pool. We also have a large  gymnasium that houses weight training equipment, bowling center, table tennis  courts, squash racquet courts, and etc.      CCU Campus Life    34      Driver’s license  If you want to drive in Taiwan, you must have a driving license. It’s left- hand  drive in Taiwan. You may either takes the exam for driver’s license or  change your home country driving license to Taiwan driving license at  Directorate General of Highways, MOTC. Please note that it is illegal to drive  without a valid driving license. The maximum penalty is NT$24,000 for both  motorcycles and cars. For further information about driving license, please  do not hesitate to visit the website at', 'Facilities  National Chung Cheng University has the most beautiful campus in Taiwan, and  comprehensive sports facilities. Our outdoor facilities include: 12 tennis courts,  6 volleyball courts, 6 basketball courts, a soccer field, a softball field, a baseball  field, go lf driving range, track, and swimming pool. We also have a large  gymnasium that houses weight training equipment, bowling center, table tennis  courts, squash racquet courts, and etc.      CCU Campus Life    34      Driver’s license  If you want to drive in Taiwan, you must have a driving license. It’s left- hand  drive in Taiwan. You may either takes the exam for driver’s license or  change your home country driving license to Taiwan driving license at  Directorate General of Highways, MOTC. Please note that it is illegal to drive  without a valid driving license. The maximum penalty is NT$24,000 for both  motorcycles and cars. For further information about driving license, please  do not hesitate to visit the website at', 'University has the most beautiful campus in Taiwan, and  comprehensive sports facilities. Our outdoor facilities include: 12 tennis courts,  6 volleyball courts, 6 basketball courts, a soccer field, a softball field, a baseball  field, golf driving range, track, and swimming pool. We also have a large  gymnasium that houses weight training equipment, bowling center, table tennis  courts, squash racquet courts, and etc.      CCU Campus Life    34      Driver’s license  If you want to drive in Taiwan, you must have a driving license. It’s left- hand  drive in Taiwan. You may either takes the exam for driver’s license or  change your home country driving license to Taiwan driving license at  Directorate General of Highways, MOTC. Please note that it is illegal to drive  without a valid driving license. The maximum penalty is NT$24,000 for both  motorcycles and cars. For further information about driving license, please  do not hesitate to visit the website at https://www.mvdis.gov.tw/m3-emv- eng/    Required']","The outdoor sports facilities at CCU Sports Center include 12 tennis courts, 6 volleyball courts, 6 basketball courts, a soccer field, a softball field, a baseball field, a golf driving range, a track, and a swimming pool.",1.0,0.9985108695287144,0.9999999999666667,Qwen3_no_think
What indoor sports facilities are available at the CCU Sports Center?,"['Indoor facilities are mainly located in the Sports Center and include multipurpose indoor courts, an indoor running track, squash courts, a gym, table tennis rooms, dance studios, martial arts rooms, an auditorium, badminton courts, and a climbing wall.', 'The National Chung Cheng University Sports Center provides a wide range of indoor and outdoor sports facilities.', 'Students may use Sports Center facilities by bringing their student ID and scanning it at the entrance to verify their identity.\n\nAfter verification, students may enter and use general sports facilities and the swimming pool free of charge.\n\nNon-CCU individuals are required to purchase tickets according to regulations.']","The indoor sports facilities at CCU Sports Center include multipurpose indoor courts, an indoor running track, squash courts, a gym, table tennis rooms, dance studios, martial arts rooms, an auditorium, badminton courts, and a climbing wall. Students can use these facilities by presenting their student ID and scanning it at the entrance. General sports facilities and the swimming pool are free of charge for students. Non-CCU individuals must purchase tickets.",1.0,0.9374094091651531,0.9999999999,Qwen3_no_think
"Does CCU have a swimming pool, and what activities does it support?","['In addition, the swimming complex also has an indoor heated standard swimming pool, which supports activities such as water polo, diving, and training.\n\nOverall, whether for daily exercise, fitness training, or group activities, the campus offers a wide variety of sports facilities to meet different needs.', 'CCU dormitories provide a variety of shared living facilities to support daily life.\n\nSelf-service washing machines and dryers are available for laundry needs, and most dormitory buildings also include common rooms or shared spaces for resting, socializing, or studying.', 'Students may use Sports Center facilities by bringing their student ID and scanning it at the entrance to verify their identity.\n\nAfter verification, students may enter and use general sports facilities and the swimming pool free of charge.\n\nNon-CCU individuals are required to purchase tickets according to regulations.']","CCU has an indoor heated standard swimming pool as part of its swimming complex. The pool supports activities such as water polo, diving, and training. Students can use the swimming pool and general sports facilities free of charge by presenting their student ID and scanning it at the entrance. Non-CCU individuals must purchase tickets. The swimming pool is accessible for daily exercise, fitness training, and group activities.",1.0,0.8698720971035124,0.8333333332916666,Qwen3_no_think
"Where is the Health Care Center located on the CCU campus, and what are its service hours?","['National Chung Cheng University has a Health Care Center located on the second floor of the Activity Center. Service hours are Monday to Friday, from 9:00 a.m. to 5:00 p.m.', 'Rd., Dalin  Township, Chiayi County 622,  Taiwan  (05) 264-8000  (ext. 5920, 5921)  https://dalin.tzuchi- healthcare.org.tw/   Chiayi Christian  Hospital  No.539, Zhongxiao Rd., East  Dist, Chiayi City 600, Taiwan (05) 2764994 http://elearn2.cych.org.tw /1900/en/index.php  Chang Gung  Memorial Hospital  (Chiayi)  No.8, Sec. W., Jiapu Rd., Puzi  City, Chiayi County 613, Taiwan (05) 3621000 https://www.cgmh.org.tw/e ng/about/system  St. Martin De Porres  Hospital  No.565, Sec. 2, Daya Rd., East  Dist., Chiayi City 600, Taiwan (05) 2756555 https://www.stm.org.tw/s tm_en/  Huider Clinic  No. 281, Sec 1, University Road,  Minxiong Township, Chiayi  County 621, Taiwan  (05) 2721665 https://www.facebook.com /wedeclinic?locale=zh_TW CCU Campus Life    28        Eating-out  Besides enjoying your meals on campus restaurants, you also can find more  restaurants off the campus. For example, walking straight from the front gate of  CCU, you will find many restaurants, stands along two sides of the roads.  Furthermore,', 'provided.    On Campus Shops  There are three convenient stores “Family Mart” on the campus .One is located  in the Students Activity Center; it opens for 24 hours. The other one open during  the office hour and it locates in the center of general education. Except the  convenient stores, there are also beverage shop, coffee shop, vegetarian food  stand, noodle shop, fruit shop, post office, hair -cut salon, bookstore, and so  forth, located in the Student Activity Center. You can even become the  University Supermarket’s “shareholder” by simp ly buy a share of NT$100 and  get your yearly bonus. That NT$100 share is refundable when you graduate.    Hospitals and Clinics  CCU provides on-campus clinics in Health Center. Some Hospitals information  is provided below：    Hospital Address Telephone Website  Tzu Chi Hospital  (Dalin)  No.2, Minsheng Rd., Dalin  Township, Chiayi County 622,  Taiwan  (05) 264-8000  (ext. 5920, 5921)  https://dalin.tzuchi- healthcare.org.tw/   Chiayi Christian  Hospital  No.539,']","The Health Care Center is located on the second floor of the Activity Center. Service hours are Monday to Friday, from 9:00 a.m. to 5:00 p.m.",1.0,0.8221870318576688,0.9999999999,Qwen3_no_think
What types of medical equipment can students borrow from the CCU Health Care Center?,"['At the Health Care Center, you can borrow basic medical and assistive equipment, including crutches, cold packs, hot packs, first-aid kits, and thermometers.', 'Students may borrow home-use audiovisual materials from the CCU Library, with a maximum of 4 items at a time. The loan period for these materials is 7 days.\n\nIf audiovisual materials are needed for student clubs or events and are approved by the relevant units, public-performance versions may also be borrowed according to library regulations.', 'Students can use photocopying and printing services at the CCU Library.\n\nTo use the service, first go to the service counter inside the library to borrow a photocopy card. Then proceed to the photocopy room located on the right-hand side after entering the main library entrance, where computers and photocopiers are available.']","The Health Care Center provides basic medical and assistive equipment for borrowing, including crutches, cold packs, hot packs, first-aid kits, and thermometers.",1.0,0.7805772856819138,0.9999999999,Qwen3_no_think
What self-service health measurements can students take at the CCU Health Care Center?,"['Overseas Chinese Students:   They may need to complete additional health check-up items, specifically  the ""Residence or Settlement Health Check-up Items Form”.  You can find two kinds of form in handbook or the website.    Information for   Health Examination    52              6. Further Details:   For more information, please refer to the Health and Welfare Section\'s  webpage or follow their Facebook/Instagram.       Information for   Health Examination    53            On-campus health Examination    What When Remark  Do a health check to  complete the CCU  student Health  Examination  115.03.05 (Thu)  09:30-13:30    * Please come before  13:00.  Mandatory for every new student  Fees: NTD$630    Documents required:  ⚫ Your passport  ⚫ CCU student Health Examination form    If you miss the health check that we arrange  on campus, you must go to the hospital by  yourself. The fees will be more expensive.      Health Check-up Instructions  1. Please be sure to bring the health check-up form and fill out the', 'Overseas Chinese Students:   They may need to complete additional health check-up items, specifically  the ""Residence or Settlement Health Check-up Items Form”.  You can find two kinds of form in handbook or the website.    Information for   Health Examination    52              6. Further Details:   For more information, please refer to the Health and Welfare Section\'s  webpage or follow their Facebook/Instagram.       Information for   Health Examination    53            On-campus health Examination    What When Remark  Do a health check to  complete the CCU  student Health  Examination  115.03.05 (Thu)  09:30-13:30    * Please come before  13:00.  Mandatory for every new student  Fees: NTD$630    Documents required:  ⚫ Your passport  ⚫ CCU student Health Examination form    If you miss the health check that we arrange  on campus, you must go to the hospital by  yourself. The fees will be more expensive.      Health Check-up Instructions  1. Please be sure to bring the health check-up form and fill out the', 'items, specifically  the ""Residence or Settlement Health Check-up Items Form”.  You can find two kinds of form in handbook or the website.    Information for   Health Examination    52              6. Further Details:   For more information, please refer to the Health and Welfare Section\'s  webpage or follow their Facebook/Instagram.       Information for   Health Examination    53            On-campus health Examination    What When Remark  Do a health check to  complete the CCU  student Health  Examination  114.09.03 (Wed)  09:00-10:00    * Please come before  10:00.  Mandatory for every new student  Fees: NTD$630    Documents required:  ⚫ Your passport  ⚫ CCU student Health Examination form    If you miss the health check that we arrange  on campus, you must go to the hospital by  yourself. The fees will be more expensive.      Health Check-up Instructions  1. Please be sure to bring the health check-up form and fill out the self-reported  sections on the front. For the 3 days prior to the check-up,']","Overseas Chinese students at CCU may need to complete additional health check-up items, specifically the ""Residence or Settlement Health Check-up Items Form."" They can find two types of forms in the handbook or on the website. The on-campus health examination is mandatory for new students, with a scheduled date and time. Students must bring their passport and the CCU student Health Examination form. If they miss the on-campus check-up, they must go to the hospital themselves, which may incur higher fees.",1.0,0.7025424897442957,0.9999999999666667,Qwen3_no_think
Is enrollment in CCU's Student Group Insurance mandatory?,"['The Student Group Insurance at National Chung Cheng University is a group insurance plan that provides basic coverage for enrolled students. As long as you have student status at CCU, including students on leave, you may choose to enroll voluntarily. Enrollment is not mandatory, but the university encourages participation to ensure students have basic financial protection in case of accidents or hospitalization.', 'items, specifically  the ""Residence or Settlement Health Check-up Items Form”.  You can find two kinds of form in handbook or the website.    Information for   Health Examination    52              6. Further Details:   For more information, please refer to the Health and Welfare Section\'s  webpage or follow their Facebook/Instagram.       Information for   Health Examination    53            On-campus health Examination    What When Remark  Do a health check to  complete the CCU  student Health  Examination  114.09.03 (Wed)  09:00-10:00    * Please come before  10:00.  Mandatory for every new student  Fees: NTD$630    Documents required:  ⚫ Your passport  ⚫ CCU student Health Examination form    If you miss the health check that we arrange  on campus, you must go to the hospital by  yourself. The fees will be more expensive.      Health Check-up Instructions  1. Please be sure to bring the health check-up form and fill out the self-reported  sections on the front. For the 3 days prior to the check-up,', 'Non-CCU individuals are required to purchase tickets according to regulations.\n\nPlease note that although students do not need to pay to enter the Sports Center itself, use of the gym still requires a NT$30 fee per visit.']","The Student Group Insurance at CCU is not mandatory. Enrollment is voluntary for all enrolled students, including those on leave. The university encourages participation to provide basic financial protection in case of accidents or hospitalization.",1.0,0.9844989992498379,0.9999999999,Qwen3_no_think
What types of accidents are covered under CCU's Student Group Insurance?,"['The main coverage falls into two categories: accidental injuries and illnesses. Accidental injuries include situations such as traffic accidents, falls while walking or exercising, burns or scalds, sports injuries, and animal or insect bites. For illnesses, coverage mainly focuses on hospitalization and surgery. General outpatient visits for illnesses are usually not covered.', 'The Student Group Insurance at National Chung Cheng University is a group insurance plan that provides basic coverage for enrolled students. As long as you have student status at CCU, including students on leave, you may choose to enroll voluntarily. Enrollment is not mandatory, but the university encourages participation to ensure students have basic financial protection in case of accidents or hospitalization.', 'Student group insurance does not cover outpatient visits for illnesses, emergency visits for illnesses, or outpatient dental procedures, unless they are caused by accidental injuries.']","The Student Group Insurance at CCU covers accidental injuries and illnesses. Accidental injuries include traffic accidents, falls, burns, sports injuries, and animal/insect bites. For illnesses, coverage includes hospitalization and surgery. Outpatient visits, emergency visits for illnesses, and outpatient dental procedures are not covered, except those caused by accidental injuries.",0.8571428571428571,0.9043776042371873,0.8333333332916666,Qwen3_no_think
Does CCU's Student Group Insurance cover general outpatient visits for illness?,"['Student group insurance does not cover outpatient visits for illnesses, emergency visits for illnesses, or outpatient dental procedures, unless they are caused by accidental injuries.', 'The Student Group Insurance at National Chung Cheng University is a group insurance plan that provides basic coverage for enrolled students. As long as you have student status at CCU, including students on leave, you may choose to enroll voluntarily. Enrollment is not mandatory, but the university encourages participation to ensure students have basic financial protection in case of accidents or hospitalization.', 'The main coverage falls into two categories: accidental injuries and illnesses. Accidental injuries include situations such as traffic accidents, falls while walking or exercising, burns or scalds, sports injuries, and animal or insect bites. For illnesses, coverage mainly focuses on hospitalization and surgery. General outpatient visits for illnesses are usually not covered.']","The Student Group Insurance at CCU does not cover general outpatient visits for illness. It provides coverage for accidental injuries and illnesses mainly focusing on hospitalization and surgery. Outpatient dental procedures and emergency visits for illnesses are also not covered, except those caused by accidental injuries.",0.8333333333333334,0.8301041639560524,0.9999999999666667,Qwen3_no_think
What categories of student clubs are available at National Chung Cheng University?,"['National Chung Cheng University has a very diverse range of student clubs, which can broadly be categorized into academic, sports, recreational, social, service-oriented, artistic, and music-related clubs. International students are welcome to join based on their interests.\n\nAcademic clubs include groups such as the FinTech Club, AIESEC in CCU, the Innovation and Entrepreneurship Club, the CCU Cybersecurity Research Club, the Debate Club, and the Astronomy Club.', 'National Chung Cheng University provides on-campus student dormitories that enrolled students, including international students, can apply for.', 'National Chung Cheng University offers a wide variety of on-campus activities.\n\nAlmost every department and administrative unit regularly organizes different types of events, including academic lectures, coursework- and research-related activities, as well as activities focused on stress relief, mental and physical well-being, career exploration, and employment guidance.']","The student clubs at National Chung Cheng University are categorized into academic, sports, recreational, social, service-oriented, artistic, and music-related clubs. International students can join based on their interests. Academic clubs include the FinTech Club, AIESEC in CCU, the Innovation and Entrepreneurship Club, the CCU Cybersecurity Research Club, the Debate Club, and the Astronomy Club.",1.0,0.934839093526895,0.9999999999,Qwen3_no_think
Where can students find the complete and up-to-date list of student clubs at CCU?,"['To view the complete and most up-to-date list of student clubs, you can visit the official website of the CCU Extracurricular Activities Section, which provides information on current clubs, their categories, contact details, and recruitment information.', 'National Chung Cheng University has a very diverse range of student clubs, which can broadly be categorized into academic, sports, recreational, social, service-oriented, artistic, and music-related clubs. International students are welcome to join based on their interests.\n\nAcademic clubs include groups such as the FinTech Club, AIESEC in CCU, the Innovation and Entrepreneurship Club, the CCU Cybersecurity Research Club, the Debate Club, and the Astronomy Club.', 'Most student clubs on campus do not restrict membership by nationality. As long as you are a currently enrolled CCU student, clubs generally welcome international students to join.\n\nWhether a club focuses on academics, sports, music and performance, service, or cultural exchange, you are free to participate according to your interests.']","To find the complete and up-to-date list of student clubs at CCU, visit the official website of the CCU Extracurricular Activities Section. The website provides information on current clubs, their categories, contact details, and recruitment information. International students are welcome to join clubs based on their interests, as most clubs do not restrict membership by nationality. Clubs are categorized into academic, sports, recreational, social, service-oriented, artistic, and music-related groups.",1.0,0.953720667058566,0.9999999999,Qwen3_no_think
Do all on-campus activities at CCU require prior registration?,"['You can visit the CCU Smart Activity and Registration System to view the latest on-campus activity information.\n\nThis system compiles events organized by various departments and administrative units. Simply log in with your university account to browse activity details, including time and location, and complete registration online.', 'Most activities can be found and registered for through the CCU Smart Activity and Registration System, where you can check the latest information and sign up online in a convenient manner.', 'and  Transcript must  be authenticated  by the Taiwanese  Representative  Office in your  country    2. After OIA check  all the required  documents, you  need to go to  Academic Office  to complete the  registration.  6  Health  Check for  Freshmen    Sep 03    (Auditorium)      1. CCU Health  Examination Form   2. Fee NT$630  3. Passport  4. Registration Sheet  Metal Accessories and  contact lenses are not  allowed. If you need to  wear contact lenses,  please bring your own  contact lens case.   Registration  4.1 University Registration    16   No Work Time Location on Required  Document s  Note  7 Registration  Before    Sep 8  (1F of East Wing  Administrative  Building)      1. Photocopy of  Passport & Visa  (with the stamp of  entering Taiwan)  2. Diploma (Photocopy  of Original and  Authenticated  version)  3. Transcript (Photocopy  of Original and  Authenticated  version)  4. Student academic  record entry form  (Print out)  5. Registration sheet          1. The Office of  Academic Affairs  will']","Most on-campus activities require prior registration through the CCU Smart Activity and Registration System. You can log in with your university account to browse details, including time, location, and complete registration online. However, some activities might not require registration, as the context does not specify all cases. For specific activities, check the system for details.",0.8571428571428571,0.9169578462045179,0.99999999995,Qwen3_no_think
What kinds of activities does the CCU Office of International Affairs organize for international students?,"['The Office of International Affairs at National Chung Cheng University regularly organizes activities specifically designed for international students.\n\nThese activities include orientation events, cultural exchange programs, daily life briefings, and festival experiences, all of which help international students adapt more quickly to campus life and living in Taiwan.', 'experience in pursuing your academic study and research  at CCU.    Since this may be the first time you visit Taiwan or CCU, and there will be many  procedures and responsibilities you will soon have to work on, we have prepared  the Handbook for International Students to help you go through these tasks  smoothly.    In what follows, we first provide a guideline of items you need to prepare before  departure from your home country. We then provide a wide range of useful  information, including answer to many of the questions you may have when you  arrive at National Chung Cheng University. In case you still need any further support,  please feel free to contact our office or visit our English website at  https://oia.ccu.edu.tw/?Lang=en  .     E-mail: ccuoiais@ccu.edu.tw   Phone: 866-5-2720411, ext.17618    Again, welcome to CCU and we are looking forward to seeing you on campus soon.    Best regards,    Office of International Affairs  National Chung Cheng University        Welcome to CCU!          3    01', 'experience in pursuing your academic study and research  at CCU.    Since this may be the first time you visit Taiwan or CCU, and there will be many  procedures and responsibilities you will soon have to work on, we have prepared  the Handbook for International Students to help you go through these tasks  smoothly.    In what follows, we first provide a guideline of items you need to prepare before  departure from your home country. We then provide a wide range of useful  information, including answer to many of the questions you may have when you  arrive at National Chung Cheng University. In case you still need any further support,  please feel free to contact our office or visit our English website at  https://oia.ccu.edu.tw/?Lang=en  .     E-mail: ccuoiais@ccu.edu.tw   Phone: 866-5-2720411, ext.17618    Again, welcome to CCU and we are looking forward to seeing you on campus soon.    Best regards,    Office of International Affairs  National Chung Cheng University        Welcome to CCU!          3    01']","The Office of International Affairs at National Chung Cheng University organizes activities such as orientation events, cultural exchange programs, daily life briefings, and festival experiences to help international students adapt to campus life and living in Taiwan. These activities are designed to support students in their academic study and research at CCU. For more information, contact the office or visit their English website.",0.8,0.6987673515766368,0.9999999999,Qwen3_no_think
Where are international student activities at CCU typically announced?,"['Such events are usually announced through the campus activity registration system or official notices from the Office of International Affairs. International students are encouraged to pay close attention to these announcements.', 'Most student clubs on campus do not restrict membership by nationality. As long as you are a currently enrolled CCU student, clubs generally welcome international students to join.\n\nWhether a club focuses on academics, sports, music and performance, service, or cultural exchange, you are free to participate according to your interests.', 'to CCU and we are looking forward to seeing you on campus soon.    Best regards,    Office of International Affairs  National Chung Cheng University        Welcome to CCU!          3    01  CCU’s Calendar  for  Spring Semester  2026  CCU’s Calendar for Spring Semester 2026 國立中正大學 114 學年度第 2 學期行事曆  4  The academic calendar for CCU(114 學年度行事曆) is available at this website.  https://oia.ccu.edu.tw/p/405-1008-63090,c1425.php?Lang=en  Date 日期 Event  行事  2026.02.20 (Mon.)  Spring semester begins 第 2 學期開始 Dormitory move-in day 學生宿舍進住日  2026.02.23 (Mon.) New Student Registration 新生註冊  2026.02.23 (Mon.) ~ 2026.03.06 (Fri.)  First Course Selection for New Students (including Special Programs) 新生(含專班)第一階段選課  2026.02.25 (Wed.) 2026 Spring welcome orientation for international students 新生說明會  2026.02.27 (Fri.) ~ 2026.02.28 (Sat.)  Peace Memorial Day (day off) 二二八和平紀念日(放假)  2026.03.16 (Mon.)  Deadline for Students to Submit ""Waiver of Student Group Insurance"" 繳交「不參加學生團體保險切結書」截止日  2026.04.01 (Wed.)  Deadline for']","International student activities at CCU are typically announced through the campus activity registration system or official notices from the Office of International Affairs. International students are encouraged to pay close attention to these announcements. Additionally, the academic calendar, including event dates, is available on the Office of International Affairs' website.",1.0,0.9856554150091682,0.8333333332916666,Qwen3_no_think
How much does a semester in a master's dormitory at CCU typically cost?,"['On-campus dormitory fees at CCU vary by building and room type, but overall they are generally affordable for students.\n\nFor master’s dormitories in Buildings A to D, which are double-occupancy non-suite rooms, the dormitory fee is about NT$7,210 per semester. In addition, there is a one-time deposit of NT$1,600, prepaid electricity of about NT$1,500 for the first semester and about NT$500 for the second semester, and a separate internet fee of NT$1,000 per semester.', '33,000 (3,500 ~ 5,500 per month)  Computer lab fee  Bachelor 1,155 / Master 460 per semester  only pay for it in the first year (two semesters)  Living Expenses  around 54,000 (9,000 per month)  *Actual expenses depend on consumption habits of each person.  Currency Unit: NT (NT$31.40=US$1)  based on the rate on 2026/12/29      10                                03  Accommodation Accommodation    11     1. On-campus accommodation is guaranteed for international students. The first- year-students don’t need to apply; the CCU Office of International Affairs will  arrange it for you . However, your dormitory room will be assigned ; you are  unable to choose your own rooms or roommates.  2. Your dormitory room is not equipped with mattress, pillow, and quilt.  3. Besides the dormitory fee, each one of you has to pay a residence deposit of  NT$1,600 and an electricity cha rge of NT$ 2,000, a total of NT$3, 600 (not  included in CCU scholarship). You will get an IC card saved with NT$1,000 to use  for the', '33,000 (3,500 ~ 5,500 per month)  Computer lab fee  Bachelor 1,155 / Master 460 per semester  only pay for it in the first year (two semesters)  Living Expenses  around 54,000 (9,000 per month)  *Actual expenses depend on consumption habits of each person.  Currency Unit: NT (NT$31.40=US$1)  based on the rate on 2026/12/29      10                                03  Accommodation Accommodation    11     1. On-campus accommodation is guaranteed for international students. The first- year-students don’t need to apply; the CCU Office of International Affairs will  arrange it for you . However, your dormitory room will be assigned ; you are  unable to choose your own rooms or roommates.  2. Your dormitory room is not equipped with mattress, pillow, and quilt.  3. Besides the dormitory fee, each one of you has to pay a residence deposit of  NT$1,600 and an electricity cha rge of NT$ 2,000, a total of NT$3, 600 (not  included in CCU scholarship). You will get an IC card saved with NT$1,000 to use  for the']","The dormitory fee for a semester in master’s dormitories (Buildings A to D) is NT$7,210. Additional costs include a one-time deposit of NT$1,600, prepaid electricity of NT$1,500 for the first semester and NT$500 for the second, and an internet fee of NT$1,000 per semester.",1.0,0.7660670993575428,0.9999999999666667,Qwen3_no_think
What additional fees besides the dormitory fee do students need to pay when moving into CCU dormitories?,"['Expenses  around 54,000 (9,000 per month)  *Actual expenses depend on consumption habits of each person.  Currency Unit: NT (NT$28.89=US$1)           based on the rate on 2025/7/03      10                                03  Accommodation Accommodation    11     1. On-campus accommodation is guaranteed for international students. The first- year-students don’t need to apply; the CCU Office of International Affairs will  arrange it for you . However, your dormitory room will be assigned ; you are  unable to choose your own rooms or roommates.  2. Your dormitory room is not equipped with mattress, pillow, and quilt.  3. Besides the dormitory fee, each one of  you has to pay a residence deposit of  NT$1,600 and an electricity cha rge of NT$ 2,000, a total of NT$3, 600 (not  included in CCU scholarship). You will get an IC card saved with NT$1,000 to use  for the electricity cost of your room. If the amount of NT$1,000 runs out, you  should go to the Dormitory Service Center, with your card & money, to recharge', 'On-campus dormitory fees at CCU vary by building and room type, but overall they are generally affordable for students.\n\nFor master’s dormitories in Buildings A to D, which are double-occupancy non-suite rooms, the dormitory fee is about NT$7,210 per semester. In addition, there is a one-time deposit of NT$1,600, prepaid electricity of about NT$1,500 for the first semester and about NT$500 for the second semester, and a separate internet fee of NT$1,000 per semester.', '33,000 (3,500 ~ 5,500 per month)  Computer lab fee  Bachelor 1,155 / Master 460 per semester  only pay for it in the first year (two semesters)  Living Expenses  around 54,000 (9,000 per month)  *Actual expenses depend on consumption habits of each person.  Currency Unit: NT (NT$31.40=US$1)  based on the rate on 2026/12/29      10                                03  Accommodation Accommodation    11     1. On-campus accommodation is guaranteed for international students. The first- year-students don’t need to apply; the CCU Office of International Affairs will  arrange it for you . However, your dormitory room will be assigned ; you are  unable to choose your own rooms or roommates.  2. Your dormitory room is not equipped with mattress, pillow, and quilt.  3. Besides the dormitory fee, each one of you has to pay a residence deposit of  NT$1,600 and an electricity cha rge of NT$ 2,000, a total of NT$3, 600 (not  included in CCU scholarship). You will get an IC card saved with NT$1,000 to use  for the']","Besides the dormitory fee, international students at CCU need to pay a residence deposit of NT$1,600 and an electricity charge of NT$2,000, totaling NT$3,600. Additionally, a separate internet fee of NT$1,000 per semester is required for master’s dormitories in Buildings A to D. An IC card with NT$1,000 is provided for electricity costs, which can be recharged if needed.",1.0,0.9009675471315918,0.5833333333041666,Qwen3_no_think
Which types of financial institutions in Taiwan are generally more friendly toward international students opening accounts?,"['Based on practical experience, Taiwan’s post offices and some large commercial banks are relatively familiar with international students, and their account opening processes are usually smoother.', 'As long as you hold a valid Alien Resident Certificate (ARC), international students can open a bank account in Taiwan.', 'Opening a bank account in Taiwan is not legally mandatory. However, international students who plan to stay in Taiwan for a longer period are usually advised to open one.']","The financial institutions in Taiwan that are generally more friendly toward international students opening accounts include the post offices and some large commercial banks. These institutions are relatively familiar with international students, and their account opening processes are usually smoother. International students need to hold a valid Alien Resident Certificate (ARC) to open a bank account. Opening a bank account is not legally mandatory, but it is advisable for those planning to stay longer in Taiwan.",1.0,0.9628351558373253,0.99999999995,Qwen3_no_think
What are the two main transportation methods from Taoyuan International Airport to CCU?,"['Method 1: Airport MRT → High-Speed Rail → CCU (fastest option)\nStep 1: From Terminal 1 (A12) or Terminal 2 (A13), take the Taoyuan Airport MRT to A18 ""THSR Taoyuan Station"". The fare is around NT$35.\nStep 2: Transfer to the High-Speed Rail and ride from THSR Taoyuan to THSR Chiayi Station. The fare is around NT$920.\nStep 3: From THSR Chiayi Station, you can choose one of the following to reach CCU:\n- Taxi: Around NT$600. This is convenient if you have heavy luggage.', 'From Taoyuan International Airport to CCU, there are two main transportation options. You can choose based on whether you care more about speed or cost.', 'YOUR GUIDE TO CCUWelcome to Taiwan! Your Guide to Reaching  National Chung Cheng University (CCU) ✈  For new international students  🧭  Step-by-step travel guide from Taiwan Airports to CCU  🎓  Let’s begin your journey!From Taoyuan Airport to CCU 1.FROM TAOYUAN AIRPORT (TPE)  TO CCU 2.FROM  KAOHSIUNG AIRPORT (KHH)  TO CCU1.Take MRT (Airport MRT) → From Terminal 1 (A12) / 2 (A13)  to     HSR Taoyuan Station (A18)  2.Take Taiwan High-Speed Rail (HSR)(~1 hour 20 minutes /NT$920) From HSR Taoyuan → to HSR Chiayi 3.From HSR Chiayi Station to CCU: Option 1: Taxi (~25 minutes / ~BELOW NT$1,000) Option 2: Bus (Route 106)(~1 hour 20 minutes / ~NT$120) 1.FROM TAOYUAN AIRPORT (TPE) TO CCU STEPS:🚇  Taoyuan Airport MRT( ~20 minutes/ ~NT$35) Board at Terminal 1 (A12) or Terminal 2 (A13) Get off at A18: HSR Taoyuan Station 🚇  HSR Taoyuan to HSR Chiayi Board at HSR Taoyuan Station ，Get off at HSR Chiayi Station You can buy HSR tickets on-site at the station or book online :    👉 https://en.thsrc.com.tw/  🚇  HSR Chiayi']","The two main transportation methods from Taoyuan International Airport to CCU are:

1. **Airport MRT → High-Speed Rail → CCU** (fastest option)
   - Take Airport MRT from Terminal 1 (A12) or 2 (A13) to THSR Taoyuan Station (A18).
   - Transfer to High-Speed Rail to THSR Chiayi Station.
   - From THSR Chiayi Station, take a taxi (NT$600) or bus (Route 106, NT$120) to CCU.

2. **Airport MRT → High-Speed Rail → CCU** (same as above, but with cost considerations)
   - The same steps apply, with the taxi being more convenient for heavy luggage.",0.5,0.9999999999999991,0.9999999999666667,Qwen3_no_think
What is the fare for the Taoyuan Airport MRT to THSR Taoyuan Station (A18)?,"['Method 1: Airport MRT → High-Speed Rail → CCU (fastest option)\nStep 1: From Terminal 1 (A12) or Terminal 2 (A13), take the Taoyuan Airport MRT to A18 ""THSR Taoyuan Station"". The fare is around NT$35.\nStep 2: Transfer to the High-Speed Rail and ride from THSR Taoyuan to THSR Chiayi Station. The fare is around NT$920.\nStep 3: From THSR Chiayi Station, you can choose one of the following to reach CCU:\n- Taxi: Around NT$600. This is convenient if you have heavy luggage.', 'The most convenient and fastest option is the **High-Speed Rail (HSR)**.\n\n**Detailed Steps and Estimated Costs:**\n\n**1. TPE Airport to Taoyuan HSR Station (A18)**\n\n* **Mode of Transport:** Taoyuan Airport MRT\n* **Boarding Location:** \n\t* Terminal 1: B2 level\n\t* Terminal 2: B2 level\n* **Route:** Take the train heading towards ""Huanbei"". It is recommended to choose the **Express train (Purple)**, as it stops at A18 Taoyuan HSR Station.\n* **Cost:** Approximately NT$ 30 per person.', 'HSR Taoyuan to HSR Chiayi Board at HSR Taoyuan Station ，Get off at HSR Chiayi Station You can buy HSR tickets on-site at the station or book online :    👉 https://en.thsrc.com.tw/  🚇  HSR Chiayi Station to CCU (BUS:Route 106) Board at HSR Chiayi Station ，Get off at CCU To check bus routes, schedules, and real-time info, visit: https://www.taiwanbus.tw/eBUSPage/Query/QueryResult.as px?rno=07460&rn=1669878703021&lan=E 1.Take MRT (Red Line) → From Kaohsiung Airport Station (R4)    →  Zuoying Station (R16) 2.Take Taiwan High-Speed Rail (HSR)（ ~ 30 minutes/NT$410 ） From HSR Zuoying →  to HSR Chiayi 3.From HSR Chiayi Station to CCU: Option 1: Taxi (~25 minutes / ~BELOW NT$1,000) Option 2: Bus (Route 106)(~1 hour 20 minutes / ~NT$120) 2.FROM KAOHSIUNG AIRPORT (KHH) TO CCU STEPS:🚇  Kaohsiung Airport MRT( ~30 minutes/ ~NT$35) Board at Kaohsiung International Airport (R4)  Get off at Zuoying（ R16) 🚇  HSR Zuoying to HSR Chiayi Board at HSR Zuoying Station ，Get off at HSR Chiayi Station You can buy HSR tickets on-site']",The fare for the Taoyuan Airport MRT from Terminal 1 (A12) or Terminal 2 (A13) to THSR Taoyuan Station (A18) is approximately NT$35.,1.0,0.9054684045237739,0.99999999995,Qwen3_no_think
What is the approximate HSR fare from THSR Taoyuan Station to THSR Chiayi Station?,"['**2. Taoyuan HSR Station to Chiayi HSR Station**\n\n* **Mode of Transport:** Taiwan High Speed Rail (THSR)\n* **Route:** Take a southbound train to Chiayi HSR Station (located in Taibao City).\n* **Cost:** Approximately NT$ 980 per person for Standard Car.\n\n**3. Chiayi HSR Station to National Chung Cheng University**', 'HSR Taoyuan to HSR Chiayi Board at HSR Taoyuan Station ，Get off at HSR Chiayi Station You can buy HSR tickets on-site at the station or book online :    👉 https://en.thsrc.com.tw/  🚇  HSR Chiayi Station to CCU (BUS:Route 106) Board at HSR Chiayi Station ，Get off at CCU To check bus routes, schedules, and real-time info, visit: https://www.taiwanbus.tw/eBUSPage/Query/QueryResult.as px?rno=07460&rn=1669878703021&lan=E 1.Take MRT (Red Line) → From Kaohsiung Airport Station (R4)    →  Zuoying Station (R16) 2.Take Taiwan High-Speed Rail (HSR)（ ~ 30 minutes/NT$410 ） From HSR Zuoying →  to HSR Chiayi 3.From HSR Chiayi Station to CCU: Option 1: Taxi (~25 minutes / ~BELOW NT$1,000) Option 2: Bus (Route 106)(~1 hour 20 minutes / ~NT$120) 2.FROM KAOHSIUNG AIRPORT (KHH) TO CCU STEPS:🚇  Kaohsiung Airport MRT( ~30 minutes/ ~NT$35) Board at Kaohsiung International Airport (R4)  Get off at Zuoying（ R16) 🚇  HSR Zuoying to HSR Chiayi Board at HSR Zuoying Station ，Get off at HSR Chiayi Station You can buy HSR tickets on-site', 'HSR Taoyuan to HSR Chiayi Board at HSR Taoyuan Station ，Get off at HSR Chiayi Station You can buy HSR tickets on-site at the station or book online :    👉 https://en.thsrc.com.tw/  🚇  HSR Chiayi Station to CCU (BUS:Route 106) Board at HSR Chiayi Station ，Get off at CCU To check bus routes, schedules, and real-time info, visit: https://www.taiwanbus.tw/eBUSPage/Query/QueryResult.as px?rno=07460&rn=1669878703021&lan=E 1.Take MRT (Red Line) → From Kaohsiung Airport Station (R4)    →  Zuoying Station (R16) 2.Take Taiwan High-Speed Rail (HSR)（ ~ 30 minutes/NT$410 ） From HSR Zuoying →  to HSR Chiayi 3.From HSR Chiayi Station to CCU: Option 1: Taxi (~25 minutes / ~BELOW NT$1,000) Option 2: Bus (Route 106)(~1 hour 20 minutes / ~NT$120) 2.FROM KAOHSIUNG AIRPORT (KHH) TO CCU STEPS:🚇  Kaohsiung Airport MRT( ~30 minutes/ ~NT$35) Board at Kaohsiung International Airport (R4)  Get off at Zuoying（ R16) 🚇  HSR Zuoying to HSR Chiayi Board at HSR Zuoying Station ，Get off at HSR Chiayi Station You can buy HSR tickets on-site']",The approximate HSR fare from THSR Taoyuan Station to THSR Chiayi Station is NT$ 980 per person for Standard Car.,1.0,0.9590843415387491,0.9999999999,Qwen3_no_think
What is the cheaper long-distance option from Taoyuan Airport to CCU that avoids the HSR?,"['HSR Taoyuan to HSR Chiayi Board at HSR Taoyuan Station ，Get off at HSR Chiayi Station You can buy HSR tickets on-site at the station or book online :    👉 https://en.thsrc.com.tw/  🚇  HSR Chiayi Station to CCU (BUS:Route 106) Board at HSR Chiayi Station ，Get off at CCU To check bus routes, schedules, and real-time info, visit: https://www.taiwanbus.tw/eBUSPage/Query/QueryResult.as px?rno=07460&rn=1669878703021&lan=E 1.Take MRT (Red Line) → From Kaohsiung Airport Station (R4)    →  Zuoying Station (R16) 2.Take Taiwan High-Speed Rail (HSR)（ ~ 30 minutes/NT$410 ） From HSR Zuoying →  to HSR Chiayi 3.From HSR Chiayi Station to CCU: Option 1: Taxi (~25 minutes / ~BELOW NT$1,000) Option 2: Bus (Route 106)(~1 hour 20 minutes / ~NT$120) 2.FROM KAOHSIUNG AIRPORT (KHH) TO CCU STEPS:🚇  Kaohsiung Airport MRT( ~30 minutes/ ~NT$35) Board at Kaohsiung International Airport (R4)  Get off at Zuoying（ R16) 🚇  HSR Zuoying to HSR Chiayi Board at HSR Zuoying Station ，Get off at HSR Chiayi Station You can buy HSR tickets on-site', 'HSR Taoyuan to HSR Chiayi Board at HSR Taoyuan Station ，Get off at HSR Chiayi Station You can buy HSR tickets on-site at the station or book online :    👉 https://en.thsrc.com.tw/  🚇  HSR Chiayi Station to CCU (BUS:Route 106) Board at HSR Chiayi Station ，Get off at CCU To check bus routes, schedules, and real-time info, visit: https://www.taiwanbus.tw/eBUSPage/Query/QueryResult.as px?rno=07460&rn=1669878703021&lan=E 1.Take MRT (Red Line) → From Kaohsiung Airport Station (R4)    →  Zuoying Station (R16) 2.Take Taiwan High-Speed Rail (HSR)（ ~ 30 minutes/NT$410 ） From HSR Zuoying →  to HSR Chiayi 3.From HSR Chiayi Station to CCU: Option 1: Taxi (~25 minutes / ~BELOW NT$1,000) Option 2: Bus (Route 106)(~1 hour 20 minutes / ~NT$120) 2.FROM KAOHSIUNG AIRPORT (KHH) TO CCU STEPS:🚇  Kaohsiung Airport MRT( ~30 minutes/ ~NT$35) Board at Kaohsiung International Airport (R4)  Get off at Zuoying（ R16) 🚇  HSR Zuoying to HSR Chiayi Board at HSR Zuoying Station ，Get off at HSR Chiayi Station You can buy HSR tickets on-site', 'HSR Taoyuan to HSR Chiayi Board at HSR Taoyuan Station ，Get off at HSR Chiayi Station You can buy HSR tickets on-site at the station or book online :    👉 https://en.thsrc.com.tw/  🚇  HSR Chiayi Station to CCU (BUS:Route 106) Board at HSR Chiayi Station ，Get off at CCU To check bus routes, schedules, and real-time info, visit: https://www.taiwanbus.tw/eBUSPage/Query/QueryResult.as px?rno=07460&rn=1669878703021&lan=E 1.Take MRT (Red Line) → From Kaohsiung Airport Station (R4)    →  Zuoying Station (R16) 2.Take Taiwan High-Speed Rail (HSR)（ ~ 30 minutes/NT$410 ） From HSR Zuoying →  to HSR Chiayi 3.From HSR Chiayi Station to CCU: Option 1: Taxi (~25 minutes / ~BELOW NT$1,000) Option 2: Bus (Route 106)(~1 hour 20 minutes / ~NT$120) 2.FROM KAOHSIUNG AIRPORT (KHH) TO CCU STEPS:🚇  Kaohsiung Airport MRT( ~30 minutes/ ~NT$35) Board at Kaohsiung International Airport (R4)  Get off at Zuoying（ R16) 🚇  HSR Zuoying to HSR Chiayi Board at HSR Zuoying Station ，Get off at HSR Chiayi Station You can buy HSR tickets on-site']","The cheaper long-distance option from Taoyuan Airport to CCU that avoids the HSR is to take the HSR from Taoyuan to Chiayi, then take Bus Route 106 from HSR Chiayi Station to CCU. This option costs approximately NT$120 and takes about 1 hour 20 minutes.",0.75,0.9796978796043282,0.9999999999666667,Qwen3_no_think
What MRT line and station should you use to travel from Kaohsiung Airport to THSR Zuoying Station?,"['Step 1: Kaohsiung International Airport (KHH) to THSR Zuoying Station\n\n● Boarding Point: MRT ""R4 Kaohsiung International Airport"" Station (B1/B2).\n● Route: Take the Kaohsiung MRT Red Line (Towards Gangshan) to ""R16 Zuoying Station"".\n● Fare: NT$ 50.\n\nStep 2: THSR Zuoying Station to THSR Chiayi Station\n\n● Route: Take a Northbound THSR train to Chiayi Station.\n● Fare: Approx. NT$ 410.', 'Step 2: THSR Chiayi Station to THSR Zuoying Station\n\n● Route: Take a Southbound THSR train to Zuoying Station.\n● Fare: Approx. NT$ 410.\n\nStep 3: THSR Zuoying Station to Kaohsiung International Airport (KHH)\n\n● Route: Transfer to Kaohsiung MRT Red Line (Towards Siaogang). Alight at ""R4 Kaohsiung International Airport"".\n● Fare: NT$ 50.', 'HSR Taoyuan to HSR Chiayi Board at HSR Taoyuan Station ，Get off at HSR Chiayi Station You can buy HSR tickets on-site at the station or book online :    👉 https://en.thsrc.com.tw/  🚇  HSR Chiayi Station to CCU (BUS:Route 106) Board at HSR Chiayi Station ，Get off at CCU To check bus routes, schedules, and real-time info, visit: https://www.taiwanbus.tw/eBUSPage/Query/QueryResult.as px?rno=07460&rn=1669878703021&lan=E 1.Take MRT (Red Line) → From Kaohsiung Airport Station (R4)    →  Zuoying Station (R16) 2.Take Taiwan High-Speed Rail (HSR)（ ~ 30 minutes/NT$410 ） From HSR Zuoying →  to HSR Chiayi 3.From HSR Chiayi Station to CCU: Option 1: Taxi (~25 minutes / ~BELOW NT$1,000) Option 2: Bus (Route 106)(~1 hour 20 minutes / ~NT$120) 2.FROM KAOHSIUNG AIRPORT (KHH) TO CCU STEPS:🚇  Kaohsiung Airport MRT( ~30 minutes/ ~NT$35) Board at Kaohsiung International Airport (R4)  Get off at Zuoying（ R16) 🚇  HSR Zuoying to HSR Chiayi Board at HSR Zuoying Station ，Get off at HSR Chiayi Station You can buy HSR tickets on-site']","To travel from Kaohsiung Airport to THSR Zuoying Station:

1. Take the **Kaohsiung MRT Red Line** (towards Gangshan) from **R4 Kaohsiung International Airport** Station.
2. Alight at **R16 Zuoying Station**.

Fare: NT$ 50.",1.0,0.8959707112543436,0.8333333332916666,Qwen3_no_think
What is the approximate taxi fare from THSR Chiayi Station to CCU?,"['Step 3: From THSR Chiayi Station, choose one of the following ways to reach CCU:\n- Option A: Taxi — Around NT$600. Most convenient, especially if you have luggage.\n- Option B: Bus 106 — Around NT$113. Board at the bus stop outside the HSR station and get off at the CCU stop.', '● Route: Take a Northbound THSR train to Chiayi Station.\n● Fare: Approx. NT$ 410.\n\nStep 3: THSR Chiayi Station to National Chung Cheng University (CCU)', '● Route: Take a Southbound THSR train to Chiayi Station.\n● Fare: Approx. NT$ 380.\n\nStep 3: THSR Chiayi Station to National Chung Cheng University (CCU)']","The approximate taxi fare from THSR Chiayi Station to CCU is around NT$600. This is the most convenient option, especially if you have luggage.",1.0,0.9586059295950146,0.9999999999,Qwen3_no_think
What is the approximate bus fare for Bus 106 from THSR Chiayi Station to CCU?,"['Step 3: From THSR Chiayi Station, choose one of the following ways to reach CCU:\n- Option A: Taxi — Around NT$600. Most convenient, especially if you have luggage.\n- Option B: Bus 106 — Around NT$113. Board at the bus stop outside the HSR station and get off at the CCU stop.', '- Taxi: Around NT$600. This is convenient if you have heavy luggage.\n- Bus 106: Around NT$113. Board at the bus stop outside the HSR station and get off at the CCU stop.', 'Step 3: After arriving at Chiayi or Minxiong Station, you can reach CCU by:\n- From Chiayi Station: Taxi (around NT$500–600) or Bus 106 (around NT$47).\n- From Minxiong Station: Taxi, usually around NT$100–200.']",The approximate bus fare for Bus 106 from THSR Chiayi Station to CCU is around NT$113.,1.0,0.9999999999999997,0.99999999995,Qwen3_no_think
Where is off-campus housing near CCU mainly concentrated?,"['Off-campus housing around National Chung Cheng University is mainly concentrated near the main campus entrance.\n\nMost rental options in this area are student studio apartments or shared rooms. Because they are close to campus, commuting is convenient and suitable for students who do not have transportation or prefer to walk or bike to class.', 'Most convenience stores near CCU are FamilyMart. There are three on campus, located in the Activity Center (2F), the Classroom Building (1F), and the Student Housing building.', 'you also can find more  restaurants off the campus. For example, walking straight from the front gate of  CCU, you will find many restaurants, stands along two sides of the roads.  Furthermore, there are many snacks, and restaurants located in Minxiong  downtown.              38  Around the dormitories at CCU, eateries are generally grouped by  location along the slope. CCU Campus Life    29      Useful Links    NO. ITEM LINK  1 Tourism Bureau https://eng.taiwan.net.tw/  2 Office of International Affairs https://oia.ccu.edu.tw/?Lang=en  3 Buy & Sell of CCU  https://www.facebook.com/groups/6964191703 71204/  4 Ministry of Education https://english.moe.gov.tw/mp-1.html  5 Ministry of Foreign Affairs https://www.boca.gov.tw/mp-2.html   6 Alishan National Scenic Area https://www.ali-nsa.net/en  7 King bus http://www.kingbus.com.tw/  8 Taiwan High Speed Rail https://www.thsrc.com.tw/index_en.html  9 Taiwan Railways administration  https://tip.railway.gov.tw/tra-tip- web/tip?lang=EN_US  10 Travel in Chiayi City']","Off-campus housing near National Chung Cheng University is mainly concentrated near the main campus entrance. Most rental options here include student studio apartments or shared rooms, offering convenience for commuting on foot or by bike. Convenience stores like FamilyMart are located nearby, with three on campus. Restaurants and snacks can be found along the roads near the front gate and in Minxiong downtown. Eateries around the dormitories are grouped along the slope.",1.0,0.7242865734890072,0.9999999999,Qwen3_no_think
What is the typical monthly rent range for a student studio apartment near CCU?,"['The cost of off-campus housing varies depending on room type, location, and available facilities.\n\nFor students, a typical studio apartment usually costs around NT$4,000 to NT$7,000 per month.', 'On-campus dormitory fees at CCU vary by building and room type, but overall they are generally affordable for students.\n\nFor master’s dormitories in Buildings A to D, which are double-occupancy non-suite rooms, the dormitory fee is about NT$7,210 per semester. In addition, there is a one-time deposit of NT$1,600, prepaid electricity of about NT$1,500 for the first semester and about NT$500 for the second semester, and a separate internet fee of NT$1,000 per semester.', 'Expenses  around 54,000 (9,000 per month)  *Actual expenses depend on consumption habits of each person.  Currency Unit: NT (NT$28.89=US$1)           based on the rate on 2025/7/03      10                                03  Accommodation Accommodation    11     1. On-campus accommodation is guaranteed for international students. The first- year-students don’t need to apply; the CCU Office of International Affairs will  arrange it for you . However, your dormitory room will be assigned ; you are  unable to choose your own rooms or roommates.  2. Your dormitory room is not equipped with mattress, pillow, and quilt.  3. Besides the dormitory fee, each one of  you has to pay a residence deposit of  NT$1,600 and an electricity cha rge of NT$ 2,000, a total of NT$3, 600 (not  included in CCU scholarship). You will get an IC card saved with NT$1,000 to use  for the electricity cost of your room. If the amount of NT$1,000 runs out, you  should go to the Dormitory Service Center, with your card & money, to recharge']","The typical monthly rent for a student studio apartment near CCU ranges from NT$4,000 to NT$7,000. On-campus dormitory fees vary but are generally more affordable. Master’s dormitories in Buildings A to D cost about NT$7,210 per semester, plus additional charges like electricity and internet. International students have guaranteed on-campus accommodation, with a deposit of NT$1,600 and electricity charges of NT$2,000.",1.0,0.9549195038241646,0.8333333332916666,Qwen3_no_think
"Besides monthly rent, what other fees do tenants typically pay when renting off campus?","['When renting off campus, in addition to the monthly rent, tenants usually need to pay other fees such as a security deposit and utility costs.\n\nThe security deposit is typically equal to one to two months’ rent and is refunded at the end of the lease if the room is returned without damage.', 'The cost of off-campus housing varies depending on room type, location, and available facilities.\n\nFor students, a typical studio apartment usually costs around NT$4,000 to NT$7,000 per month.', 'don’t have NHI card) /  (826*6 months, for new students who have NHI card already)  Rent   a    room  On-campus  Accommodation Fee : 7,530  (Deposit 1,600 & Electricity Fees  2,000 per semester)  Accommodation Fee :  7,210 / 10,130  (Including Winter Vacation 1,100  / Summer Vacation 2,900 in the  payment sheet per semester)  (Deposit 1,600 & Electricity  Fees 2,000 per semester)  Winter Vacation : 1,130  (Deposit 600 & Electricity Fees 500)  Summer Vacation : 3,000  (Deposit 1,000 & Electricity Fees 1,000)  Network connection fees: 1,000  (per semester for on-campus dormitory)  300  (Fees for living in the dormitory during the Chinese New Year period)  Off-campus 21,000 ~ 33,000 (3,500 ~ 5,500 per month)  Computer lab fee  Bachelor 1,155 / Master 460 per semester  only pay for it in the first year (two semesters)  Living Expenses  around 54,000 (9,000 per month)  *Actual expenses depend on consumption habits of each person.  Currency Unit: NT (NT$28.89=US$1)           based on the rate on 2025/7/03      10']","Besides monthly rent, tenants typically pay a security deposit and utility costs. The security deposit is usually one to two months’ rent and is refundable if the room is returned undamaged. Utility costs include electricity fees, which are part of the accommodation fee or paid separately. Additional fees may include network connection fees, winter/summer vacation charges, and computer lab fees, depending on the housing type and duration.",1.0,0.8296252701107475,0.8333333332916666,Qwen3_no_think
How is the security deposit for off-campus housing in Taiwan typically calculated?,"['When renting off campus, in addition to the monthly rent, tenants usually need to pay other fees such as a security deposit and utility costs.\n\nThe security deposit is typically equal to one to two months’ rent and is refunded at the end of the lease if the room is returned without damage.', 'pay a residence deposit of  NT$1,600 and an electricity cha rge of NT$ 2,000, a total of NT$3, 600 (not  included in CCU scholarship). You will get an IC card saved with NT$1,000 to use  for the electricity cost of your room. If the amount of NT$1,000 runs out, you  should go to the Dormitory Service Center, with your card & money, to recharge  your card. The rest of NT$500 is reserved for the cost of public space. In the end  of every semester, the Dormitory Service Center will calculate the exact cost of  the electricity charge. If it is greater than the amount paid in the beginning of  semester, you will have to pay the difference.  4. The dormitory doesn’t supply the sheet for tenants. Furthermore, it doesn’t  include kitchen space, so please do not cook in your room.  5. Please ask the buddy assigned by OIA to help you regarding the check in  procedure at Dormitory Service Center.    3.1 Undergraduate student Dormitory  1. Undergraduate: 4 students share a room.  2. Each room is equipped with beds,', 'pay a residence deposit of  NT$1,600 and an electricity cha rge of NT$ 2,000, a total of NT$3, 600 (not  included in CCU scholarship). You will get an IC card saved with NT$1,000 to use  for the electricity cost of your room. If the amount of NT$1,000 runs out, you  should go to the Dormitory Service Center, with your card & money, to recharge  your card. The rest of NT$500 is reserved for the cost of public space. In the end  of every semester, the Dormitory Service Center will calculate the exact cost of  the electricity charge. If it is greater than the amount paid in the beginning of  semester, you will have to pay the difference.  4. The dormitory doesn’t supply the sheet for tenants. Furthermore, it doesn’t  include kitchen space, so please do not cook in your room.  5. Please ask the buddy assigned by OIA to help you regarding the check in  procedure at Dormitory Service Center.    3.1 Undergraduate student Dormitory  1. Undergraduate: 4 students share a room.  2. Each room is equipped with beds,']","The security deposit for off-campus housing in Taiwan is typically one to two months’ rent. For CCU dormitory housing, the residence deposit is NT$1,600, which is refundable if the room is returned undamaged. Additionally, an electricity charge of NT$2,000 is required, with an IC card preloaded with NT$1,000 for electricity use. The remaining NT$500 covers public space costs. If the actual electricity cost exceeds the initial payment, the difference must be settled at the end of the semester.",0.8571428571428571,0.803972034763793,0.9999999999666667,Qwen3_no_think
Is it necessary to sign a rental contract when renting off campus in Taiwan?,"['It is essential to sign a rental contract when renting off campus, as a lease protects the rights of both tenants and landlords. This is especially important for international students to help prevent future disputes.', 'required. Students are advised to allow sufficient time for the application process to avoid affecting their stay in Taiwan or university registration.', 'saved into your post bank account)    After getting bank account, remember to send the following documents to OIA  (ccuoiais@ccu.edu.tw)    Filled Personal Account Form    Bank of Passbook      Registration  4.7 Guides for Part-time Jobs  OFF/ON Campus    22        A. OFF Campus (Work permit required!)  International students who would like to work in Taiwan OFF campus, including  both full-time and part -time jobs, are required to obtain a work permit from  the Workforce Development Agency. Working without such an official work  permit, you will be subject to a fine of NT $30,000 to $150,000 . Further, only  degree-seeking students are allowed to apply for a work permit.     B. ON Campus (Requirement of work permit  depends on type of part-time job)  All part-time assistant jobs ON campus are classified into two types, namely (a)  Learning-Oriented Part-Time Assistant, for which there is no need to apply for  work permit, and (b) Labor-Oriented Part-Time Assistant, for which work permit  must be applied f']",It is essential to sign a rental contract when renting off campus in Taiwan to protect the rights of both tenants and landlords. This is particularly important for international students to prevent future disputes. Students should allow sufficient time for the application process to avoid affecting their stay in Taiwan or university registration.,1.0,0.9151291114156415,0.99999999995,Qwen3_no_think
What key terms should you confirm before signing an off-campus rental contract?,"['Before signing an off-campus rental contract, it is recommended to verify the landlord’s identity. Tenants may ask the landlord to present identification documents and proof of property ownership, such as a property deed, house tax bill, or real estate registration transcript, to confirm that the person is the legal owner or has the right to rent out the property.', 'Before signing the contract, tenants should confirm the lease duration, monthly rent amount, deposit amount, methods for calculating rent and utility fees, and whether early termination is allowed.\n\nIt is also important to review responsibilities for equipment use and maintenance, as well as the conditions for deposit refunds when moving out.', 'You should also clearly confirm key rental terms in advance, including the rent amount, payment schedule, lease duration, whether a deposit is required and its amount, and the accepted payment methods, such as cash, bank transfer, or other options.']","- Verify landlord's identity with ID and property ownership proof.
- Confirm lease duration, monthly rent, deposit amount, and payment methods.
- Clarify rent and utility fee calculation methods, early termination terms.
- Review equipment maintenance responsibilities and deposit refund conditions.",1.0,0.7289162548949037,0.5833333333041666,Qwen3_no_think
Does CCU provide mattresses or bedding in dormitory rooms?,"['CCU dormitories provide a variety of shared living facilities to support daily life.\n\nSelf-service washing machines and dryers are available for laundry needs, and most dormitory buildings also include common rooms or shared spaces for resting, socializing, or studying.', 'On-campus dormitories at National Chung Cheng University only provide bed frames.\n\nStudents are required to prepare their own mattresses, blankets, pillows, and bed sheets.', 'CCU dormitories have basic access control and management rules in place to maintain safety and living quality.\n\nResidents typically enter and exit the dormitory by scanning their student ID card, and non-residents are not allowed to enter freely.\n\nDormitories also have staff on duty and regulations regarding the use of public areas, visitors, noise levels, and cleanliness.']","National Chung Cheng University dormitories only provide bed frames. Students are required to prepare their own mattresses, blankets, pillows, and bed sheets.",1.0,0.671243623520866,0.49999999995,Qwen3_no_think
What shared facilities are available in CCU dormitories?,"['CCU dormitories provide a variety of shared living facilities to support daily life.\n\nSelf-service washing machines and dryers are available for laundry needs, and most dormitory buildings also include common rooms or shared spaces for resting, socializing, or studying.', 'the  Computer Center; the fee is NT$1,000 per semester.    3.4 Public Facilities  Public Facilities for undergraduate, master, and PhD:  shared washing machines, RO drinking water system,  social lounge.    3.5 Dormitory Network  As soon as you settle down your accommodation which means you’ve got your room  number and bed number, you need to apply dormitory network in order to use the  internet (wired network) in the dorm.  For applying the dormitory network, please submit the document online:   https://www.dorm.ccu.edu.tw/student/login  For more information about dormitory network please refer  to: https://www.dorm.ccu.edu.tw/en or call the ext.14151      13    04        Registration Registration  4.1 University Registration    14   No Work Time Location  Required  Documents Note  1 Dorm  Check-in  Starting  from  Aug 29  Dormitory Passport   2  Dorm  Internet  After the  Dorm  check- in  Office of Information  Technology  (Library 1st floor)  1. CB1 of  Undergraduate  Dormitory (only  7PM- 10PM)  2. Link', 'beds, desks, chairs,  book shelf, closets, telephone. Internet access is  available in all dormitories.  3. You can apply for dormitory network in the  Computer Center; the fee is NT$1,000 per semester.    3.4 Public Facilities  Public Facilities for undergraduate, master, and PhD:  shared washing machines, RO drinking water system,  social lounge.    3.5 Dormitory Network  As soon as you settle down your accommodation which means you’ve got your room  number and bed number, you need to apply dormitory network in order to use the  internet (wired network) in the dorm.  For applying the dormitory network, please submit the document online:   https://www.dorm.ccu.edu.tw/student/login  For more information about dormitory network please refer  to: https://www.dorm.ccu.edu.tw/en or call the ext.14151      13    04        Registration Registration  4.1 University Registration    14   No Work Time Location  Required  Documents Note  1 Dorm  Check-in  Starting  from  Feb 20  Dormitory Passport   2  Dorm  Internet']","Shared facilities in CCU dormitories include self-service washing machines and dryers, common rooms for resting, socializing, or studying, shared washing machines, RO drinking water systems, and social lounges. Internet access is available, and students can apply for dormitory network (wired internet) after settling into their accommodation. The application requires submitting documents online.",1.0,0.9986315013988315,0.5833333333041666,Qwen3_no_think
Which CCU dormitory room type includes a private kitchen and balcony?,"['For PhD students, dormitories in Building E include single suite rooms, double small suites, and triple large suites, all equipped with private bathrooms. The triple large suite also includes a private kitchen and balcony, providing greater privacy and convenience.', 'Some room types, such as the PhD triple large suite, include a private kitchen inside the room. For most other room types, facilities are mainly shared, and the exact setup may vary depending on the dormitory building and room type.', 'CCU dormitories provide a variety of shared living facilities to support daily life.\n\nSelf-service washing machines and dryers are available for laundry needs, and most dormitory buildings also include common rooms or shared spaces for resting, socializing, or studying.']",The CCU dormitory room type that includes a private kitchen and balcony is the PhD triple large suite. This room type is located in Building E and offers greater privacy and convenience with its private kitchen and balcony.,0.6,0.9688428819617871,0.9999999999,Qwen3_no_think
How do residents enter and exit CCU dormitories?,"['CCU dormitories have basic access control and management rules in place to maintain safety and living quality.\n\nResidents typically enter and exit the dormitory by scanning their student ID card, and non-residents are not allowed to enter freely.\n\nDormitories also have staff on duty and regulations regarding the use of public areas, visitors, noise levels, and cleanliness.', ""may cause crawling insects, and destroy  environmental  cleanliness; improper use of cell phone may affect the rights of others.  ⚫ Violator of these regulations is subject to mark down of points, and may  lose the borrowing privilege, access to audio -visual center, and access  to library facilities!   CCU Campus Life    32      The layout of each floor is as follows:  https://lib.ccu.edu.tw/p/426-1011-57.php?Lang=zh-tw    Basement Study room (open for 24 hours during the midterm and finals  weeks)  1st floor  Audio-Visual Center, Cafeteria, Offices of Acquisition and  Cataloging Division, Audio -Visual Resources Division, Center  of language study, Center of cultural events  2nd floor  General Information Desk, Reference Desk, Circulation Desk,  Database Research Area, Reference Materials, Microform  Materials, Current Journals, Photocopy Room, Office of  Reader's Services Division  3rd floor Newspapers Reading Area, Bound Western Journals, Art  Exhibition Hall, Study Carrels  4th floor Bound East-Asian"", ""may cause crawling insects, and destroy  environmental  cleanliness; improper use of cell phone may affect the rights of others.  ⚫ Violator of these regulations is subject to mark down of points, and may  lose the borrowing privilege, access to audio -visual center, and access  to library facilities!   CCU Campus Life    32      The layout of each floor is as follows:  https://lib.ccu.edu.tw/p/426-1011-57.php?Lang=zh-tw    Basement Study room (open for 24 hours during the midterm and finals  weeks)  1st floor  Audio-Visual Center, Cafeteria, Offices of Acquisition and  Cataloging Division, Audio -Visual Resources Division, Center  of language study, Center of cultural events  2nd floor  General Information Desk, Reference Desk, Circulation Desk,  Database Research Area, Reference Materials, Microform  Materials, Current Journals, Photocopy Room, Office of  Reader's Services Division  3rd floor Newspapers Reading Area, Bound Western Journals, Art  Exhibition Hall, Study Carrels  4th floor Bound East-Asian""]","Residents enter and exit CCU dormitories by scanning their student ID card. Non-residents are not allowed to enter freely. Dormitories have staff on duty and regulations regarding visitors, noise levels, and cleanliness. Improper use of cell phone may affect others' rights. Violators may lose borrowing privileges, access to audio-visual center, and library facilities.",1.0,0.8936406911522842,0.9999999999,Qwen3_no_think
Can non-residents freely enter CCU dormitories?,"['CCU dormitories have basic access control and management rules in place to maintain safety and living quality.\n\nResidents typically enter and exit the dormitory by scanning their student ID card, and non-residents are not allowed to enter freely.\n\nDormitories also have staff on duty and regulations regarding the use of public areas, visitors, noise levels, and cleanliness.', 'Self-study rooms at the CCU Library are open only to currently enrolled CCU students.\n\nOther individuals who are not enrolled students are not permitted to enter or use these spaces.', 'the  Computer Center; the fee is NT$1,000 per semester.    3.4 Public Facilities  Public Facilities for undergraduate, master, and PhD:  shared washing machines, RO drinking water system,  social lounge.    3.5 Dormitory Network  As soon as you settle down your accommodation which means you’ve got your room  number and bed number, you need to apply dormitory network in order to use the  internet (wired network) in the dorm.  For applying the dormitory network, please submit the document online:   https://www.dorm.ccu.edu.tw/student/login  For more information about dormitory network please refer  to: https://www.dorm.ccu.edu.tw/en or call the ext.14151      13    04        Registration Registration  4.1 University Registration    14   No Work Time Location  Required  Documents Note  1 Dorm  Check-in  Starting  from  Aug 29  Dormitory Passport   2  Dorm  Internet  After the  Dorm  check- in  Office of Information  Technology  (Library 1st floor)  1. CB1 of  Undergraduate  Dormitory (only  7PM- 10PM)  2. Link']","Non-residents are not allowed to enter CCU dormitories freely. Access is controlled and managed to ensure safety and living quality. Entry typically requires scanning a student ID card, which residents use. Non-residents must follow specific procedures or obtain permission. Dormitory staff are present, and there are rules about visitors, public areas, noise, and cleanliness. For more details, contact the dormitory office.",0.8333333333333334,0.9314198997431764,0.9999999999,Qwen3_no_think
Is dormitory internet access automatically activated when you move into a CCU dorm?,"['At National Chung Cheng University, dormitory internet access must be applied for by students themselves and is not automatically activated after moving in. Before applying, students must first activate their university SSO account, as the dormitory internet application is processed through the campus dormitory network service system, which requires logging in with an SSO account. If the SSO account has not yet been activated, students must complete activation on the university’s designated SSO activation page before proceeding.\n\nAfter activating the SSO account, students should prepare the required information for the application. This includes the student ID number and password, an email address that can receive verification messages, and current dormitory bed information. If planning to use a wired internet connection, students must also confirm their computer’s network card (MAC) address in advance. If electronic payment is chosen, proof of payment must be prepared for later upload.', 'beds, desks, chairs,  book shelf, closets, telephone. Internet access is  available in all dormitories.  3. You can apply for dormitory network in the  Computer Center; the fee is NT$1,000 per semester.    3.4 Public Facilities  Public Facilities for undergraduate, master, and PhD:  shared washing machines, RO drinking water system,  social lounge.    3.5 Dormitory Network  As soon as you settle down your accommodation which means you’ve got your room  number and bed number, you need to apply dormitory network in order to use the  internet (wired network) in the dorm.  For applying the dormitory network, please submit the document online:   https://www.dorm.ccu.edu.tw/student/login  For more information about dormitory network please refer  to: https://www.dorm.ccu.edu.tw/en or call the ext.14151      13    04        Registration Registration  4.1 University Registration    14   No Work Time Location  Required  Documents Note  1 Dorm  Check-in  Starting  from  Feb 20  Dormitory Passport   2  Dorm  Internet', 'beds, desks, chairs,  book shelf, closets, telephone. Internet access is  available in all dormitories.  3. You can apply for dormitory network in the  Computer Center; the fee is NT$1,000 per semester.    3.4 Public Facilities  Public Facilities for undergraduate, master, and PhD:  shared washing machines, RO drinking water system,  social lounge.    3.5 Dormitory Network  As soon as you settle down your accommodation which means you’ve got your room  number and bed number, you need to apply dormitory network in order to use the  internet (wired network) in the dorm.  For applying the dormitory network, please submit the document online:   https://www.dorm.ccu.edu.tw/student/login  For more information about dormitory network please refer  to: https://www.dorm.ccu.edu.tw/en or call the ext.14151      13    04        Registration Registration  4.1 University Registration    14   No Work Time Location  Required  Documents Note  1 Dorm  Check-in  Starting  from  Feb 20  Dormitory Passport   2  Dorm  Internet']","Dormitory internet access at CCU is not automatically activated. Students must apply for it themselves. Before applying, activate your SSO account via the university’s designated page. Prepare required documents: student ID, email for verification, dormitory bed info, and MAC address if using wired internet. Apply online at https://www.dorm.ccu.edu.tw/student/login. The fee is NT$1,000 per semester.",1.0,0.8896361789830006,0.9999999999666667,Qwen3_no_think
What account must be activated before applying for dormitory internet at CCU?,"['Before applying for dormitory internet access, you must first activate your university SSO account. The SSO account is a shared account used for various campus systems, including the dormitory internet application system.', 'At National Chung Cheng University, dormitory internet access must be applied for by students themselves and is not automatically activated after moving in. Before applying, students must first activate their university SSO account, as the dormitory internet application is processed through the campus dormitory network service system, which requires logging in with an SSO account. If the SSO account has not yet been activated, students must complete activation on the university’s designated SSO activation page before proceeding.\n\nAfter activating the SSO account, students should prepare the required information for the application. This includes the student ID number and password, an email address that can receive verification messages, and current dormitory bed information. If planning to use a wired internet connection, students must also confirm their computer’s network card (MAC) address in advance. If electronic payment is chosen, proof of payment must be prepared for later upload.', 'beds, desks, chairs,  book shelf, closets, telephone. Internet access is  available in all dormitories.  3. You can apply for dormitory network in the  Computer Center; the fee is NT$1,000 per semester.    3.4 Public Facilities  Public Facilities for undergraduate, master, and PhD:  shared washing machines, RO drinking water system,  social lounge.    3.5 Dormitory Network  As soon as you settle down your accommodation which means you’ve got your room  number and bed number, you need to apply dormitory network in order to use the  internet (wired network) in the dorm.  For applying the dormitory network, please submit the document online:   https://www.dorm.ccu.edu.tw/student/login  For more information about dormitory network please refer  to: https://www.dorm.ccu.edu.tw/en or call the ext.14151      13    04        Registration Registration  4.1 University Registration    14   No Work Time Location  Required  Documents Note  1 Dorm  Check-in  Starting  from  Feb 20  Dormitory Passport   2  Dorm  Internet']","The account that must be activated before applying for dormitory internet at CCU is the university SSO account. This account is required for accessing various campus systems, including the dormitory internet application system. Students must activate their SSO account on the university’s designated page before proceeding with the application.",1.0,0.9906234778769475,0.99999999995,Qwen3_no_think
What extra information is required when applying for wired internet in a CCU dormitory?,"['After preparing the required information, you can apply through the dormitory internet service system (Dorm Net) in the CCU SSO system, and fill in your bed information and network card address (required only for wired internet).', 'the  Computer Center; the fee is NT$1,000 per semester.    3.4 Public Facilities  Public Facilities for undergraduate, master, and PhD:  shared washing machines, RO drinking water system,  social lounge.    3.5 Dormitory Network  As soon as you settle down your accommodation which means you’ve got your room  number and bed number, you need to apply dormitory network in order to use the  internet (wired network) in the dorm.  For applying the dormitory network, please submit the document online:   https://www.dorm.ccu.edu.tw/student/login  For more information about dormitory network please refer  to: https://www.dorm.ccu.edu.tw/en or call the ext.14151      13    04        Registration Registration  4.1 University Registration    14   No Work Time Location  Required  Documents Note  1 Dorm  Check-in  Starting  from  Aug 29  Dormitory Passport   2  Dorm  Internet  After the  Dorm  check- in  Office of Information  Technology  (Library 1st floor)  1. CB1 of  Undergraduate  Dormitory (only  7PM- 10PM)  2. Link', 'beds, desks, chairs,  book shelf, closets, telephone. Internet access is  available in all dormitories.  3. You can apply for dormitory network in the  Computer Center; the fee is NT$1,000 per semester.    3.4 Public Facilities  Public Facilities for undergraduate, master, and PhD:  shared washing machines, RO drinking water system,  social lounge.    3.5 Dormitory Network  As soon as you settle down your accommodation which means you’ve got your room  number and bed number, you need to apply dormitory network in order to use the  internet (wired network) in the dorm.  For applying the dormitory network, please submit the document online:   https://www.dorm.ccu.edu.tw/student/login  For more information about dormitory network please refer  to: https://www.dorm.ccu.edu.tw/en or call the ext.14151      13    04        Registration Registration  4.1 University Registration    14   No Work Time Location  Required  Documents Note  1 Dorm  Check-in  Starting  from  Feb 20  Dormitory Passport   2  Dorm  Internet']","When applying for wired internet in a CCU dormitory, you need to provide your bed information and network card address. The application must be done through the Dorm Net system in the CCU SSO system. The fee is NT$1,000 per semester. You can apply after settling into your accommodation and obtaining your room and bed numbers. For more details, visit the provided links or contact ext.14151.",1.0,0.9337476707934872,0.5833333333041666,Qwen3_no_think
Where must dormitory internet fees be paid at CCU?,"['Aug 29  Dormitory Passport   2  Dorm  Internet  After the  Dorm  check- in  Office of Information  Technology  (Library 1st floor)  1. CB1 of  Undergraduate  Dormitory (only  7PM- 10PM)  2. Link to CCU  Dormitory Network  System:  https://www.dorm.ccu.e du.tw/en   1. NT$1,000   2. Computer  Address  3. Internet Cable    3  Uploading  a digital  photo to  New  Students  ID System    Link to CCU Student  Academic Record Entry  System:  https://www026198.ccu.edu .tw/academic/     Digital Photo     (.jpg or .jpeg)  * The default password  birth date + first 2  capital letters of  student’s name  * Print out the form  after you finish  filling it online  4 Paying the  fees   1. Download the  payment sheet via  https://school.bot.com.tw/new Twbank/StudentLogin.aspx  2. Pay the fees at  convenience stores,  Post office or  Taiwan Bank  1. Payment Sheet  2. Money  If the amount of fee is  more than 40,000, you  can only pay it at Post  Office or Taiwan Bank  at Administration  Building B1  (9AM – 11:50AM)', 'beds, desks, chairs,  book shelf, closets, telephone. Internet access is  available in all dormitories.  3. You can apply for dormitory network in the  Computer Center; the fee is NT$1,000 per semester.    3.4 Public Facilities  Public Facilities for undergraduate, master, and PhD:  shared washing machines, RO drinking water system,  social lounge.    3.5 Dormitory Network  As soon as you settle down your accommodation which means you’ve got your room  number and bed number, you need to apply dormitory network in order to use the  internet (wired network) in the dorm.  For applying the dormitory network, please submit the document online:   https://www.dorm.ccu.edu.tw/student/login  For more information about dormitory network please refer  to: https://www.dorm.ccu.edu.tw/en or call the ext.14151      13    04        Registration Registration  4.1 University Registration    14   No Work Time Location  Required  Documents Note  1 Dorm  Check-in  Starting  from  Feb 20  Dormitory Passport   2  Dorm  Internet', 'beds, desks, chairs,  book shelf, closets, telephone. Internet access is  available in all dormitories.  3. You can apply for dormitory network in the  Computer Center; the fee is NT$1,000 per semester.    3.4 Public Facilities  Public Facilities for undergraduate, master, and PhD:  shared washing machines, RO drinking water system,  social lounge.    3.5 Dormitory Network  As soon as you settle down your accommodation which means you’ve got your room  number and bed number, you need to apply dormitory network in order to use the  internet (wired network) in the dorm.  For applying the dormitory network, please submit the document online:   https://www.dorm.ccu.edu.tw/student/login  For more information about dormitory network please refer  to: https://www.dorm.ccu.edu.tw/en or call the ext.14151      13    04        Registration Registration  4.1 University Registration    14   No Work Time Location  Required  Documents Note  1 Dorm  Check-in  Starting  from  Feb 20  Dormitory Passport   2  Dorm  Internet']","The dormitory internet fees must be paid at the Office of Information Technology (Library 1st floor) or via the payment sheet downloaded from the provided link. Payment can be made at convenience stores, Post office, or Taiwan Bank. If the fee exceeds NT$40,000, payment is only allowed at the Post Office or Taiwan Bank at Administration Building B1.",0.6,0.7445260028875357,0.9999999999,Qwen3_no_think
What is the minimum number of people required to borrow a discussion room at the CCU Library?,"['In general, borrowing a discussion room requires at least three people, including yourself.\n\nSome larger discussion rooms require a minimum of five people, including yourself.', 'To borrow a discussion room, you must present your student ID at the service counter to borrow the room key.\n\nEach session allows up to four hours of use. If there is no subsequent reservation, you may renew the usage according to library regulations.', 'The CCU Library provides self-study rooms, research carrels, and discussion rooms to meet different student needs.\n\nSelf-study rooms are designed for quiet study. Students may enter by scanning their student ID during opening hours and select seats through the system.']","The minimum number of people required to borrow a discussion room at the CCU Library is three, including yourself. Some larger rooms may require a minimum of five people, including yourself. You must present your student ID at the service counter to borrow the room key. Each session allows up to four hours of use.",1.0,0.9141266391831762,0.9999999999,Qwen3_no_think
How long can you use a discussion room per session at the CCU Library?,"['To borrow a discussion room, you must present your student ID at the service counter to borrow the room key.\n\nEach session allows up to four hours of use. If there is no subsequent reservation, you may renew the usage according to library regulations.', 'Students may borrow home-use audiovisual materials from the CCU Library, with a maximum of 4 items at a time. The loan period for these materials is 7 days.\n\nIf audiovisual materials are needed for student clubs or events and are approved by the relevant units, public-performance versions may also be borrowed according to library regulations.', ""may cause crawling insects, and destroy  environmental  cleanliness; improper use of cell phone may affect the rights of others.  ⚫ Violator of these regulations is subject to mark down of points, and may  lose the borrowing privilege, access to audio -visual center, and access  to library facilities!   CCU Campus Life    32      The layout of each floor is as follows:  https://lib.ccu.edu.tw/p/426-1011-57.php?Lang=zh-tw    Basement Study room (open for 24 hours during the midterm and finals  weeks)  1st floor  Audio-Visual Center, Cafeteria, Offices of Acquisition and  Cataloging Division, Audio -Visual Resources Division, Center  of language study, Center of cultural events  2nd floor  General Information Desk, Reference Desk, Circulation Desk,  Database Research Area, Reference Materials, Microform  Materials, Current Journals, Photocopy Room, Office of  Reader's Services Division  3rd floor Newspapers Reading Area, Bound Western Journals, Art  Exhibition Hall, Study Carrels  4th floor Bound East-Asian""]","Each session allows up to four hours of use. If there is no subsequent reservation, you may renew the usage according to library regulations.",1.0,0.6542415855605602,0.9999999999,Qwen3_no_think
How many discussion room time slots can one person hold at the same time?,"['In general, borrowing a discussion room requires at least three people, including yourself.\n\nSome larger discussion rooms require a minimum of five people, including yourself.', 'Students may also make online reservations in advance. Each person may hold up to four time slots at the same time.', 'To borrow a discussion room, you must present your student ID at the service counter to borrow the room key.\n\nEach session allows up to four hours of use. If there is no subsequent reservation, you may renew the usage according to library regulations.']",Each person may hold up to four time slots at the same time.,1.0,0.8491625942546096,0.49999999995,Qwen3_no_think
Do CCU students need to pay to enter the Sports Center?,"['Students may use Sports Center facilities by bringing their student ID and scanning it at the entrance to verify their identity.\n\nAfter verification, students may enter and use general sports facilities and the swimming pool free of charge.\n\nNon-CCU individuals are required to purchase tickets according to regulations.', 'Non-CCU individuals are required to purchase tickets according to regulations.\n\nPlease note that although students do not need to pay to enter the Sports Center itself, use of the gym still requires a NT$30 fee per visit.', 'For currently enrolled National Chung Cheng University students, most Sports Center facilities and the swimming pool are free of charge.\n\nOnly the gym requires an additional fee, which is NT$30 per person per visit.']","CCU students do not need to pay to enter the Sports Center. They can use general sports facilities and the swimming pool free of charge by presenting their student ID. However, using the gym requires a NT$30 fee per visit. Non-CCU individuals must purchase tickets.",1.0,0.9251128071876719,0.9999999999666667,Qwen3_no_think
What do CCU students need to bring to enter the Sports Center?,"['Students may use Sports Center facilities by bringing their student ID and scanning it at the entrance to verify their identity.\n\nAfter verification, students may enter and use general sports facilities and the swimming pool free of charge.\n\nNon-CCU individuals are required to purchase tickets according to regulations.', 'items, specifically  the ""Residence or Settlement Health Check-up Items Form”.  You can find two kinds of form in handbook or the website.    Information for   Health Examination    52              6. Further Details:   For more information, please refer to the Health and Welfare Section\'s  webpage or follow their Facebook/Instagram.       Information for   Health Examination    53            On-campus health Examination    What When Remark  Do a health check to  complete the CCU  student Health  Examination  114.09.03 (Wed)  09:00-10:00    * Please come before  10:00.  Mandatory for every new student  Fees: NTD$630    Documents required:  ⚫ Your passport  ⚫ CCU student Health Examination form    If you miss the health check that we arrange  on campus, you must go to the hospital by  yourself. The fees will be more expensive.      Health Check-up Instructions  1. Please be sure to bring the health check-up form and fill out the self-reported  sections on the front. For the 3 days prior to the check-up,', 'Non-CCU individuals are required to purchase tickets according to regulations.\n\nPlease note that although students do not need to pay to enter the Sports Center itself, use of the gym still requires a NT$30 fee per visit.']","To enter the Sports Center, CCU students need to bring their student ID and scan it at the entrance for identity verification. After verification, they can use general sports facilities and the swimming pool free of charge. Note that use of the gym requires a NT$30 fee per visit. Non-CCU individuals must purchase tickets according to regulations.",1.0,0.8723180366467703,0.8333333332916666,Qwen3_no_think
What types of clinics are available in the Minxiong area near CCU?,"['The Minxiong area around National Chung Cheng University has many clinics that can handle most common or chronic conditions, including rehabilitation medicine, ENT, ophthalmology, dentistry, dermatology, and gynecology. These clinics are mostly located in Minxiong town and are easy to reach from campus. They are suitable for issues such as colds, skin problems, toothaches, and', 'Rd., Dalin  Township, Chiayi County 622,  Taiwan  (05) 264-8000  (ext. 5920, 5921)  https://dalin.tzuchi- healthcare.org.tw/   Chiayi Christian  Hospital  No.539, Zhongxiao Rd., East  Dist, Chiayi City 600, Taiwan (05) 2764994 http://elearn2.cych.org.tw /1900/en/index.php  Chang Gung  Memorial Hospital  (Chiayi)  No.8, Sec. W., Jiapu Rd., Puzi  City, Chiayi County 613, Taiwan (05) 3621000 https://www.cgmh.org.tw/e ng/about/system  St. Martin De Porres  Hospital  No.565, Sec. 2, Daya Rd., East  Dist., Chiayi City 600, Taiwan (05) 2756555 https://www.stm.org.tw/s tm_en/  Huider Clinic  No. 281, Sec 1, University Road,  Minxiong Township, Chiayi  County 621, Taiwan  (05) 2721665 https://www.facebook.com /wedeclinic?locale=zh_TW CCU Campus Life    28        Eating-out  Besides enjoying your meals on campus restaurants, you also can find more  restaurants off the campus. For example, walking straight from the front gate of  CCU, you will find many restaurants, stands along two sides of the roads.  Furthermore,', '(Dalin)  No.2, Minsheng Rd., Dalin  Township, Chiayi County 622,  Taiwan  (05) 264-8000  (ext. 5920, 5921)  https://dalin.tzuchi- healthcare.org.tw/   Chiayi Christian  Hospital  No.539, Zhongxiao Rd., East  Dist, Chiayi City 600, Taiwan (05) 2764994 http://elearn2.cych.org.tw /1900/en/index.php  Chang Gung  Memorial Hospital  (Chiayi)  No.8, Sec. W., Jiapu Rd., Puzi  City, Chiayi County 613, Taiwan (05) 3621000 https://www.cgmh.org.tw/e ng/about/system  St. Martin De Porres  Hospital  No.565, Sec. 2, Daya Rd., East  Dist., Chiayi City 600, Taiwan (05) 2756555 https://www.stm.org.tw/s tm_en/  Huider Clinic  No. 281, Sec 1, University Road,  Minxiong Township, Chiayi  County 621, Taiwan  (05) 2721665 https://www.facebook.com /wedeclinic?locale=zh_TW CCU Campus Life    28        Eating-out  Besides enjoying your meals on campus restaurants, you also can find more  restaurants off the campus. For example, walking straight from the front gate of  CCU, you will find many restaurants, stands along two sides of']","The Minxiong area near CCU has clinics offering services such as rehabilitation medicine, ENT, ophthalmology, dentistry, dermatology, and gynecology. Notable clinics include Huider Clinic (Minxiong Township, 05-2721665) and others in Minxiong town. Other hospitals nearby are Chiayi Christian Hospital, Chang Gung Memorial Hospital, and St. Martin De Porres Hospital.",1.0,0.9511964047350029,0.9999999999666667,Qwen3_no_think
Which large hospitals in Chiayi City can students visit for serious medical conditions?,"['If more comprehensive examinations, hospitalization, or treatment for serious conditions are required, you can visit large hospitals in Chiayi City, such as Chiayi Christian Hospital, Dalin Tzu Chi Hospital, or St. Martin De Porres Hospital. These hospitals have complete facilities and departments and provide emergency and specialist medical services.', 'For most students, visiting a clinic in Minxiong first is more convenient for minor issues, while going to a hospital in Chiayi City is recommended for more serious conditions.', '(Dalin)  No.2, Minsheng Rd., Dalin  Township, Chiayi County 622,  Taiwan  (05) 264-8000  (ext. 5920, 5921)  https://dalin.tzuchi- healthcare.org.tw/   Chiayi Christian  Hospital  No.539, Zhongxiao Rd., East  Dist, Chiayi City 600, Taiwan (05) 2764994 http://elearn2.cych.org.tw /1900/en/index.php  Chang Gung  Memorial Hospital  (Chiayi)  No.8, Sec. W., Jiapu Rd., Puzi  City, Chiayi County 613, Taiwan (05) 3621000 https://www.cgmh.org.tw/e ng/about/system  St. Martin De Porres  Hospital  No.565, Sec. 2, Daya Rd., East  Dist., Chiayi City 600, Taiwan (05) 2756555 https://www.stm.org.tw/s tm_en/  Huider Clinic  No. 281, Sec 1, University Road,  Minxiong Township, Chiayi  County 621, Taiwan  (05) 2721665 https://www.facebook.com /wedeclinic?locale=zh_TW CCU Campus Life    28        Eating-out  Besides enjoying your meals on campus restaurants, you also can find more  restaurants off the campus. For example, walking straight from the front gate of  CCU, you will find many restaurants, stands along two sides of']","For serious medical conditions, students can visit Chiayi Christian Hospital, Dalin Tzu Chi Hospital, or St. Martin De Porres Hospital in Chiayi City. These hospitals offer comprehensive examinations, hospitalization, and specialist services. For minor issues, visiting Huider Clinic in Minxiong Township is more convenient.",1.0,0.9253935723311161,0.9999999999666667,Qwen3_no_think
What medical services are covered under Taiwan's National Health Insurance?,"['you get medical insurance at first that  can cover your medical procedures in Taiwan.    II. National Health Insurance (NHI)  It is necessary to apply National Health Insurance for staying in Taiwan. According to  Taiwan National Health Insurance Act, only students who have stayed for more than 6  months are qualified for NHI. For example, if the date of issue on your ARC is on March  10th, the nearest date you can apply is Sep. 10th.    Registration  4.5 Applying for Resident Visa and  Alien Resident Certificate (ARC)    20     You are required to possess a Resident VISA and an ARC in order to stay in Taiwan for  studying. If you have obtained a Resident VISA before coming to Taiwan, you only need  to apply for an ARC when you ar rive at CCU. This will make things easier. If you did not  apply for a Resident VISA before coming to Taiwan, it is necessary that you apply for a  Resident VISA on your own and then the ARC.    For international students, the Alien Resident Certificate (ARC) serves as their', 'the first 6 months, we help you get medical insurance at first that  can cover your medical procedures in Taiwan.    II. National Health Insurance (NHI)  It is necessary to apply National Health Insurance for staying in Taiwan. According to  Taiwan National Health Insurance Act, only students who have stayed for more than 6  months are qualified for NHI. For example, if the date of issue on your ARC is on Mar ch  10th, the nearest date you can apply is Sep. 10th.    Registration  4.5 Applying for Resident Visa and  Alien Resident Certificate (ARC)    20     You are required to possess a Resident VISA and an ARC in order to stay in Taiwan for  studying. If you have obtained a Resident VISA before coming to Taiwan, you only need  to apply for an ARC when you arrive at CCU. This will make things easier. If you did  not  apply for a Resident VISA before coming to Taiwan, it is necessary that you apply for a  Resident VISA on your own and then the ARC.    For international students, the Alien Resident Certificate', 'Please refer to the following website for  details: https://www.nhi.gov.tw/en/mp-2.html    I. Short-term Medical and Injury Insurance  According to Article 21 of the MOE Regulations Regarding International Students  Undertaking Studies in Taiwan, ""At the time of re gistration a new international student  shall present proof of a medical and injury insurance policy which is valid for at least 6  months from the date the student enters Taiwan. Current student shall present written  proof that they have joined Taiwan’s the  National Health Insurance Plan. The above- mentioned written proof of insurance issued in foreign country shall be verified by the  ‘Overseas Agencies’.”  Since you can only get NHI after 6 months of your arrival, in order to safeguard your right  to health care during the first 6 months, we help you get medical insurance at first that  can cover your medical procedures in Taiwan.    II. National Health Insurance (NHI)  It is necessary to apply National Health Insurance for staying in']","Under Taiwan's National Health Insurance (NHI), international students must stay for more than 6 months to qualify. Before that, the university provides short-term medical insurance. NHI coverage includes medical procedures in Taiwan. For details, visit https://www.nhi.gov.tw/en/mp-2.html.",1.0,0.8004916476805454,0.9999999999666667,Qwen3_no_think
What is the processing fee to replace a lost or damaged NHI IC card?,"['If your NHI IC card is lost, damaged, or needs to be replaced due to changes in personal information or your photo, you can apply for a replacement or reissuance through the NHI authority.', 'These documents are used to apply for or produce your NHI IC card.', 'After submission, it usually takes about two weeks for the NHI card to be mailed to the address you provided.']","The processing fee for replacing a lost or damaged NHI IC card is not mentioned in the retrieved context. Sorry, I am not sure about it. Maybe you could turn to OIA for help.",0.3333333333333333,0.0,0.0,Qwen3_no_think
Do student clubs at CCU typically charge membership fees?,"['Most student clubs on campus do not restrict membership by nationality. As long as you are a currently enrolled CCU student, clubs generally welcome international students to join.\n\nWhether a club focuses on academics, sports, music and performance, service, or cultural exchange, you are free to participate according to your interests.', 'Usually, student clubs do charge membership fees, but the fee structure and amount vary by club.\n\nSome clubs charge a one-time membership fee to cover general activity or equipment costs, while others may charge additional fees depending on specific activities or events.', 'On-campus dormitory fees at CCU vary by building and room type, but overall they are generally affordable for students.\n\nFor master’s dormitories in Buildings A to D, which are double-occupancy non-suite rooms, the dormitory fee is about NT$7,210 per semester. In addition, there is a one-time deposit of NT$1,600, prepaid electricity of about NT$1,500 for the first semester and about NT$500 for the second semester, and a separate internet fee of NT$1,000 per semester.']","Student clubs at CCU typically charge membership fees. The fee structure and amount vary by club. Some clubs charge a one-time membership fee to cover general activity or equipment costs, while others may charge additional fees depending on specific activities or events. Membership is generally open to all enrolled students, including international students, without nationality restrictions.",1.0,0.9812522273264278,0.49999999995,Qwen3_no_think
Is Chinese language ability required to join a student club at CCU?,"['Whether Chinese is required depends on the nature of the club.\n\nSome clubs mainly use Chinese for communication, but many clubs have members who can communicate in English or are willing to help international students. This is especially common in international exchange, academic, or service-oriented clubs.', 'Even if your Chinese is not yet fluent, you can still try joining a club and gradually become more familiar with the language and environment through activities. Student clubs are generally very welcoming to international students.', ""4. Certificate oof  Residence (from  OIA)  5. Fee NT$1,000  6. Photo  https://coa.immigrati on.gov.tw/coa- frontend/student/ent ry?lang=en    Registration  4.1 University Registration    17   No Work Time Location Required  Documents Note  10 Chinese  Program  1. The Chinese Training Program is credit-loaded and free for  international students. We sincerely encourage our  international students to join at least one Chinese training  course during their stay at CCU.  2. The Chinese Language Center of National Chung  Cheng University aims to provide high-quality  Chinese language instruction, integrating multimedia  technology, games and AI-based tools to cultivate  learners' various Chinese language abilities and  understanding of local cultures.   More information scan QR CODE or click link below:  https://chineselanguagecenter.ccu.edu.tw/?Lang=en       11 Post (Bank)  Account  After  getting   ARC  Post  Office  1. Chinese Name Stamp  2. ARC  3. Passport  4. Minimum deposit of  NT$100       12  Career-""]","The requirement for Chinese language ability to join a student club at CCU depends on the club's nature. Some clubs primarily use Chinese, but many clubs have members who can communicate in English or are willing to assist international students, especially in international exchange, academic, or service-oriented clubs. Even with limited Chinese proficiency, international students can join clubs and gradually improve their language skills through activities. Student clubs are generally welcoming to international students.",1.0,0.973513440095558,0.99999999995,Qwen3_no_think
What are the two ways to get from THSR Chiayi Station to CCU?,"['Step 3: From THSR Chiayi Station, choose one of the following ways to reach CCU:\n- Option A: Taxi — Around NT$600. Most convenient, especially if you have luggage.\n- Option B: Bus 106 — Around NT$113. Board at the bus stop outside the HSR station and get off at the CCU stop.', 'After arriving at THSR Chiayi Station, you can go to CCU by taxi or bus. Both options are easy to use, so you can choose based on your time and budget.', 'YOUR GUIDE TO CCUWelcome to Taiwan! Your Guide to Reaching  National Chung Cheng University (CCU) ✈  For new international students  🧭  Step-by-step travel guide from Taiwan Airports to CCU  🎓  Let’s begin your journey!From Taoyuan Airport to CCU 1.FROM TAOYUAN AIRPORT (TPE)  TO CCU 2.FROM  KAOHSIUNG AIRPORT (KHH)  TO CCU1.Take MRT (Airport MRT) → From Terminal 1 (A12) / 2 (A13)  to     HSR Taoyuan Station (A18)  2.Take Taiwan High-Speed Rail (HSR)(~1 hour 20 minutes /NT$920) From HSR Taoyuan → to HSR Chiayi 3.From HSR Chiayi Station to CCU: Option 1: Taxi (~25 minutes / ~BELOW NT$1,000) Option 2: Bus (Route 106)(~1 hour 20 minutes / ~NT$120) 1.FROM TAOYUAN AIRPORT (TPE) TO CCU STEPS:🚇  Taoyuan Airport MRT( ~20 minutes/ ~NT$35) Board at Terminal 1 (A12) or Terminal 2 (A13) Get off at A18: HSR Taoyuan Station 🚇  HSR Taoyuan to HSR Chiayi Board at HSR Taoyuan Station ，Get off at HSR Chiayi Station You can buy HSR tickets on-site at the station or book online :    👉 https://en.thsrc.com.tw/  🚇  HSR Chiayi']","There are two ways to get from THSR Chiayi Station to CCU:

- **Option A**: Take a taxi, which costs around NT$600 and is convenient, especially with luggage.
- **Option B**: Take Bus 106, which costs around NT$113. Board at the bus stop outside the HSR station and get off at the CCU stop.",1.0,0.9744224422400417,0.9999999999666667,Qwen3_no_think
How much does Bus 106 cost from THSR Chiayi Station to CCU?,"['- Taxi: Around NT$600. This is convenient if you have heavy luggage.\n- Bus 106: Around NT$113. Board at the bus stop outside the HSR station and get off at the CCU stop.', 'Step 3: From THSR Chiayi Station, choose one of the following ways to reach CCU:\n- Option A: Taxi — Around NT$600. Most convenient, especially if you have luggage.\n- Option B: Bus 106 — Around NT$113. Board at the bus stop outside the HSR station and get off at the CCU stop.', 'Step 3: After arriving at Chiayi or Minxiong Station, you can reach CCU by:\n- From Chiayi Station: Taxi (around NT$500–600) or Bus 106 (around NT$47).\n- From Minxiong Station: Taxi, usually around NT$100–200.']",The cost of Bus 106 from THSR Chiayi Station to CCU is around NT$113.,1.0,0.9945629938634708,0.99999999995,Qwen3_no_think
Where can you buy an EasyCard in Taiwan?,"['You can buy an EasyCard at most convenience stores in Taiwan, including 7-Eleven, FamilyMart, Hi-Life, and OK Mart. You can also purchase one at service counters or ticket windows in TRA train stations and MRT stations. After purchasing, you can add value', 'Convenience stores in Taiwan offer many services. Aside from buying drinks, bread, microwavable meals, snacks, and daily-use items, you can also pay bills, make copies, print documents, pick up online shopping packages, send packages, recharge EasyCards, and even purchase tickets.', 'You can go to any convenience store counter and ask the staff to help you add value to your EasyCard—simply tell them the amount you want to add. The process only takes a few seconds.']","You can buy an EasyCard at most convenience stores in Taiwan, such as 7-Eleven, FamilyMart, Hi-Life, and OK Mart. You can also purchase it at service counters or ticket windows in TRA train stations and MRT stations. After purchasing, you can add value to your EasyCard at any convenience store counter by informing the staff of the amount you wish to add.",1.0,0.9415275534093164,0.99999999995,Qwen3_no_think
How do you pay for the MRT using an EasyCard?,"['Some MRT and train stations also have automatic top-up machines. Just place your card on the reader and insert cash to complete the value reload. After topping up, your EasyCard is ready for use and will be very convenient for taking buses and MRTs.', 'You can pay for the bus fare with either cash or an EasyCard. If you use cash, ask the driver for the fare amount before getting off. Please note that cash must be exact, as the driver does not provide change.', 'When riding the MRT, you can either buy a single-journey ticket or use an EasyCard.\n\nSingle-journey tickets can be purchased from ticket machines in MRT stations. The ticket is a physical round token. Tap it when entering the station and insert it into the token slot when exiting.']","To pay for the MRT using an EasyCard:

1. Ensure your EasyCard has sufficient balance.
2. Tap your EasyCard on the card reader at the entrance to enter the station.
3. When exiting, tap your EasyCard again on the card reader to deduct the fare.

The EasyCard can be topped up at automatic machines using cash. Always ensure the card is properly loaded before use.",0.6,0.9671743006264751,0.9999999999,Qwen3_no_think
What should you be aware of when paying for a bus with cash instead of an EasyCard?,"['You can pay for the bus fare with either cash or an EasyCard. If you use cash, ask the driver for the fare amount before getting off. Please note that cash must be exact, as the driver does not provide change.', 'Because using cash is less convenient, it is recommended to buy an EasyCard in advance and add value at a convenience store. You can then simply tap your card when boarding the bus for easy payment.', 'If you use an EasyCard, simply tap the card once when entering and once when exiting. EasyCards can be reloaded and are very convenient, making them the most recommended payment method.']","When paying with cash for the bus, ensure you know the exact fare before getting off. The driver does not provide change, so cash must be exact. It is recommended to use an EasyCard instead for convenience, as it allows for easy payment by tapping the card upon entry and exit. EasyCards can be reloaded and are more convenient.",1.0,0.8975546719758065,0.9999999999666667,Qwen3_no_think
How can you buy a TRA train ticket in advance?,"['If you prefer to book in advance, you may also purchase tickets online through the official TRA website. After paying, you can either retrieve your ticket using the provided information or use an electronic ticket to board, making it very convenient.', 'You can buy tickets at the ticket counters or automatic ticket machines in TRA stations by selecting your departure station, arrival station, and travel time.', 'If you want to book in advance, you can also purchase tickets online through the official HSR website. After completing payment, you can use the ticket information directly to enter the station, which is very convenient.']","You can buy TRA train tickets in advance by purchasing online through the official TRA website. After payment, you can retrieve your ticket using the provided information or use an electronic ticket to board. Alternatively, you can buy tickets at TRA station ticket counters or automatic ticket machines by selecting your departure, arrival stations, and travel time. You can also book in advance via the official HSR website and use the ticket information directly to enter the station.",1.0,0.9919969067897622,0.9999999999666667,Qwen3_no_think
How can you purchase an HSR ticket without going to the station?,"['You can purchase tickets directly at the ticket counters or automatic ticket machines at any HSR station. Simply select your departure station, arrival station, and preferred travel time.', 'If you want to book in advance, you can also purchase tickets online through the official HSR website. After completing payment, you can use the ticket information directly to enter the station, which is very convenient.', 'HSR Taoyuan to HSR Chiayi Board at HSR Taoyuan Station ，Get off at HSR Chiayi Station You can buy HSR tickets on-site at the station or book online :    👉 https://en.thsrc.com.tw/  🚇  HSR Chiayi Station to CCU (BUS:Route 106) Board at HSR Chiayi Station ，Get off at CCU To check bus routes, schedules, and real-time info, visit: https://www.taiwanbus.tw/eBUSPage/Query/QueryResult.as px?rno=07460&rn=1669878703021&lan=E 1.Take MRT (Red Line) → From Kaohsiung Airport Station (R4)    →  Zuoying Station (R16) 2.Take Taiwan High-Speed Rail (HSR)（ ~ 30 minutes/NT$410 ） From HSR Zuoying →  to HSR Chiayi 3.From HSR Chiayi Station to CCU: Option 1: Taxi (~25 minutes / ~BELOW NT$1,000) Option 2: Bus (Route 106)(~1 hour 20 minutes / ~NT$120) 2.FROM KAOHSIUNG AIRPORT (KHH) TO CCU STEPS:🚇  Kaohsiung Airport MRT( ~30 minutes/ ~NT$35) Board at Kaohsiung International Airport (R4)  Get off at Zuoying（ R16) 🚇  HSR Zuoying to HSR Chiayi Board at HSR Zuoying Station ，Get off at HSR Chiayi Station You can buy HSR tickets on-site']","You can purchase HSR tickets online through the official HSR website (https://en.thsrc.com.tw/) without going to the station. After payment, use the ticket information to enter the station directly.",0.75,0.9937987045973121,0.5833333333041666,Qwen3_no_think
What daily necessities can you buy at a convenience store in Taiwan?,"['Most items you might urgently need—such as umbrellas, masks, stationery, basic medicine, or personal care products—can be found in convenience stores, making them extremely useful for daily life in Taiwan.', 'Convenience stores in Taiwan offer many services. Aside from buying drinks, bread, microwavable meals, snacks, and daily-use items, you can also pay bills, make copies, print documents, pick up online shopping packages, send packages, recharge EasyCards, and even purchase tickets.', 'Convenience stores offer a wide range of daily necessities, including toothbrushes, toothpaste, shampoo, body wash, razors, tissues, masks, feminine hygiene products, and other basic personal care items.']","Daily necessities available at convenience stores in Taiwan include:

- Umbrellas
- Masks
- Stationery
- Basic medicine
- Personal care products (e.g., toothbrushes, toothpaste, shampoo, body wash, razors, tissues, feminine hygiene products)
- Daily-use items (e.g., drinks, bread, microwavable meals, snacks)
- EasyCard recharging
- Bill payments
- Document printing/copying
- Online shopping package pickup
- Package sending
- Ticket purchasing",1.0,0.9783770316685168,0.9999999999666667,Qwen3_no_think
Can you send or receive packages at a convenience store in Taiwan?,"['Convenience stores in Taiwan offer many services. Aside from buying drinks, bread, microwavable meals, snacks, and daily-use items, you can also pay bills, make copies, print documents, pick up online shopping packages, send packages, recharge EasyCards, and even purchase tickets.', 'Yes. Most convenience stores provide both shipping and pickup services. You can give your package to the store staff to send it out, or choose a convenience store as the pickup location when shopping online. Later, you can collect your package using the notification message or your ID. The process is very simple and convenient.', 'If you’re not in your dorm or at home, having packages delivered to a convenience store is one of the easiest options.']","Yes, convenience stores in Taiwan allow both sending and receiving packages. You can give packages to store staff for shipping or choose a convenience store as a pickup location when shopping online. Afterward, collect your package via notification or ID. This service is convenient for those not at home or dorm.",1.0,0.9522333847276695,0.9999999999666667,Qwen3_no_think
"Besides shopping, what other services do convenience stores in Taiwan offer?","['Convenience stores in Taiwan offer many services. Aside from buying drinks, bread, microwavable meals, snacks, and daily-use items, you can also pay bills, make copies, print documents, pick up online shopping packages, send packages, recharge EasyCards, and even purchase tickets.', 'Most items you might urgently need—such as umbrellas, masks, stationery, basic medicine, or personal care products—can be found in convenience stores, making them extremely useful for daily life in Taiwan.', 'You can buy an EasyCard at most convenience stores in Taiwan, including 7-Eleven, FamilyMart, Hi-Life, and OK Mart. You can also purchase one at service counters or ticket windows in TRA train stations and MRT stations. After purchasing, you can add value']","Besides shopping, convenience stores in Taiwan offer services like paying bills, making copies, printing documents, picking up online shopping packages, sending packages, recharging EasyCards, purchasing tickets, and buying essential items such as umbrellas, masks, stationery, basic medicine, and personal care products. You can also buy an EasyCard at stores like 7-Eleven, FamilyMart, Hi-Life, and OK Mart.",1.0,0.9939124264712387,0.99999999995,Qwen3_no_think
What can you do with a Taiwanese bank account after opening one?,"['After opening a Taiwanese bank account, the most commonly used functions include receiving payments, transferring money, withdrawing cash, and paying bills.', 'Overall, having a Taiwanese bank account helps you manage finances more like a normal daily life in Taiwan and makes everyday transactions much more convenient.', 'Having a Taiwanese bank account makes receiving payments, transferring money, and paying bills much smoother, without the need to rely on cash or ask friends to receive money on your behalf.']","After opening a Taiwanese bank account, you can receive payments, transfer money, withdraw cash, and pay bills. Having a Taiwanese bank account helps manage finances like a normal daily life in Taiwan, making everyday transactions more convenient. It allows smoother receiving payments, transferring money, and paying bills without relying on cash or asking friends to receive money on your behalf.",1.0,0.9061359125944525,0.9999999999666667,Qwen3_no_think
Can international students manage their Taiwanese bank account through a mobile app?,"['As long as you hold a valid Alien Resident Certificate (ARC), international students can open a bank account in Taiwan.', 'Opening a bank account in Taiwan is not legally mandatory. However, international students who plan to stay in Taiwan for a longer period are usually advised to open one.', 'If you are only staying short-term, not opening an account may still be manageable. However, if you plan to stay for more than one semester or have scholarships, part-time work, rent payments, or frequent transfer needs, opening a Taiwanese bank account usually makes daily life much easier.']","Yes, international students with a valid Alien Resident Certificate (ARC) can open a bank account in Taiwan. Managing a Taiwanese bank account through a mobile app is possible, though the Retrieved Context does not specify app details. Opening an account is recommended for those staying over one semester, receiving scholarships, or needing rent, work, or frequent transfers. Short-term stays may not require it.",0.8888888888888888,0.8244174690441618,0.0,Qwen3_no_think
What are the CCU Library's opening hours during the semester on weekdays?,"[""may cause crawling insects, and destroy  environmental  cleanliness; improper use of cell phone may affect the rights of others.  ⚫ Violator of these regulations is subject to mark down of points, and may  lose the borrowing privilege, access to audio -visual center, and access  to library facilities!   CCU Campus Life    32      The layout of each floor is as follows:  https://lib.ccu.edu.tw/p/426-1011-57.php?Lang=zh-tw    Basement Study room (open for 24 hours during the midterm and finals  weeks)  1st floor  Audio-Visual Center, Cafeteria, Offices of Acquisition and  Cataloging Division, Audio -Visual Resources Division, Center  of language study, Center of cultural events  2nd floor  General Information Desk, Reference Desk, Circulation Desk,  Database Research Area, Reference Materials, Microform  Materials, Current Journals, Photocopy Room, Office of  Reader's Services Division  3rd floor Newspapers Reading Area, Bound Western Journals, Art  Exhibition Hall, Study Carrels  4th floor Bound East-Asian"", ""may cause crawling insects, and destroy  environmental  cleanliness; improper use of cell phone may affect the rights of others.  ⚫ Violator of these regulations is subject to mark down of points, and may  lose the borrowing privilege, access to audio -visual center, and access  to library facilities!   CCU Campus Life    32      The layout of each floor is as follows:  https://lib.ccu.edu.tw/p/426-1011-57.php?Lang=zh-tw    Basement Study room (open for 24 hours during the midterm and finals  weeks)  1st floor  Audio-Visual Center, Cafeteria, Offices of Acquisition and  Cataloging Division, Audio -Visual Resources Division, Center  of language study, Center of cultural events  2nd floor  General Information Desk, Reference Desk, Circulation Desk,  Database Research Area, Reference Materials, Microform  Materials, Current Journals, Photocopy Room, Office of  Reader's Services Division  3rd floor Newspapers Reading Area, Bound Western Journals, Art  Exhibition Hall, Study Carrels  4th floor Bound East-Asian"", '08:00-21:00  (09 : 00 – 17 : 00 during summer and winter vacation)    On-Campus Wireless Internet  Student can log in to CCU wireless network with CCU student email  account and password.  For your default CCU email account and password please see the following  table.     Account Password  New Student  Transcode the first number of  your student ID to an alphabet.  ◆ 4 → u  ◆ 6 → g  ◆ 5 → s  ◆ 8 → d  E.g., 400000123 → u00000123  Edu$ + last 5 digits of  your ID number  (default ID number is  your birthday + the first  2 capital letters of your  name)  Exchange  Student  Edu$ + the last 5  numerals of your  passport number CCU Campus Life    31        CCU Library  1. If you want to use the Library Online System,  please login through the CCU SSO System.   2. Check your borrowing status regularly.  3. Your borrowing due date is subject to change if the books you borrow are  reserved by others.  4. To protect your privilege, you are recommended to check your borrowing  status every 10 days at the following']","The CCU Library's opening hours during the semester on weekdays are 08:00-21:00. During summer and winter vacation, the hours are 09:00–17:00.",1.0,0.9767160224798167,0.3333333333,Qwen3_no_think
Is the CCU Library open on Sundays?,"['During winter and summer breaks, Monday to Friday hours are adjusted to 8:10 a.m. to 8:30 p.m. Saturdays remain open from 9:00 a.m. to 5:00 p.m., and Sundays are closed.\n\nIn addition, the library is almost always closed on national holidays. It is recommended to check whether the library is open before visiting.', 'The National Chung Cheng University Library has different opening hours depending on the semester and holidays.\n\nDuring the semester, the library is open Monday to Friday from 8:10 a.m. to 9:30 p.m., Saturday from 9:00 a.m. to 5:00 p.m., and closed on Sundays.', '08:00-21:00  (09 : 00 – 17 : 00 during summer and winter vacation)    On-Campus Wireless Internet  Student can log in to CCU wireless network with CCU student email  account and password.  For your default CCU email account and password please see the following  table.     Account Password  New Student  Transcode the first number of  your student ID to an alphabet.  ◆ 4 → u  ◆ 6 → g  ◆ 5 → s  ◆ 8 → d  E.g., 400000123 → u00000123  Edu$ + last 5 digits of  your ID number  (default ID number is  your birthday + the first  2 capital letters of your  name)  Exchange  Student  Edu$ + the last 5  numerals of your  passport number CCU Campus Life    31        CCU Library  1. If you want to use the Library Online System,  please login through the CCU SSO System.   2. Check your borrowing status regularly.  3. Your borrowing due date is subject to change if the books you borrow are  reserved by others.  4. To protect your privilege, you are recommended to check your borrowing  status every 10 days at the following']","The National Chung Cheng University Library is closed on Sundays during the semester. During winter and summer breaks, Sunday hours remain closed. The library is also almost always closed on national holidays. It is recommended to check the library's opening status before visiting.",0.75,0.6343097438096067,0.9999999999666667,Qwen3_no_think
What types of study spaces does the CCU Library provide?,"['The CCU Library provides self-study rooms, research carrels, and discussion rooms to meet different student needs.\n\nSelf-study rooms are designed for quiet study. Students may enter by scanning their student ID during opening hours and select seats through the system.', 'There are several public spaces on campus that are suitable for resting or reading.\n\nInside the CCU Library, in addition to self-study rooms, there are general reading areas and seating where you can read quietly or use a laptop.\n\nThe Activity Center also has open seating and public spaces that are suitable for short breaks, waiting for others, or light reading.', ""destroy  environmental  cleanliness; improper use of cell phone may affect the rights of others.  ⚫ Violator of these regulations is subject to mark down of points, and may  lose the borrowing privilege, access to audio -visual center, and access  to library facilities!   CCU Campus Life    32      The layout of each floor is as follows:  https://lib.ccu.edu.tw/p/426-1011-57.php?Lang=zh-tw    Basement Study room (open for 24 hours during the midterm and finals  weeks)  1st floor  Audio-Visual Center, Cafeteria, Offices of Acquisition and  Cataloging Division, Audio -Visual Resources Division, Center  of language study, Center of cultural events  2nd floor  General Information Desk, Reference Desk, Circulation Desk,  Database Research Area, Reference Materials, Microform  Materials, Current Journals, Photocopy Room, Office of  Reader's Services Division  3rd floor Newspapers Reading Area, Bound Western Journals, Art  Exhibition Hall, Study Carrels  4th floor Bound East-Asian Journals, Maps & Atlas, Carrels,""]","The CCU Library provides self-study rooms, research carrels, and discussion rooms. Self-study rooms are for quiet study, accessible by scanning student ID during opening hours. General reading areas and seating are available inside the library for quiet reading or laptop use. The Activity Center offers open seating and public spaces for short breaks or light reading. Specific layouts and hours can be found on the library's website.",1.0,0.9234771446199289,0.5833333333041666,Qwen3_no_think
Who is eligible to use the self-study rooms at the CCU Library?,"['Self-study rooms at the CCU Library are open only to currently enrolled CCU students.\n\nOther individuals who are not enrolled students are not permitted to enter or use these spaces.', 'The CCU Library provides self-study rooms, research carrels, and discussion rooms to meet different student needs.\n\nSelf-study rooms are designed for quiet study. Students may enter by scanning their student ID during opening hours and select seats through the system.', 'There are several public spaces on campus that are suitable for resting or reading.\n\nInside the CCU Library, in addition to self-study rooms, there are general reading areas and seating where you can read quietly or use a laptop.\n\nThe Activity Center also has open seating and public spaces that are suitable for short breaks, waiting for others, or light reading.']","Self-study rooms at the CCU Library are available only to currently enrolled CCU students. Non-students are not permitted to use these spaces. Students can access the rooms by scanning their student ID during operating hours and selecting seats via the system. The rooms are designed for quiet study. Other public areas on campus offer spaces for resting or reading, but self-study rooms are restricted to enrolled students.",1.0,0.9788608264219235,0.99999999995,Qwen3_no_think
How do you use the photocopying service at the CCU Library?,"['Students can use photocopying and printing services at the CCU Library.\n\nTo use the service, first go to the service counter inside the library to borrow a photocopy card. Then proceed to the photocopy room located on the right-hand side after entering the main library entrance, where computers and photocopiers are available.', 'If you need to make copies or print on campus, you can use the services provided by the CCU Library and the Information Center.', 'At the library, you can use photocopying and printing equipment by first borrowing a photocopy card from the service counter. Then, operate the machines in the copy room and return to the counter afterward to settle the payment. Fees are calculated based on the actual number of pages copied or printed.']","To use the photocopying service at CCU Library:

1. Go to the service counter to borrow a photocopy card.
2. Proceed to the photocopy room on the right-hand side after entering the main library entrance.
3. Use the photocopiers and computers in the room.
4. After copying/printing, return to the service counter to settle payment.
5. Fees are based on the actual number of pages copied or printed.",1.0,0.9664455444259247,0.8333333332916666,Qwen3_no_think
How are photocopying and printing fees calculated at the CCU Library?,"['At the library, you can use photocopying and printing equipment by first borrowing a photocopy card from the service counter. Then, operate the machines in the copy room and return to the counter afterward to settle the payment. Fees are calculated based on the actual number of pages copied or printed.', 'Fees are calculated based on the actual number of pages copied or printed and are deducted from your printing quota or stored value. The process is simple, and if you are unsure how to use the machines, you can ask the counter staff or on-site personnel for assistance.', 'Students can use photocopying and printing services at the CCU Library.\n\nTo use the service, first go to the service counter inside the library to borrow a photocopy card. Then proceed to the photocopy room located on the right-hand side after entering the main library entrance, where computers and photocopiers are available.']","Photocopying and printing fees at CCU Library are calculated based on the actual number of pages copied or printed. You must first borrow a photocopy card from the service counter. After using the machines in the copy room, return to the counter to settle payment. Fees are deducted from your printing quota or stored value. If unsure, ask staff for assistance.",1.0,0.9723491241157461,0.99999999995,Qwen3_no_think
What are the possible consequences of repeatedly violating CCU Library study space rules?,"['In serious cases, violations may result in suspension of self-study room privileges for one semester.', ""may cause crawling insects, and destroy  environmental  cleanliness; improper use of cell phone may affect the rights of others.  ⚫ Violator of these regulations is subject to mark down of points, and may  lose the borrowing privilege, access to audio -visual center, and access  to library facilities!   CCU Campus Life    32      The layout of each floor is as follows:  https://lib.ccu.edu.tw/p/426-1011-57.php?Lang=zh-tw    Basement Study room (open for 24 hours during the midterm and finals  weeks)  1st floor  Audio-Visual Center, Cafeteria, Offices of Acquisition and  Cataloging Division, Audio -Visual Resources Division, Center  of language study, Center of cultural events  2nd floor  General Information Desk, Reference Desk, Circulation Desk,  Database Research Area, Reference Materials, Microform  Materials, Current Journals, Photocopy Room, Office of  Reader's Services Division  3rd floor Newspapers Reading Area, Bound Western Journals, Art  Exhibition Hall, Study Carrels  4th floor Bound East-Asian"", ""may cause crawling insects, and destroy  environmental  cleanliness; improper use of cell phone may affect the rights of others.  ⚫ Violator of these regulations is subject to mark down of points, and may  lose the borrowing privilege, access to audio -visual center, and access  to library facilities!   CCU Campus Life    32      The layout of each floor is as follows:  https://lib.ccu.edu.tw/p/426-1011-57.php?Lang=zh-tw    Basement Study room (open for 24 hours during the midterm and finals  weeks)  1st floor  Audio-Visual Center, Cafeteria, Offices of Acquisition and  Cataloging Division, Audio -Visual Resources Division, Center  of language study, Center of cultural events  2nd floor  General Information Desk, Reference Desk, Circulation Desk,  Database Research Area, Reference Materials, Microform  Materials, Current Journals, Photocopy Room, Office of  Reader's Services Division  3rd floor Newspapers Reading Area, Bound Western Journals, Art  Exhibition Hall, Study Carrels  4th floor Bound East-Asian""]","In serious cases, repeated violations of CCU Library study space rules may result in suspension of self-study room privileges for one semester. Violators may also be marked down in points, lose borrowing privileges, access to audio-visual center, and access to library facilities. Improper use of cell phone may affect others' rights and damage environmental cleanliness.",0.7142857142857143,0.9908456884659514,0.9999999999666667,Qwen3_no_think
What must students do at the library before completing graduation or departure procedures?,"['Before completing graduation or departure procedures, students must return all borrowed library materials and pay any overdue fines or compensation fees.\n\nIf these requirements are not fulfilled, the graduation or departure process cannot be completed.', 'If library books or equipment are lost, stained, or damaged, students are required to provide compensation according to library regulations.', 'If you fail to do so within the required time, the reservation will be considered forfeited, and the library will release the room for use by other students.']","Students must return all borrowed library materials and pay any overdue fines or compensation fees before completing graduation or departure procedures. Failure to do so will prevent completion of the process. If materials are lost, stained, or damaged, compensation is required according to library regulations. Non-compliance within the required time results in forfeited reservations and release of the room for other students.",1.0,0.8787514692971023,0.9999999999666667,Qwen3_no_think
What documents are typically required when filing a student group insurance claim at CCU?,"['The Student Group Insurance at National Chung Cheng University is a group insurance plan that provides basic coverage for enrolled students. As long as you have student status at CCU, including students on leave, you may choose to enroll voluntarily. Enrollment is not mandatory, but the university encourages participation to ensure students have basic financial protection in case of accidents or hospitalization.', '7. Financial Statement  8. Health Certificate or  ARC  9. Health Insurance or  NHI (If any)  10. Taiwan Bank (If any)        1. Diploma and  Transcript must be  authenticated by  the Taiwanese  Representative  Office in your  country    2. After OIA check all  the required  documents, you  need to go to  Academic Office to  complete the  registration.  Feb. 25 Orientation None   6  Health  Check for  Freshmen    Mar 05    (Auditorium)      1. CCU Health  Examination Form   2. Fee NT$630  3. Passport  4. Registration Sheet  Metal Accessories and  contact lenses are not  allowed. If you need to  wear contact lenses,  please bring your own  contact lens case.   Registration  4.1 University Registration    16   No Work Time Location Required  Document s  Note  7 Registration  Before    Apr 1  (1F of East Wing  Administrative  Building)      1. Photocopy of  Passport & Visa  (with the stamp of  entering Taiwan)  2. Diploma (Photocopy  of Original and  Authenticated  version)  3. Transcript (Photocopy  of', '7. Financial Statement  8. Health Certificate or  ARC  9. Health Insurance or  NHI (If any)  10. Taiwan Bank (If any)        1. Diploma and  Transcript must be  authenticated by  the Taiwanese  Representative  Office in your  country    2. After OIA check all  the required  documents, you  need to go to  Academic Office to  complete the  registration.  Feb. 25 Orientation None   6  Health  Check for  Freshmen    Mar 05    (Auditorium)      1. CCU Health  Examination Form   2. Fee NT$630  3. Passport  4. Registration Sheet  Metal Accessories and  contact lenses are not  allowed. If you need to  wear contact lenses,  please bring your own  contact lens case.   Registration  4.1 University Registration    16   No Work Time Location Required  Document s  Note  7 Registration  Before    Apr 1  (1F of East Wing  Administrative  Building)      1. Photocopy of  Passport & Visa  (with the stamp of  entering Taiwan)  2. Diploma (Photocopy  of Original and  Authenticated  version)  3. Transcript (Photocopy  of']","When filing a student group insurance claim at CCU, the required documents typically include:

- Health Certificate or ARC  
- Health Insurance or NHI (if any)  
- Taiwan Bank (if any)  
- Financial Statement  

Additional documents may be required depending on specific circumstances, such as authenticated diploma and transcript, passport, and health examination forms.",0.0,0.9999999999999994,0.5833333333041666,Qwen3_no_think
What types of incidents are NOT covered by CCU's student group insurance?,"['Student group insurance does not cover outpatient visits for illnesses, emergency visits for illnesses, or outpatient dental procedures, unless they are caused by accidental injuries.', 'The Student Group Insurance at National Chung Cheng University is a group insurance plan that provides basic coverage for enrolled students. As long as you have student status at CCU, including students on leave, you may choose to enroll voluntarily. Enrollment is not mandatory, but the university encourages participation to ensure students have basic financial protection in case of accidents or hospitalization.', 'The main coverage falls into two categories: accidental injuries and illnesses. Accidental injuries include situations such as traffic accidents, falls while walking or exercising, burns or scalds, sports injuries, and animal or insect bites. For illnesses, coverage mainly focuses on hospitalization and surgery. General outpatient visits for illnesses are usually not covered.']","The student group insurance at CCU does not cover outpatient visits for illnesses, emergency visits for illnesses, or outpatient dental procedures unless caused by accidental injuries. It covers accidental injuries and illnesses, focusing on hospitalization and surgery.",1.0,0.9271090284565363,0.8333333332916666,Qwen3_no_think
What additional document is required for international students when filing an insurance claim?,"['1. Insurance Claim Application Form. For applicants under 18 years old, a legal guardian’s signature is required.\n2. Medical Certificate (original).\n3. Medical expense receipts (original or copy). Copies must be stamped by the medical institution as ""consistent with the original,"" along with detailed expense statements.\n4. Proof of payment for the student insurance premium for the semester in which the accident occurred. This should be printed from the Bank of Taiwan tuition and fees payment portal.', 'Examination  4.4 Health Insurance    19      4.3 Health Examination     All new students are asked to do a simple health check on campus, even if you have  already done the Health Check that the Taipei Representative Office has required.   Notes:  If you wear glasses or contact lenses, please bring the glasses on the day of health  check so that your post-treatment eyesight can be tested.  4.4 Health Insurance    During your stay in Taiwan, you have to apply for health insurance for your own health  and well-being. There are two kinds of insurances available for international students.   The National Health Insurance is for the international students who have an ARC for  more than 6 months.  The Medical Insurance is for the international students who don’t have an ARC or  staying less than 6 months.  You only need to apply for either one of them. Please refer to the following website for  details: https://www.nhi.gov.tw/en/mp-2.html    I. Short-term Medical and Injury Insurance  According to Article 21 of', 'Examination  4.4 Health Insurance    19      4.3 Health Examination     All new students are asked to do a simple health check on campus, even if you have  already done the Health Check that the Taipei Representative Office has required.   Notes:  If you wear glasses or contact lenses, please bring the glasses on the day of health  check so that your post-treatment eyesight can be tested.  4.4 Health Insurance    During your stay in Taiwan, you have to apply for health insurance for your own health  and well-being. There are two kinds of insurances available for international students.   The National Health Insurance is for the international students who have an ARC for  more than 6 months.  The Medical Insurance is for the international students who don’t have an ARC or  staying less than 6 months.  You only need to apply for either one of them. Please refer to the following website for  details: https://www.nhi.gov.tw/en/mp-2.html    I. Short-term Medical and Injury Insurance  According to Article 21 of']","When filing an insurance claim, international students need to submit the following additional documents:

1. Insurance Claim Application Form (with legal guardian’s signature if under 18).
2. Medical Certificate (original).
3. Medical expense receipts (original or copy, stamped by the medical institution as ""consistent with the original,"" along with detailed expense statements).
4. Proof of payment for the student insurance premium for the semester in which the accident occurred (printed from the Bank of Taiwan tuition and fees payment portal).",1.0,0.9883357232045227,0.9999999999,Qwen3_no_think
How do you borrow equipment from the CCU Health Care Center?,"['At the Health Care Center, you can borrow basic medical and assistive equipment, including crutches, cold packs, hot packs, first-aid kits, and thermometers.', 'If you need to borrow equipment, you can visit the Health Care Center on the second floor of the Activity Center during service hours and explain your condition and the equipment you need to the counter staff.', 'Students may borrow home-use audiovisual materials from the CCU Library, with a maximum of 4 items at a time. The loan period for these materials is 7 days.\n\nIf audiovisual materials are needed for student clubs or events and are approved by the relevant units, public-performance versions may also be borrowed according to library regulations.']","To borrow equipment from the CCU Health Care Center:

1. Visit the Health Care Center on the second floor of the Activity Center during service hours.
2. Explain your condition and the equipment you need to the counter staff.
3. The available equipment includes crutches, cold packs, hot packs, first-aid kits, and thermometers.",1.0,0.9577580641190812,0.99999999995,Qwen3_no_think
What information do you need to provide when borrowing equipment from the Health Care Center?,"['At the Health Care Center, you can borrow basic medical and assistive equipment, including crutches, cold packs, hot packs, first-aid kits, and thermometers.', 'If you need to borrow equipment, you can visit the Health Care Center on the second floor of the Activity Center during service hours and explain your condition and the equipment you need to the counter staff.', 'You will usually be asked to fill out a borrowing form and provide your contact information. After use, simply return the equipment within the required time. The overall process is simple and suitable for urgent situations.']","When borrowing equipment from the Health Care Center, you need to:

- Visit the Health Care Center on the second floor of the Activity Center during service hours.
- Explain your condition and the equipment you need to the counter staff.
- Fill out a borrowing form and provide your contact information.
- Return the equipment within the required time after use.",1.0,0.8973553808319487,0.0,Qwen3_no_think
Where can students pay the dormitory internet fee at CCU?,"['Aug 29  Dormitory Passport   2  Dorm  Internet  After the  Dorm  check- in  Office of Information  Technology  (Library 1st floor)  1. CB1 of  Undergraduate  Dormitory (only  7PM- 10PM)  2. Link to CCU  Dormitory Network  System:  https://www.dorm.ccu.e du.tw/en   1. NT$1,000   2. Computer  Address  3. Internet Cable    3  Uploading  a digital  photo to  New  Students  ID System    Link to CCU Student  Academic Record Entry  System:  https://www026198.ccu.edu .tw/academic/     Digital Photo     (.jpg or .jpeg)  * The default password  birth date + first 2  capital letters of  student’s name  * Print out the form  after you finish  filling it online  4 Paying the  fees   1. Download the  payment sheet via  https://school.bot.com.tw/new Twbank/StudentLogin.aspx  2. Pay the fees at  convenience stores,  Post office or  Taiwan Bank  1. Payment Sheet  2. Money  If the amount of fee is  more than 40,000, you  can only pay it at Post  Office or Taiwan Bank  at Administration  Building B1  (9AM – 11:50AM)', 'On-campus dormitory fees at CCU vary by building and room type, but overall they are generally affordable for students.\n\nFor master’s dormitories in Buildings A to D, which are double-occupancy non-suite rooms, the dormitory fee is about NT$7,210 per semester. In addition, there is a one-time deposit of NT$1,600, prepaid electricity of about NT$1,500 for the first semester and about NT$500 for the second semester, and a separate internet fee of NT$1,000 per semester.', 'beds, desks, chairs,  book shelf, closets, telephone. Internet access is  available in all dormitories.  3. You can apply for dormitory network in the  Computer Center; the fee is NT$1,000 per semester.    3.4 Public Facilities  Public Facilities for undergraduate, master, and PhD:  shared washing machines, RO drinking water system,  social lounge.    3.5 Dormitory Network  As soon as you settle down your accommodation which means you’ve got your room  number and bed number, you need to apply dormitory network in order to use the  internet (wired network) in the dorm.  For applying the dormitory network, please submit the document online:   https://www.dorm.ccu.edu.tw/student/login  For more information about dormitory network please refer  to: https://www.dorm.ccu.edu.tw/en or call the ext.14151      13    04        Registration Registration  4.1 University Registration    14   No Work Time Location  Required  Documents Note  1 Dorm  Check-in  Starting  from  Feb 20  Dormitory Passport   2  Dorm  Internet']","Students can pay the dormitory internet fee at CCU by downloading the payment sheet from the link: https://school.bot.com.tw/new Twbank/StudentLogin.aspx. They can pay at convenience stores, Post office, or Taiwan Bank. If the fee exceeds NT$40,000, payment must be made at the Post Office or Taiwan Bank at Administration Building B1 (9AM – 11:50AM).",0.6666666666666666,0.9845078654259138,0.9999999999,Qwen3_no_think
What must students do after choosing electronic payment for the dormitory internet fee?,"['Once all information is ready, students log in to the dormitory network service system and fill in their personal information and dormitory bed details according to the system instructions. Users applying for wired internet must additionally enter their network card address, while those using wireless internet (Wi-Fi) do not need to provide this information. After submitting the application, the system will guide users through the payment process.\n\nDormitory internet fees must be paid at locations designated by the university’s Information Center, such as Information Center Room R219. Payment can be made in cash or through electronic payment methods. If electronic payment is used, proof of payment must be uploaded to the system for review after the transaction is completed. In general, Wi-Fi service becomes available only after payment is confirmed, while wired internet usually provides a short trial period at the beginning of the semester.', 'You can pay the dormitory internet fee at Information Center Room R219. Payment methods include cash payment and electronic payment. If you choose electronic payment, you must upload the proof of payment after completing the transaction.', 'At National Chung Cheng University, dormitory internet access must be applied for by students themselves and is not automatically activated after moving in. Before applying, students must first activate their university SSO account, as the dormitory internet application is processed through the campus dormitory network service system, which requires logging in with an SSO account. If the SSO account has not yet been activated, students must complete activation on the university’s designated SSO activation page before proceeding.\n\nAfter activating the SSO account, students should prepare the required information for the application. This includes the student ID number and password, an email address that can receive verification messages, and current dormitory bed information. If planning to use a wired internet connection, students must also confirm their computer’s network card (MAC) address in advance. If electronic payment is chosen, proof of payment must be prepared for later upload.']","After choosing electronic payment for the dormitory internet fee, students must upload the proof of payment to the system for review after completing the transaction. This ensures the payment is confirmed, allowing Wi-Fi service to become available.",0.6666666666666666,0.9368596103490306,0.9999999999666667,Qwen3_no_think
What is the difference in purpose between discussion rooms and research carrels at the CCU Library?,"['Discussion rooms are suitable for group discussions or presentation practice. Use of these rooms requires borrowing a key from the service counter and is subject to limits on the number of users and usage time.\n\nResearch carrels are intended for individual research use and require eligibility and application through the library.', 'The CCU Library provides self-study rooms, research carrels, and discussion rooms to meet different student needs.\n\nSelf-study rooms are designed for quiet study. Students may enter by scanning their student ID during opening hours and select seats through the system.', 'A research carrel is a facility that provides a more independent space for longer-term research work.']","Discussion rooms are for group discussions or presentation practice. They require borrowing a key and have user limits and time restrictions.

Research carrels are for individual research, requiring eligibility and application through the library. They provide independent spaces for longer-term research.",1.0,0.7751673019418922,0.8333333332916666,Qwen3_no_think
What is the recommended payment method when riding a bus in Taiwan and why?,"['* **Mode of Transport (Most Convenient):** **Taxi or Dedicated Shuttle Service**\n* **Mode of Transport (Economical Option):** **Chiayi County Bus**\n    * **Bus Routes:** Take **Chiayi County Bus Route 7309** or **Taiwan Tourist Shuttle 106**.\n    * **Recommended Stop:** **Activity Center Bus Stop (活動中心前候車亭)** (The only stop inside the campus).\n* **Cost (Taxi):** Approximately NT$ 550 - 600 per trip. **Cost (Bus):** Approximately NT$ 50 - 100 per person.', 'You can pay for the bus fare with either cash or an EasyCard. If you use cash, ask the driver for the fare amount before getting off. Please note that cash must be exact, as the driver does not provide change.', 'Because using cash is less convenient, it is recommended to buy an EasyCard in advance and add value at a convenience store. You can then simply tap your card when boarding the bus for easy payment.']","The recommended payment method for riding a bus in Taiwan, specifically Chiayi County Bus, is using an EasyCard. This allows for convenient tap-and-go payments without needing exact cash. Cash is also accepted, but it must be exact, and the driver does not provide change. Pre-purchasing an EasyCard and adding value at a convenience store is advised for ease.",1.0,0.8761725119860744,0.5833333333041666,Qwen3_no_think
Can non-CCU students use the self-study rooms at the CCU Library?,"['Self-study rooms at the CCU Library are open only to currently enrolled CCU students.\n\nOther individuals who are not enrolled students are not permitted to enter or use these spaces.', 'The CCU Library provides self-study rooms, research carrels, and discussion rooms to meet different student needs.\n\nSelf-study rooms are designed for quiet study. Students may enter by scanning their student ID during opening hours and select seats through the system.', 'There are several public spaces on campus that are suitable for resting or reading.\n\nInside the CCU Library, in addition to self-study rooms, there are general reading areas and seating where you can read quietly or use a laptop.\n\nThe Activity Center also has open seating and public spaces that are suitable for short breaks, waiting for others, or light reading.']","Non-CCU students cannot use the self-study rooms at the CCU Library. These rooms are exclusively for currently enrolled CCU students. Access is restricted to enrolled students only. The library provides other spaces for public use, but self-study rooms require a student ID for entry.",1.0,0.975654125953512,0.9999999999,Qwen3_no_think
What is the recommended transportation from CCU to Taoyuan International Airport?,"['Method 1: Airport MRT → High-Speed Rail → CCU (fastest option)\nStep 1: From Terminal 1 (A12) or Terminal 2 (A13), take the Taoyuan Airport MRT to A18 ""THSR Taoyuan Station"". The fare is around NT$35.\nStep 2: Transfer to the High-Speed Rail and ride from THSR Taoyuan to THSR Chiayi Station. The fare is around NT$920.\nStep 3: From THSR Chiayi Station, you can choose one of the following to reach CCU:\n- Taxi: Around NT$600. This is convenient if you have heavy luggage.', 'YOUR GUIDE TO CCUWelcome to Taiwan! Your Guide to Reaching  National Chung Cheng University (CCU) ✈  For new international students  🧭  Step-by-step travel guide from Taiwan Airports to CCU  🎓  Let’s begin your journey!From Taoyuan Airport to CCU 1.FROM TAOYUAN AIRPORT (TPE)  TO CCU 2.FROM  KAOHSIUNG AIRPORT (KHH)  TO CCU1.Take MRT (Airport MRT) → From Terminal 1 (A12) / 2 (A13)  to     HSR Taoyuan Station (A18)  2.Take Taiwan High-Speed Rail (HSR)(~1 hour 20 minutes /NT$920) From HSR Taoyuan → to HSR Chiayi 3.From HSR Chiayi Station to CCU: Option 1: Taxi (~25 minutes / ~BELOW NT$1,000) Option 2: Bus (Route 106)(~1 hour 20 minutes / ~NT$120) 1.FROM TAOYUAN AIRPORT (TPE) TO CCU STEPS:🚇  Taoyuan Airport MRT( ~20 minutes/ ~NT$35) Board at Terminal 1 (A12) or Terminal 2 (A13) Get off at A18: HSR Taoyuan Station 🚇  HSR Taoyuan to HSR Chiayi Board at HSR Taoyuan Station ，Get off at HSR Chiayi Station You can buy HSR tickets on-site at the station or book online :    👉 https://en.thsrc.com.tw/  🚇  HSR Chiayi', 'YOUR GUIDE TO CCUWelcome to Taiwan! Your Guide to Reaching  National Chung Cheng University (CCU) ✈  For new international students  🧭  Step-by-step travel guide from Taiwan Airports to CCU  🎓  Let’s begin your journey!From Taoyuan Airport to CCU 1.FROM TAOYUAN AIRPORT (TPE)  TO CCU 2.FROM  KAOHSIUNG AIRPORT (KHH)  TO CCU1.Take MRT (Airport MRT) → From Terminal 1 (A12) / 2 (A13)  to     HSR Taoyuan Station (A18)  2.Take Taiwan High-Speed Rail (HSR)(~1 hour 20 minutes /NT$920) From HSR Taoyuan → to HSR Chiayi 3.From HSR Chiayi Station to CCU: Option 1: Taxi (~25 minutes / ~BELOW NT$1,000) Option 2: Bus (Route 106)(~1 hour 20 minutes / ~NT$120) 1.FROM TAOYUAN AIRPORT (TPE) TO CCU STEPS:🚇  Taoyuan Airport MRT( ~20 minutes/ ~NT$35) Board at Terminal 1 (A12) or Terminal 2 (A13) Get off at A18: HSR Taoyuan Station 🚇  HSR Taoyuan to HSR Chiayi Board at HSR Taoyuan Station ，Get off at HSR Chiayi Station You can buy HSR tickets on-site at the station or book online :    👉 https://en.thsrc.com.tw/  🚇  HSR Chiayi']","The recommended transportation from CCU to Taoyuan International Airport is via the High-Speed Rail. From CCU, take the bus (Route 106) to HSR Chiayi Station (~1 hour 20 minutes / ~NT$120). Board the High-Speed Rail from HSR Chiayi to HSR Taoyuan (~1 hour 20 minutes / NT$920). Transfer to the Airport MRT at HSR Taoyuan Station to reach Taoyuan Airport terminals (~20 minutes / NT$35).",0.0,0.9999999999999999,0.5833333333041666,Qwen3_no_think
What is the approximate HSR fare from THSR Chiayi Station to THSR Taoyuan Station?,"['**2. Taoyuan HSR Station to Chiayi HSR Station**\n\n* **Mode of Transport:** Taiwan High Speed Rail (THSR)\n* **Route:** Take a southbound train to Chiayi HSR Station (located in Taibao City).\n* **Cost:** Approximately NT$ 980 per person for Standard Car.\n\n**3. Chiayi HSR Station to National Chung Cheng University**', 'Step 2: THSR Chiayi Station to THSR Taichung Station\n\n● Route: Take a Northbound THSR train to Taichung Station.\n● Fare: Approx. NT$ 380.\n\nStep 3: THSR Taichung Station to Taichung International Airport (RMQ)', 'HSR Taoyuan to HSR Chiayi Board at HSR Taoyuan Station ，Get off at HSR Chiayi Station You can buy HSR tickets on-site at the station or book online :    👉 https://en.thsrc.com.tw/  🚇  HSR Chiayi Station to CCU (BUS:Route 106) Board at HSR Chiayi Station ，Get off at CCU To check bus routes, schedules, and real-time info, visit: https://www.taiwanbus.tw/eBUSPage/Query/QueryResult.as px?rno=07460&rn=1669878703021&lan=E 1.Take MRT (Red Line) → From Kaohsiung Airport Station (R4)    →  Zuoying Station (R16) 2.Take Taiwan High-Speed Rail (HSR)（ ~ 30 minutes/NT$410 ） From HSR Zuoying →  to HSR Chiayi 3.From HSR Chiayi Station to CCU: Option 1: Taxi (~25 minutes / ~BELOW NT$1,000) Option 2: Bus (Route 106)(~1 hour 20 minutes / ~NT$120) 2.FROM KAOHSIUNG AIRPORT (KHH) TO CCU STEPS:🚇  Kaohsiung Airport MRT( ~30 minutes/ ~NT$35) Board at Kaohsiung International Airport (R4)  Get off at Zuoying（ R16) 🚇  HSR Zuoying to HSR Chiayi Board at HSR Zuoying Station ，Get off at HSR Chiayi Station You can buy HSR tickets on-site']","The approximate HSR fare from THSR Chiayi Station to THSR Taoyuan Station is not directly mentioned in the retrieved context. However, the context provides information about fares between other stations, such as Chiayi to Taichung (NT$380) and Taoyuan to Chiayi (NT$980). Since the question is about Chiayi to Taoyuan, which is the reverse of the mentioned route, the fare would be the same as Taoyuan to Chiayi, approximately NT$980.",0.5714285714285714,0.9999999999999994,0.9999999999666667,Qwen3_no_think
Which MRT train type should you take from THSR Taoyuan Station (A18) to reach Taoyuan Airport?,"['Method 1: Airport MRT → High-Speed Rail → CCU (fastest option)\nStep 1: From Terminal 1 (A12) or Terminal 2 (A13), take the Taoyuan Airport MRT to A18 ""THSR Taoyuan Station"". The fare is around NT$35.\nStep 2: Transfer to the High-Speed Rail and ride from THSR Taoyuan to THSR Chiayi Station. The fare is around NT$920.\nStep 3: From THSR Chiayi Station, you can choose one of the following to reach CCU:\n- Taxi: Around NT$600. This is convenient if you have heavy luggage.', 'The most convenient and fastest option is the **High-Speed Rail (HSR)**.\n\n**Detailed Steps and Estimated Costs:**\n\n**1. TPE Airport to Taoyuan HSR Station (A18)**\n\n* **Mode of Transport:** Taoyuan Airport MRT\n* **Boarding Location:** \n\t* Terminal 1: B2 level\n\t* Terminal 2: B2 level\n* **Route:** Take the train heading towards ""Huanbei"". It is recommended to choose the **Express train (Purple)**, as it stops at A18 Taoyuan HSR Station.\n* **Cost:** Approximately NT$ 30 per person.', 'HSR Taoyuan to HSR Chiayi Board at HSR Taoyuan Station ，Get off at HSR Chiayi Station You can buy HSR tickets on-site at the station or book online :    👉 https://en.thsrc.com.tw/  🚇  HSR Chiayi Station to CCU (BUS:Route 106) Board at HSR Chiayi Station ，Get off at CCU To check bus routes, schedules, and real-time info, visit: https://www.taiwanbus.tw/eBUSPage/Query/QueryResult.as px?rno=07460&rn=1669878703021&lan=E 1.Take MRT (Red Line) → From Kaohsiung Airport Station (R4)    →  Zuoying Station (R16) 2.Take Taiwan High-Speed Rail (HSR)（ ~ 30 minutes/NT$410 ） From HSR Zuoying →  to HSR Chiayi 3.From HSR Chiayi Station to CCU: Option 1: Taxi (~25 minutes / ~BELOW NT$1,000) Option 2: Bus (Route 106)(~1 hour 20 minutes / ~NT$120) 2.FROM KAOHSIUNG AIRPORT (KHH) TO CCU STEPS:🚇  Kaohsiung Airport MRT( ~30 minutes/ ~NT$35) Board at Kaohsiung International Airport (R4)  Get off at Zuoying（ R16) 🚇  HSR Zuoying to HSR Chiayi Board at HSR Zuoying Station ，Get off at HSR Chiayi Station You can buy HSR tickets on-site']","To reach Taoyuan Airport from THSR Taoyuan Station (A18), take the **Taoyuan Airport MRT** (not the MRT train type, but the specific service). The MRT train type is the **Express train (Purple)**, which stops at A18. This is the recommended route.",0.25,0.8880477743794151,0.49999999995,Qwen3_no_think
What is the fastest way to travel from Songshan Airport to CCU?,"['Method 1: Airport MRT → High-Speed Rail → CCU (fastest option)\nStep 1: From Terminal 1 (A12) or Terminal 2 (A13), take the Taoyuan Airport MRT to A18 ""THSR Taoyuan Station"". The fare is around NT$35.\nStep 2: Transfer to the High-Speed Rail and ride from THSR Taoyuan to THSR Chiayi Station. The fare is around NT$920.\nStep 3: From THSR Chiayi Station, you can choose one of the following to reach CCU:\n- Taxi: Around NT$600. This is convenient if you have heavy luggage.', 'YOUR GUIDE TO CCUWelcome to Taiwan! Your Guide to Reaching  National Chung Cheng University (CCU) ✈  For new international students  🧭  Step-by-step travel guide from Taiwan Airports to CCU  🎓  Let’s begin your journey!From Taoyuan Airport to CCU 1.FROM TAOYUAN AIRPORT (TPE)  TO CCU 2.FROM  KAOHSIUNG AIRPORT (KHH)  TO CCU1.Take MRT (Airport MRT) → From Terminal 1 (A12) / 2 (A13)  to     HSR Taoyuan Station (A18)  2.Take Taiwan High-Speed Rail (HSR)(~1 hour 20 minutes /NT$920) From HSR Taoyuan → to HSR Chiayi 3.From HSR Chiayi Station to CCU: Option 1: Taxi (~25 minutes / ~BELOW NT$1,000) Option 2: Bus (Route 106)(~1 hour 20 minutes / ~NT$120) 1.FROM TAOYUAN AIRPORT (TPE) TO CCU STEPS:🚇  Taoyuan Airport MRT( ~20 minutes/ ~NT$35) Board at Terminal 1 (A12) or Terminal 2 (A13) Get off at A18: HSR Taoyuan Station 🚇  HSR Taoyuan to HSR Chiayi Board at HSR Taoyuan Station ，Get off at HSR Chiayi Station You can buy HSR tickets on-site at the station or book online :    👉 https://en.thsrc.com.tw/  🚇  HSR Chiayi', 'YOUR GUIDE TO CCUWelcome to Taiwan! Your Guide to Reaching  National Chung Cheng University (CCU) ✈  For new international students  🧭  Step-by-step travel guide from Taiwan Airports to CCU  🎓  Let’s begin your journey!From Taoyuan Airport to CCU 1.FROM TAOYUAN AIRPORT (TPE)  TO CCU 2.FROM  KAOHSIUNG AIRPORT (KHH)  TO CCU1.Take MRT (Airport MRT) → From Terminal 1 (A12) / 2 (A13)  to     HSR Taoyuan Station (A18)  2.Take Taiwan High-Speed Rail (HSR)(~1 hour 20 minutes /NT$920) From HSR Taoyuan → to HSR Chiayi 3.From HSR Chiayi Station to CCU: Option 1: Taxi (~25 minutes / ~BELOW NT$1,000) Option 2: Bus (Route 106)(~1 hour 20 minutes / ~NT$120) 1.FROM TAOYUAN AIRPORT (TPE) TO CCU STEPS:🚇  Taoyuan Airport MRT( ~20 minutes/ ~NT$35) Board at Terminal 1 (A12) or Terminal 2 (A13) Get off at A18: HSR Taoyuan Station 🚇  HSR Taoyuan to HSR Chiayi Board at HSR Taoyuan Station ，Get off at HSR Chiayi Station You can buy HSR tickets on-site at the station or book online :    👉 https://en.thsrc.com.tw/  🚇  HSR Chiayi']","The fastest way to travel from Songshan Airport to CCU is:

1. Take the Taoyuan Airport MRT from Terminal 1 (A12) or Terminal 2 (A13) to A18 ""THSR Taoyuan Station"" (NT$35).
2. Transfer to the High-Speed Rail (HSR) from THSR Taoyuan to THSR Chiayi Station (NT$920).
3. From THSR Chiayi Station, take a taxi to CCU (around NT$600, ~25 minutes).",0.875,0.9999999999999991,0.9999999999,Qwen3_no_think
How much does the HSR ticket from Taipei HSR Station to Chiayi HSR Station cost?,"['**2. Taoyuan HSR Station to Chiayi HSR Station**\n\n* **Mode of Transport:** Taiwan High Speed Rail (THSR)\n* **Route:** Take a southbound train to Chiayi HSR Station (located in Taibao City).\n* **Cost:** Approximately NT$ 980 per person for Standard Car.\n\n**3. Chiayi HSR Station to National Chung Cheng University**', 'HSR Taoyuan to HSR Chiayi Board at HSR Taoyuan Station ，Get off at HSR Chiayi Station You can buy HSR tickets on-site at the station or book online :    👉 https://en.thsrc.com.tw/  🚇  HSR Chiayi Station to CCU (BUS:Route 106) Board at HSR Chiayi Station ，Get off at CCU To check bus routes, schedules, and real-time info, visit: https://www.taiwanbus.tw/eBUSPage/Query/QueryResult.as px?rno=07460&rn=1669878703021&lan=E 1.Take MRT (Red Line) → From Kaohsiung Airport Station (R4)    →  Zuoying Station (R16) 2.Take Taiwan High-Speed Rail (HSR)（ ~ 30 minutes/NT$410 ） From HSR Zuoying →  to HSR Chiayi 3.From HSR Chiayi Station to CCU: Option 1: Taxi (~25 minutes / ~BELOW NT$1,000) Option 2: Bus (Route 106)(~1 hour 20 minutes / ~NT$120) 2.FROM KAOHSIUNG AIRPORT (KHH) TO CCU STEPS:🚇  Kaohsiung Airport MRT( ~30 minutes/ ~NT$35) Board at Kaohsiung International Airport (R4)  Get off at Zuoying（ R16) 🚇  HSR Zuoying to HSR Chiayi Board at HSR Zuoying Station ，Get off at HSR Chiayi Station You can buy HSR tickets on-site', 'HSR Taoyuan to HSR Chiayi Board at HSR Taoyuan Station ，Get off at HSR Chiayi Station You can buy HSR tickets on-site at the station or book online :    👉 https://en.thsrc.com.tw/  🚇  HSR Chiayi Station to CCU (BUS:Route 106) Board at HSR Chiayi Station ，Get off at CCU To check bus routes, schedules, and real-time info, visit: https://www.taiwanbus.tw/eBUSPage/Query/QueryResult.as px?rno=07460&rn=1669878703021&lan=E 1.Take MRT (Red Line) → From Kaohsiung Airport Station (R4)    →  Zuoying Station (R16) 2.Take Taiwan High-Speed Rail (HSR)（ ~ 30 minutes/NT$410 ） From HSR Zuoying →  to HSR Chiayi 3.From HSR Chiayi Station to CCU: Option 1: Taxi (~25 minutes / ~BELOW NT$1,000) Option 2: Bus (Route 106)(~1 hour 20 minutes / ~NT$120) 2.FROM KAOHSIUNG AIRPORT (KHH) TO CCU STEPS:🚇  Kaohsiung Airport MRT( ~30 minutes/ ~NT$35) Board at Kaohsiung International Airport (R4)  Get off at Zuoying（ R16) 🚇  HSR Zuoying to HSR Chiayi Board at HSR Zuoying Station ，Get off at HSR Chiayi Station You can buy HSR tickets on-site']",The cost of the HSR ticket from Taipei HSR Station to Chiayi HSR Station is approximately NT$ 980 per person for Standard Car.,0.6666666666666666,0.9533349947242525,0.0,Qwen3_no_think
How can you get from Taipei HSR Station to Songshan Airport using public transit?,"['The most convenient and fastest option is the **High-Speed Rail (HSR)**.\n\n**Detailed Steps and Estimated Costs:**\n\n**1. TPE Airport to Taoyuan HSR Station (A18)**\n\n* **Mode of Transport:** Taoyuan Airport MRT\n* **Boarding Location:** \n\t* Terminal 1: B2 level\n\t* Terminal 2: B2 level\n* **Route:** Take the train heading towards ""Huanbei"". It is recommended to choose the **Express train (Purple)**, as it stops at A18 Taoyuan HSR Station.\n* **Cost:** Approximately NT$ 30 per person.', 'Step 1: Taichung International Airport (RMQ) to THSR Taichung Station\n\n● Boarding Point: Bus Transfer Platform at Terminal B1.\n● Route: Take Taichung Bus Route 156 (Express) directly to THSR Taichung Station.\n● Fare: Approx. NT$ 58.\n\nStep 2: THSR Taichung Station to THSR Chiayi Station\n\n● Route: Take a Southbound THSR train to Chiayi Station.\n● Fare: Approx. NT$ 380.', 'Step 1: Kaohsiung International Airport (KHH) to THSR Zuoying Station\n\n● Boarding Point: MRT ""R4 Kaohsiung International Airport"" Station (B1/B2).\n● Route: Take the Kaohsiung MRT Red Line (Towards Gangshan) to ""R16 Zuoying Station"".\n● Fare: NT$ 50.\n\nStep 2: THSR Zuoying Station to THSR Chiayi Station\n\n● Route: Take a Northbound THSR train to Chiayi Station.\n● Fare: Approx. NT$ 410.']","Sorry, I am not sure about it. Maybe you could turn to OIA for help.",0.0,0.0,0.0,Qwen3_no_think
Why is using HSR Yunlin Station to travel to CCU generally considered less cost-effective than HSR Chiayi?,"['HSR Taoyuan to HSR Chiayi Board at HSR Taoyuan Station ，Get off at HSR Chiayi Station You can buy HSR tickets on-site at the station or book online :    👉 https://en.thsrc.com.tw/  🚇  HSR Chiayi Station to CCU (BUS:Route 106) Board at HSR Chiayi Station ，Get off at CCU To check bus routes, schedules, and real-time info, visit: https://www.taiwanbus.tw/eBUSPage/Query/QueryResult.as px?rno=07460&rn=1669878703021&lan=E 1.Take MRT (Red Line) → From Kaohsiung Airport Station (R4)    →  Zuoying Station (R16) 2.Take Taiwan High-Speed Rail (HSR)（ ~ 30 minutes/NT$410 ） From HSR Zuoying →  to HSR Chiayi 3.From HSR Chiayi Station to CCU: Option 1: Taxi (~25 minutes / ~BELOW NT$1,000) Option 2: Bus (Route 106)(~1 hour 20 minutes / ~NT$120) 2.FROM KAOHSIUNG AIRPORT (KHH) TO CCU STEPS:🚇  Kaohsiung Airport MRT( ~30 minutes/ ~NT$35) Board at Kaohsiung International Airport (R4)  Get off at Zuoying（ R16) 🚇  HSR Zuoying to HSR Chiayi Board at HSR Zuoying Station ，Get off at HSR Chiayi Station You can buy HSR tickets on-site', 'HSR Taoyuan to HSR Chiayi Board at HSR Taoyuan Station ，Get off at HSR Chiayi Station You can buy HSR tickets on-site at the station or book online :    👉 https://en.thsrc.com.tw/  🚇  HSR Chiayi Station to CCU (BUS:Route 106) Board at HSR Chiayi Station ，Get off at CCU To check bus routes, schedules, and real-time info, visit: https://www.taiwanbus.tw/eBUSPage/Query/QueryResult.as px?rno=07460&rn=1669878703021&lan=E 1.Take MRT (Red Line) → From Kaohsiung Airport Station (R4)    →  Zuoying Station (R16) 2.Take Taiwan High-Speed Rail (HSR)（ ~ 30 minutes/NT$410 ） From HSR Zuoying →  to HSR Chiayi 3.From HSR Chiayi Station to CCU: Option 1: Taxi (~25 minutes / ~BELOW NT$1,000) Option 2: Bus (Route 106)(~1 hour 20 minutes / ~NT$120) 2.FROM KAOHSIUNG AIRPORT (KHH) TO CCU STEPS:🚇  Kaohsiung Airport MRT( ~30 minutes/ ~NT$35) Board at Kaohsiung International Airport (R4)  Get off at Zuoying（ R16) 🚇  HSR Zuoying to HSR Chiayi Board at HSR Zuoying Station ，Get off at HSR Chiayi Station You can buy HSR tickets on-site', 'HSR Taoyuan to HSR Chiayi Board at HSR Taoyuan Station ，Get off at HSR Chiayi Station You can buy HSR tickets on-site at the station or book online :    👉 https://en.thsrc.com.tw/  🚇  HSR Chiayi Station to CCU (BUS:Route 106) Board at HSR Chiayi Station ，Get off at CCU To check bus routes, schedules, and real-time info, visit: https://www.taiwanbus.tw/eBUSPage/Query/QueryResult.as px?rno=07460&rn=1669878703021&lan=E 1.Take MRT (Red Line) → From Kaohsiung Airport Station (R4)    →  Zuoying Station (R16) 2.Take Taiwan High-Speed Rail (HSR)（ ~ 30 minutes/NT$410 ） From HSR Zuoying →  to HSR Chiayi 3.From HSR Chiayi Station to CCU: Option 1: Taxi (~25 minutes / ~BELOW NT$1,000) Option 2: Bus (Route 106)(~1 hour 20 minutes / ~NT$120) 2.FROM KAOHSIUNG AIRPORT (KHH) TO CCU STEPS:🚇  Kaohsiung Airport MRT( ~30 minutes/ ~NT$35) Board at Kaohsiung International Airport (R4)  Get off at Zuoying（ R16) 🚇  HSR Zuoying to HSR Chiayi Board at HSR Zuoying Station ，Get off at HSR Chiayi Station You can buy HSR tickets on-site']","Using HSR Yunlin Station to travel to CCU is less cost-effective than HSR Chiayi because the bus from HSR Chiayi Station to CCU (Route 106) costs NT$120, while taking a taxi from HSR Yunlin Station would likely cost more than NT$1,000. Additionally, the HSR journey from HSR Yunlin to HSR Chiayui is longer and more expensive than from HSR Taoyuan to HSR Chiayi.",0.25,0.9423007616369263,0.9999999999666667,Qwen3_no_think
What free transport option connects HSR Yunlin Station to the nearest TRA station?,"['The most convenient and fastest option is the **High-Speed Rail (HSR)**.\n\n**Detailed Steps and Estimated Costs:**\n\n**1. TPE Airport to Taoyuan HSR Station (A18)**\n\n* **Mode of Transport:** Taoyuan Airport MRT\n* **Boarding Location:** \n\t* Terminal 1: B2 level\n\t* Terminal 2: B2 level\n* **Route:** Take the train heading towards ""Huanbei"". It is recommended to choose the **Express train (Purple)**, as it stops at A18 Taoyuan HSR Station.\n* **Cost:** Approximately NT$ 30 per person.', 'Method 2: Kaohsiung MRT → TRA Train → CCU (lower cost option)\nStep 1: Take the Kaohsiung MRT Red Line from Kaohsiung International Airport Station (R4) to Kaohsiung Main Station (R11). The fare is around NT$35.\nStep 2: Transfer to a TRA train (Local Train, Chu-Kuang Express, or Tze-Chiang Limited Express) and ride to Chiayi or Minxiong Station. The fare ranges from about NT$220 to NT$350. Minxiong Station is closer to CCU.\nStep 3: After arriving at Chiayi or Minxiong Station, choose one of the following:', 'HSR Taoyuan to HSR Chiayi Board at HSR Taoyuan Station ，Get off at HSR Chiayi Station You can buy HSR tickets on-site at the station or book online :    👉 https://en.thsrc.com.tw/  🚇  HSR Chiayi Station to CCU (BUS:Route 106) Board at HSR Chiayi Station ，Get off at CCU To check bus routes, schedules, and real-time info, visit: https://www.taiwanbus.tw/eBUSPage/Query/QueryResult.as px?rno=07460&rn=1669878703021&lan=E 1.Take MRT (Red Line) → From Kaohsiung Airport Station (R4)    →  Zuoying Station (R16) 2.Take Taiwan High-Speed Rail (HSR)（ ~ 30 minutes/NT$410 ） From HSR Zuoying →  to HSR Chiayi 3.From HSR Chiayi Station to CCU: Option 1: Taxi (~25 minutes / ~BELOW NT$1,000) Option 2: Bus (Route 106)(~1 hour 20 minutes / ~NT$120) 2.FROM KAOHSIUNG AIRPORT (KHH) TO CCU STEPS:🚇  Kaohsiung Airport MRT( ~30 minutes/ ~NT$35) Board at Kaohsiung International Airport (R4)  Get off at Zuoying（ R16) 🚇  HSR Zuoying to HSR Chiayi Board at HSR Zuoying Station ，Get off at HSR Chiayi Station You can buy HSR tickets on-site']","The free transport option connecting HSR Yunlin Station to the nearest TRA station is not explicitly mentioned in the retrieved context. However, based on the information provided, the nearest TRA station to CCU is Minxiong Station. To reach Minxiong Station from HSR Yunlin Station, you would need to take the HSR from Yunlin to Chiayi Station and then transfer to a local bus or taxi. The retrieved context does not specify a free transport option for this route.",0.8,0.0,0.0,Qwen3_no_think
What is the approximate direct taxi fare from HSR Yunlin Station all the way to CCU?,"['- Taxi: Around NT$600. This is convenient if you have heavy luggage.\n- Bus 106: Around NT$113. Board at the bus stop outside the HSR station and get off at the CCU stop.', 'Step 3: From THSR Chiayi Station, choose one of the following ways to reach CCU:\n- Option A: Taxi — Around NT$600. Most convenient, especially if you have luggage.\n- Option B: Bus 106 — Around NT$113. Board at the bus stop outside the HSR station and get off at the CCU stop.', 'Step 1: National Chung Cheng University (CCU) to THSR Chiayi Station\n\n● Boarding Point (Bus): ""Activity Center Bus Shelter"". Take Taiwan Trip Route 106 (Towards THSR Chiayi Station).\n● Boarding Point (Taxi): ""Main Gate"" taxi stand. Take a taxi directly to the High Speed Rail station.\n● Fare: Bus approx. NT$ 60-80; Taxi approx. NT$ 600-800.']",The approximate direct taxi fare from HSR Yunlin Station to CCU is around NT$600. This option is convenient if you have heavy luggage.,0.5,0.9712355215204144,0.9999999999,Qwen3_no_think
What are the NIA Chiayi City Service Center's operating hours?,"['King bus http://www.kingbus.com.tw/  8 Taiwan High Speed Rail https://www.thsrc.com.tw/index_en.html  9 Taiwan Railways administration  https://tip.railway.gov.tw/tra-tip- web/tip?lang=EN_US  10 Travel in Chiayi City https://travel.chiayi.gov.tw/English  11 Travel in Chiayi County https://tbocc.cyhg.gov.tw/en/  12 Chiayi County Performing Art Center https://cypac.cyhg.gov.tw/en/  13 Chiayi County Police Bureau https://www.cypd.gov.tw/english    CCU Campus Life    30      Computer  Our campus network has been built up nearly perfect. Users can connect to  Internet from any labs or offices on campus, or even residence halls. There  are also 6 computer classrooms in computer center, Library and  Information building, which are open for both students and teaching  purposes.  Opening time as bellow:  ◼ Monday to Friday: 08:00-21:00  (09 : 00 – 17 : 00 during summer and winter vacation)    On-Campus Wireless Internet  Student can log in to CCU wireless network with CCU student email  account and password.  For', 'King bus http://www.kingbus.com.tw/  8 Taiwan High Speed Rail https://www.thsrc.com.tw/index_en.html  9 Taiwan Railways administration  https://tip.railway.gov.tw/tra-tip- web/tip?lang=EN_US  10 Travel in Chiayi City https://travel.chiayi.gov.tw/English  11 Travel in Chiayi County https://tbocc.cyhg.gov.tw/en/  12 Chiayi County Performing Art Center https://cypac.cyhg.gov.tw/en/  13 Chiayi County Police Bureau https://www.cypd.gov.tw/english    CCU Campus Life    30      Computer  Our campus network has been built up nearly perfect. Users can connect to  Internet from any labs or offices on campus, or even residence halls. There  are also 6 computer classrooms in computer center, Library and  Information building, which are open for both students and teaching  purposes.  Opening time as bellow:  ◼ Monday to Friday: 08:00-21:00  (09 : 00 – 17 : 00 during summer and winter vacation)    On-Campus Wireless Internet  Student can log in to CCU wireless network with CCU student email  account and password.  For', '• 服務內容： 自112年12月6日起正式揭牌成立! (http://lrsc.wda.gov.tw) Long-term Retention of Migrant Workers Service Center Officially inaugurated on Dec 6, 2023! Service location :  No. 195, High Speed Rail 8th Road, Zhubei City, Hsinchu County  Service hours :  Monday to Friday, 8:30 AM to 5:30 PM Service hotline  Service content 櫃檯服務專線諮詢(Counter service and hotline consultation) 專人專案追蹤管理(Personalized case tracking and management) 協調排除加速審核(Coordination to expedite review process) 官網資訊檢索查詢(Official website information retrieval and inquiry) 五、更多相關資訊 More Relevant Information 42◆ 教育部：NISA大專校院境外學生輔導人員支援體系計畫-資訊交流平臺 https://www.nisa.moe.gov.tw/index Ministry of Education: Network for International Student Advisors ● 學生留台的常見問答 FAQ about foreign students staying in Taiwan 資料來源:教育部「大專校院境外學生輔導人員支援體系計畫（NISA）」辦公室 五、更多相關資訊 More Relevant Information 43 僑外生參加健保規定 4/15/2025 2 強制性 在臺領有居留證明文件者， 符合下列資格，應參加健保。 • 受僱者自受僱日起投保。 • 非受僱者，自在臺居留滿 6個月之日起投保。 (在臺連續居住達6個月 或在臺居住期間僅出境1 次且未逾30日，出境天 數扣除後併計實際居住 期間達6個月。) • 在臺出生新嬰兒，自出生 日投保。 (健保法第9條及同法施行細 則第8條)']","Sorry, I am not sure about it. Maybe you could turn to OIA for help.",0.0,0.0,0.0,Qwen3_no_think
What is the easiest way to travel from TRA Chiayi Station to the NIA Chiayi City Service Center?,"['Method 1: Take a taxi (fastest and most convenient)\nStep 1: Go to the taxi boarding area at the station exit. There is a taxi queue right outside THSR Chiayi Station, and no reservation is needed.\nStep 2: Take a taxi directly to CCU. The ride usually costs around NT$600. This is the best option if you have large luggage or prefer a faster and more comfortable trip.', '● Transportation (Bus): Walk to the bus stop near the station or ""Minxiong Longevity Hall"". Take Chiayi County Bus 7309, 7306, or Taiwan Trip Route 106. Alight at ""National Chung Cheng University"" (Activity Center Bus Shelter).\n● Transportation (Taxi): Board at the taxi stand outside the Front Station.\n● Fare: Bus approx. NT$ 25; Taxi approx. NT$ 200.', 'Step 2: CCU to Chiayi Train Station\n\n● Transportation (Bus): Take Chiayi County Bus 7309 or Taiwan Trip Route 106 to the terminal station ""Chiayi Station"".\n● Transportation (Taxi): Take a taxi directly to Chiayi Station.\n● Fare: Bus approx. NT$ 60; Taxi approx. NT$ 400-500.']","The easiest way is to take a taxi. Go to the taxi boarding area at the station exit, where there is a taxi queue outside THSR Chiayi Station. Take a taxi directly to CCU. The ride usually costs around NT$600.",0.8,0.7358920203069146,0.99999999995,Qwen3_no_think
What bus lines can take you from Chiayi TRA Station to near the NIA Chiayi City Service Center?,"['Step 2: CCU to Chiayi Train Station\n\n● Transportation (Bus): Take Chiayi County Bus 7309 or Taiwan Trip Route 106 to the terminal station ""Chiayi Station"".\n● Transportation (Taxi): Take a taxi directly to Chiayi Station.\n● Fare: Bus approx. NT$ 60; Taxi approx. NT$ 400-500.', '● Transportation (Bus): Walk to the bus stop near the station or ""Minxiong Longevity Hall"". Take Chiayi County Bus 7309, 7306, or Taiwan Trip Route 106. Alight at ""National Chung Cheng University"" (Activity Center Bus Shelter).\n● Transportation (Taxi): Board at the taxi stand outside the Front Station.\n● Fare: Bus approx. NT$ 25; Taxi approx. NT$ 200.', 'Step 2: Chiayi Station to National Chung Cheng University (CCU)\n\n● Transportation (Bus): Take Chiayi County Bus 7309 or Taiwan Trip Route 106. Alight at ""National Chung Cheng University"" (Activity Center Bus Shelter).\n● Transportation (Taxi): Take a taxi directly to the university.\n● Fare: Bus approx. NT$ 60; Taxi approx. NT$ 400-500.']","To get from Chiayi TRA Station to near the NIA Chiayi City Service Center, take Chiayi County Bus 7309, 7306, or Taiwan Trip Route 106. Alight at ""National Chung Cheng University"" (Activity Center Bus Shelter). This is the closest bus stop to the service center. Fare approx. NT$ 25.",0.25,0.9424542009115934,0.5833333333041666,Qwen3_no_think
How many books can a CCU student borrow from the library at one time?,"['Students may borrow home-use audiovisual materials from the CCU Library, with a maximum of 4 items at a time. The loan period for these materials is 7 days.\n\nIf audiovisual materials are needed for student clubs or events and are approved by the relevant units, public-performance versions may also be borrowed according to library regulations.', 'All enrolled students at National Chung Cheng University, including undergraduate, master’s, and doctoral students, may borrow up to 100 books at a time.\n\nThe loan period is calculated by semester rather than by days. Books borrowed in the first semester must be returned by January 31, while books borrowed in the second semester must be returned by June 30.', 'the books you borrow are  reserved by others.  4. To protect your privilege, you are recommended to check your borrowing  status every 10 days at the following site   ( https://lib.ccu.edu.tw/ ).  5. Method: Library Home Page & Select「My Account/Renew」.  (https://idm.lib.ccu.edu.tw/sso/idm/saml2/login/?next=/saml2/idp/logi n /process/).  6. Use email for receiving library announcement  ⚫ To protect the environment, it is preferred to reduce the paper used by  announcements.  ⚫ School library does not have record of your email address. You will have  to register yourself.  ⚫ Method: Log in school website → Select「個人借閱查詢」→ Login  → Select「修改住址/E-mail」.  7. Food and beverage are not allowed in the library.  8. Please turn your cell phone to vibration mode in the library  ⚫ Food residuals may cause crawling insects, and destroy  environmental  cleanliness; improper use of cell phone may affect the rights of others.  ⚫ Violator of these regulations is subject to mark down of points, and may  lose the borrowing']","Students at National Chung Cheng University can borrow up to 100 books at one time. The loan period is calculated by semester, with books borrowed in the first semester due by January 31 and those in the second semester due by June 30. Audiovisual materials have a separate limit of 4 items with a 7-day loan period.",1.0,0.5979763666938712,0.49999999995,Qwen3_no_think
When must books borrowed in the first semester be returned at the CCU Library?,"['All enrolled students at National Chung Cheng University, including undergraduate, master’s, and doctoral students, may borrow up to 100 books at a time.\n\nThe loan period is calculated by semester rather than by days. Books borrowed in the first semester must be returned by January 31, while books borrowed in the second semester must be returned by June 30.', 'the books you borrow are  reserved by others.  4. To protect your privilege, you are recommended to check your borrowing  status every 10 days at the following site   ( https://lib.ccu.edu.tw/ ).  5. Method: Library Home Page & Select「My Account/Renew」.  (https://idm.lib.ccu.edu.tw/sso/idm/saml2/login/?next=/saml2/idp/logi n /process/).  6. Use email for receiving library announcement  ⚫ To protect the environment, it is preferred to reduce the paper used by  announcements.  ⚫ School library does not have record of your email address. You will have  to register yourself.  ⚫ Method: Log in school website → Select「個人借閱查詢」→ Login  → Select「修改住址/E-mail」.  7. Food and beverage are not allowed in the library.  8. Please turn your cell phone to vibration mode in the library  ⚫ Food residuals may cause crawling insects, and destroy  environmental  cleanliness; improper use of cell phone may affect the rights of others.  ⚫ Violator of these regulations is subject to mark down of points, and may  lose the borrowing', 'Students may borrow home-use audiovisual materials from the CCU Library, with a maximum of 4 items at a time. The loan period for these materials is 7 days.\n\nIf audiovisual materials are needed for student clubs or events and are approved by the relevant units, public-performance versions may also be borrowed according to library regulations.']",Books borrowed in the first semester must be returned by January 31. Books borrowed in the second semester must be returned by June 30. The loan period is calculated by semester rather than by days.,1.0,0.772482723540866,0.9999999999,Qwen3_no_think
How many audiovisual items can a student borrow from the CCU Library at one time?,"['Students may borrow home-use audiovisual materials from the CCU Library, with a maximum of 4 items at a time. The loan period for these materials is 7 days.\n\nIf audiovisual materials are needed for student clubs or events and are approved by the relevant units, public-performance versions may also be borrowed according to library regulations.', 'Materials such as reference books, journals, newspapers, course reserves designated by professors, and special collections like maps or microforms are generally for in-library use only.\n\nFor course reserve books, students may register at the service counter with their student ID and borrow up to 4 items for 2 hours of in-library use.', ""destroy  environmental  cleanliness; improper use of cell phone may affect the rights of others.  ⚫ Violator of these regulations is subject to mark down of points, and may  lose the borrowing privilege, access to audio -visual center, and access  to library facilities!   CCU Campus Life    32      The layout of each floor is as follows:  https://lib.ccu.edu.tw/p/426-1011-57.php?Lang=zh-tw    Basement Study room (open for 24 hours during the midterm and finals  weeks)  1st floor  Audio-Visual Center, Cafeteria, Offices of Acquisition and  Cataloging Division, Audio -Visual Resources Division, Center  of language study, Center of cultural events  2nd floor  General Information Desk, Reference Desk, Circulation Desk,  Database Research Area, Reference Materials, Microform  Materials, Current Journals, Photocopy Room, Office of  Reader's Services Division  3rd floor Newspapers Reading Area, Bound Western Journals, Art  Exhibition Hall, Study Carrels  4th floor Bound East-Asian Journals, Maps & Atlas, Carrels,""]","Students may borrow a maximum of 4 audiovisual items at one time from the CCU Library. The loan period for these materials is 7 days. For course reserve books, students may borrow up to 4 items for 2 hours of in-library use.",1.0,0.8803145699324361,0.9999999999,Qwen3_no_think
What is the loan period for audiovisual materials borrowed from the CCU Library?,"['Students may borrow home-use audiovisual materials from the CCU Library, with a maximum of 4 items at a time. The loan period for these materials is 7 days.\n\nIf audiovisual materials are needed for student clubs or events and are approved by the relevant units, public-performance versions may also be borrowed according to library regulations.', 'Please note that newly acquired audiovisual materials are generally restricted to in-library use only during the first two months after being shelved and cannot be borrowed during that period.', ""may cause crawling insects, and destroy  environmental  cleanliness; improper use of cell phone may affect the rights of others.  ⚫ Violator of these regulations is subject to mark down of points, and may  lose the borrowing privilege, access to audio -visual center, and access  to library facilities!   CCU Campus Life    32      The layout of each floor is as follows:  https://lib.ccu.edu.tw/p/426-1011-57.php?Lang=zh-tw    Basement Study room (open for 24 hours during the midterm and finals  weeks)  1st floor  Audio-Visual Center, Cafeteria, Offices of Acquisition and  Cataloging Division, Audio -Visual Resources Division, Center  of language study, Center of cultural events  2nd floor  General Information Desk, Reference Desk, Circulation Desk,  Database Research Area, Reference Materials, Microform  Materials, Current Journals, Photocopy Room, Office of  Reader's Services Division  3rd floor Newspapers Reading Area, Bound Western Journals, Art  Exhibition Hall, Study Carrels  4th floor Bound East-Asian""]",The loan period for audiovisual materials borrowed by students from the CCU Library is 7 days. Students may borrow a maximum of 4 items at a time. Newly acquired audiovisual materials are restricted to in-library use only during the first two months after being shelved and cannot be borrowed during that period.,1.0,0.9154979667778393,0.49999999995,Qwen3_no_think
When can newly acquired audiovisual materials be checked out from the CCU Library?,"['Please note that newly acquired audiovisual materials are generally restricted to in-library use only during the first two months after being shelved and cannot be borrowed during that period.', 'Students may borrow home-use audiovisual materials from the CCU Library, with a maximum of 4 items at a time. The loan period for these materials is 7 days.\n\nIf audiovisual materials are needed for student clubs or events and are approved by the relevant units, public-performance versions may also be borrowed according to library regulations.', 'If you need to make copies or print on campus, you can use the services provided by the CCU Library and the Information Center.']","Newly acquired audiovisual materials can be checked out from the CCU Library after the initial two-month period following their shelving. During this time, they are restricted to in-library use only and cannot be borrowed. Once available for borrowing, students may check out up to 4 home-use items at a time, with a 7-day loan period. Public-performance versions may also be borrowed for approved student clubs or events.",0.8571428571428571,0.8859855348894694,0.9999999999,Qwen3_no_think
"What should you do before leaving a self-study room, discussion room, or research carrel at the CCU Library?","['The CCU Library provides self-study rooms, research carrels, and discussion rooms to meet different student needs.\n\nSelf-study rooms are designed for quiet study. Students may enter by scanning their student ID during opening hours and select seats through the system.', 'Before leaving, you should tidy up your seat or space and turn off the power and lights.', 'Self-study rooms at the CCU Library are open only to currently enrolled CCU students.\n\nOther individuals who are not enrolled students are not permitted to enter or use these spaces.']","Before leaving a self-study room, discussion room, or research carrel at the CCU Library, you should tidy up your seat or space and turn off the power and lights.",0.0,0.9999999999999992,0.49999999995,Qwen3_no_think
What are the weekday opening hours for general facilities at the CCU Sports Center?,"['The National Chung Cheng University Sports Center has slightly different opening hours on weekdays and weekends.\n\nFor general facilities, including squash courts, table tennis rooms, dance studios, martial arts rooms, the gym, badminton courts, and indoor multipurpose courts, weekday hours from Monday to Friday are 08:00 to 21:00. On weekends and public holidays, opening hours are from 09:00 to 21:00.', ""may cause crawling insects, and destroy  environmental  cleanliness; improper use of cell phone may affect the rights of others.  ⚫ Violator of these regulations is subject to mark down of points, and may  lose the borrowing privilege, access to audio -visual center, and access  to library facilities!   CCU Campus Life    32      The layout of each floor is as follows:  https://lib.ccu.edu.tw/p/426-1011-57.php?Lang=zh-tw    Basement Study room (open for 24 hours during the midterm and finals  weeks)  1st floor  Audio-Visual Center, Cafeteria, Offices of Acquisition and  Cataloging Division, Audio -Visual Resources Division, Center  of language study, Center of cultural events  2nd floor  General Information Desk, Reference Desk, Circulation Desk,  Database Research Area, Reference Materials, Microform  Materials, Current Journals, Photocopy Room, Office of  Reader's Services Division  3rd floor Newspapers Reading Area, Bound Western Journals, Art  Exhibition Hall, Study Carrels  4th floor Bound East-Asian"", ""may cause crawling insects, and destroy  environmental  cleanliness; improper use of cell phone may affect the rights of others.  ⚫ Violator of these regulations is subject to mark down of points, and may  lose the borrowing privilege, access to audio -visual center, and access  to library facilities!   CCU Campus Life    32      The layout of each floor is as follows:  https://lib.ccu.edu.tw/p/426-1011-57.php?Lang=zh-tw    Basement Study room (open for 24 hours during the midterm and finals  weeks)  1st floor  Audio-Visual Center, Cafeteria, Offices of Acquisition and  Cataloging Division, Audio -Visual Resources Division, Center  of language study, Center of cultural events  2nd floor  General Information Desk, Reference Desk, Circulation Desk,  Database Research Area, Reference Materials, Microform  Materials, Current Journals, Photocopy Room, Office of  Reader's Services Division  3rd floor Newspapers Reading Area, Bound Western Journals, Art  Exhibition Hall, Study Carrels  4th floor Bound East-Asian""]","The weekday opening hours for general facilities at the CCU Sports Center are from 08:00 to 21:00. This applies to Monday to Friday. On weekends and public holidays, the hours are from 09:00 to 21:00.",1.0,0.966274538953972,0.9999999999,Qwen3_no_think
During which months of the year is the CCU Sports Center swimming pool open?,"['The swimming pool is a seasonal facility and is usually open from April 15 to October 15 each year. On weekdays, opening hours are from 18:00 to 21:00. On weekends and public holidays, there are two sessions: from 14:00 to 17:00 and from 18:00 to 21:00.', 'Students may use Sports Center facilities by bringing their student ID and scanning it at the entrance to verify their identity.\n\nAfter verification, students may enter and use general sports facilities and the swimming pool free of charge.\n\nNon-CCU individuals are required to purchase tickets according to regulations.', 'The National Chung Cheng University Sports Center has slightly different opening hours on weekdays and weekends.\n\nFor general facilities, including squash courts, table tennis rooms, dance studios, martial arts rooms, the gym, badminton courts, and indoor multipurpose courts, weekday hours from Monday to Friday are 08:00 to 21:00. On weekends and public holidays, opening hours are from 09:00 to 21:00.']","The CCU Sports Center swimming pool is open from April 15 to October 15 each year. On weekdays, it is open from 18:00 to 21:00. On weekends and public holidays, there are two sessions: 14:00–17:00 and 18:00–21:00.",1.0,0.8743314386109122,0.9999999999,Qwen3_no_think
What is the fee to use the gym at the CCU Sports Center?,"['The usage fee is NT$30 per person per visit.\n\nIn other words, entering the Sports Center itself is free, but using the gym requires an additional fee.', 'Non-CCU individuals are required to purchase tickets according to regulations.\n\nPlease note that although students do not need to pay to enter the Sports Center itself, use of the gym still requires a NT$30 fee per visit.', 'Students may use Sports Center facilities by bringing their student ID and scanning it at the entrance to verify their identity.\n\nAfter verification, students may enter and use general sports facilities and the swimming pool free of charge.\n\nNon-CCU individuals are required to purchase tickets according to regulations.']","The fee to use the gym at the CCU Sports Center is NT$30 per person per visit. Entry to the Sports Center itself is free, but gym usage requires this fee. Non-CCU individuals must purchase tickets as per regulations. Students can use general facilities and the swimming pool for free by presenting their student ID.",1.0,0.9236295153397132,0.99999999995,Qwen3_no_think
Which Sports Center facilities are free for CCU students to use?,"['Students may use Sports Center facilities by bringing their student ID and scanning it at the entrance to verify their identity.\n\nAfter verification, students may enter and use general sports facilities and the swimming pool free of charge.\n\nNon-CCU individuals are required to purchase tickets according to regulations.', 'For currently enrolled National Chung Cheng University students, most Sports Center facilities and the swimming pool are free of charge.\n\nOnly the gym requires an additional fee, which is NT$30 per person per visit.', 'Non-CCU individuals are required to purchase tickets according to regulations.\n\nPlease note that although students do not need to pay to enter the Sports Center itself, use of the gym still requires a NT$30 fee per visit.']","The Sports Center facilities, including general sports facilities and the swimming pool, are free for CCU students to use after verifying their student ID. The gym requires an additional fee of NT$30 per visit. Non-CCU individuals must purchase tickets. Students do not need to pay to enter the Sports Center itself but must pay for the gym.",1.0,0.8636249507135408,0.9999999999666667,Qwen3_no_think
How long can students borrow equipment from the CCU Health Care Center?,"['Students may borrow home-use audiovisual materials from the CCU Library, with a maximum of 4 items at a time. The loan period for these materials is 7 days.\n\nIf audiovisual materials are needed for student clubs or events and are approved by the relevant units, public-performance versions may also be borrowed according to library regulations.', 'During the borrowing period, please take good care of the equipment to avoid damage or loss and return it on time. If you need to extend the borrowing period, it is recommended to ask the Health Care Center in advance whether an extension is possible.', ""may cause crawling insects, and destroy  environmental  cleanliness; improper use of cell phone may affect the rights of others.  ⚫ Violator of these regulations is subject to mark down of points, and may  lose the borrowing privilege, access to audio -visual center, and access  to library facilities!   CCU Campus Life    32      The layout of each floor is as follows:  https://lib.ccu.edu.tw/p/426-1011-57.php?Lang=zh-tw    Basement Study room (open for 24 hours during the midterm and finals  weeks)  1st floor  Audio-Visual Center, Cafeteria, Offices of Acquisition and  Cataloging Division, Audio -Visual Resources Division, Center  of language study, Center of cultural events  2nd floor  General Information Desk, Reference Desk, Circulation Desk,  Database Research Area, Reference Materials, Microform  Materials, Current Journals, Photocopy Room, Office of  Reader's Services Division  3rd floor Newspapers Reading Area, Bound Western Journals, Art  Exhibition Hall, Study Carrels  4th floor Bound East-Asian""]","The Retrieved Context mentions that students may borrow home-use audiovisual materials from the CCU Library with a maximum of 4 items at a time and a loan period of 7 days. It also states that if an extension is needed, it is recommended to ask the Health Care Center in advance. However, the specific duration for borrowing equipment from the Health Care Center is not explicitly stated in the Retrieved Context.

Sorry, I am not sure about it. Maybe you could turn to OIA for help.",0.7142857142857143,0.0,0.0,Qwen3_no_think
What happens if borrowed equipment from the Health Care Center is lost or damaged?,"['If the equipment is lost or damaged, you may be required to handle the matter or provide compensation according to relevant regulations.', 'During the borrowing period, please take good care of the equipment to avoid damage or loss and return it on time. If you need to extend the borrowing period, it is recommended to ask the Health Care Center in advance whether an extension is possible.', 'At the Health Care Center, you can borrow basic medical and assistive equipment, including crutches, cold packs, hot packs, first-aid kits, and thermometers.']","If the borrowed equipment from the Health Care Center is lost or damaged, you may be required to handle the matter or provide compensation according to relevant regulations. It is important to take good care of the equipment during the borrowing period and return it on time. If an extension is needed, you should consult the Health Care Center in advance.",1.0,0.9439720518721585,0.9999999999,Qwen3_no_think
Where can international students find ATMs on or near the CCU campus?,"['For international students, ATMs at the on-campus post office and off-campus convenience stores are the easiest to find and most convenient options.', 'On campus, the post office on the first floor of the Activity Center has ATMs where you can withdraw cash and perform basic banking services.\n\nOff campus, nearby convenience stores almost always have ATMs, including FamilyMart and 7-Eleven.', 'Expenses  around 54,000 (9,000 per month)  *Actual expenses depend on consumption habits of each person.  Currency Unit: NT (NT$28.89=US$1)           based on the rate on 2025/7/03      10                                03  Accommodation Accommodation    11     1. On-campus accommodation is guaranteed for international students. The first- year-students don’t need to apply; the CCU Office of International Affairs will  arrange it for you . However, your dormitory room will be assigned ; you are  unable to choose your own rooms or roommates.  2. Your dormitory room is not equipped with mattress, pillow, and quilt.  3. Besides the dormitory fee, each one of  you has to pay a residence deposit of  NT$1,600 and an electricity cha rge of NT$ 2,000, a total of NT$3, 600 (not  included in CCU scholarship). You will get an IC card saved with NT$1,000 to use  for the electricity cost of your room. If the amount of NT$1,000 runs out, you  should go to the Dormitory Service Center, with your card & money, to recharge']","International students can find ATMs at the on-campus post office located on the first floor of the Activity Center. Off-campus, nearby convenience stores such as FamilyMart and 7-Eleven usually have ATMs. These options are recommended for their convenience and accessibility.",1.0,0.884120453419007,0.99999999995,Qwen3_no_think
"After paying the dormitory internet fee at CCU, when does Wi-Fi service become available?","['the  Computer Center; the fee is NT$1,000 per semester.    3.4 Public Facilities  Public Facilities for undergraduate, master, and PhD:  shared washing machines, RO drinking water system,  social lounge.    3.5 Dormitory Network  As soon as you settle down your accommodation which means you’ve got your room  number and bed number, you need to apply dormitory network in order to use the  internet (wired network) in the dorm.  For applying the dormitory network, please submit the document online:   https://www.dorm.ccu.edu.tw/student/login  For more information about dormitory network please refer  to: https://www.dorm.ccu.edu.tw/en or call the ext.14151      13    04        Registration Registration  4.1 University Registration    14   No Work Time Location  Required  Documents Note  1 Dorm  Check-in  Starting  from  Aug 29  Dormitory Passport   2  Dorm  Internet  After the  Dorm  check- in  Office of Information  Technology  (Library 1st floor)  1. CB1 of  Undergraduate  Dormitory (only  7PM- 10PM)  2. Link', 'beds, desks, chairs,  book shelf, closets, telephone. Internet access is  available in all dormitories.  3. You can apply for dormitory network in the  Computer Center; the fee is NT$1,000 per semester.    3.4 Public Facilities  Public Facilities for undergraduate, master, and PhD:  shared washing machines, RO drinking water system,  social lounge.    3.5 Dormitory Network  As soon as you settle down your accommodation which means you’ve got your room  number and bed number, you need to apply dormitory network in order to use the  internet (wired network) in the dorm.  For applying the dormitory network, please submit the document online:   https://www.dorm.ccu.edu.tw/student/login  For more information about dormitory network please refer  to: https://www.dorm.ccu.edu.tw/en or call the ext.14151      13    04        Registration Registration  4.1 University Registration    14   No Work Time Location  Required  Documents Note  1 Dorm  Check-in  Starting  from  Feb 20  Dormitory Passport   2  Dorm  Internet', 'beds, desks, chairs,  book shelf, closets, telephone. Internet access is  available in all dormitories.  3. You can apply for dormitory network in the  Computer Center; the fee is NT$1,000 per semester.    3.4 Public Facilities  Public Facilities for undergraduate, master, and PhD:  shared washing machines, RO drinking water system,  social lounge.    3.5 Dormitory Network  As soon as you settle down your accommodation which means you’ve got your room  number and bed number, you need to apply dormitory network in order to use the  internet (wired network) in the dorm.  For applying the dormitory network, please submit the document online:   https://www.dorm.ccu.edu.tw/student/login  For more information about dormitory network please refer  to: https://www.dorm.ccu.edu.tw/en or call the ext.14151      13    04        Registration Registration  4.1 University Registration    14   No Work Time Location  Required  Documents Note  1 Dorm  Check-in  Starting  from  Feb 20  Dormitory Passport   2  Dorm  Internet']","After paying the dormitory internet fee at CCU, the Wi-Fi service becomes available once you have settled into your accommodation and obtained your room number and bed number. You need to apply for the dormitory network online to use the wired internet in the dorm. The application can be submitted through the provided link: https://www.dorm.ccu.edu.tw/student/login.",0.5,0.8789279310557365,0.9999999999666667,Qwen3_no_think
Can international students enter Taiwan with a Tourist Visa for studying purposes?,"['Any international student who has been formally admitted to and is enrolled in a university or college approved by Taiwan’s Ministry of Education to admit international students is eligible to apply for converting a Visitor Visa to an ARC. National Chung Cheng University is an MOE-approved institution, so international students who are officially enrolled are generally eligible to', 'VISA before coming to Taiwan, it is necessary that you apply for a  Resident VISA on your own and then the ARC.    For international students, the Alien Resident Certificate (ARC) serves as their temporary  ID card which can prove their resident status in Taiwan. Please remember to apply for the  Alien Resident Certificate at the local office of Ministry of Interior National Immigration  Agency on the next day upon arrival or within 30 days of the issue of your resident visa.  International students must apply for ARC extension within three months before the  expiration date. If the ARC expires during the summer vacation (from July to September),  students are allowed to apply for extension from the 1st of April. For over -staying  foreigners who did not apply for ARC extension, their residence will be ceased by the  authorized agency, and they may be expelled from Taiwan.    I. Required documents for applying Resident  Visa  1. A signed application form  2. The original and photocopy of your passport  3.', 'will be ceased by the  authorized agency, and they may be expelled from Taiwan.    I. Required documents for applying Resident  Visa  1. A signed application form  2. The original and photocopy of your passport  3. The original and photocopy of the student ID card or the enrollment certificate  4. The satisfactory health examination report  5. 2 photos (4.5cm × 3.5cm)  6. Visa fee (https://www.boca.gov.tw/mp-2.html)  For more information on VISA application, please refer to the Bureau of Consular  Affairs, Ministry of Foreign Affairs Website: https://www.boca.gov.tw/mp-2.html    II. Required documents for applying Alien Resident Certificate (ARC)  1. The original and photocopy of your passport and Resident Visa  2. The original and photocopy of the student ID card with the right registered  stamp or the enrollment certificate  3. Application fee NT$1,000  4. Photo   5. ARC Application System:   https://coa.immigration.gov.tw/coa-frontend/student/entry?lang=en    Currently we have changed the application way,']","International students cannot enter Taiwan with a Tourist Visa for studying purposes. They must apply for a Resident Visa before arriving and then convert it to an Alien Resident Certificate (ARC) upon arrival. The ARC is required for residency proof and must be applied for within 30 days of arrival. Extensions are needed before expiration, with specific deadlines. Required documents include passport, student ID/enrollment certificate, health report, photos, and fees. Apply via the specified system.",1.0,0.9092519821544279,0.9999999999666667,Qwen3_no_think
What type of visa must international students apply for before arriving in Taiwan to study?,"['VISA before coming to Taiwan, it is necessary that you apply for a  Resident VISA on your own and then the ARC.    For international students, the Alien Resident Certificate (ARC) serves as their temporary  ID card which can prove their resident status in Taiwan. Please remember to apply for the  Alien Resident Certificate at the local office of Ministry of Interior National Immigration  Agency on the next day upon arrival or within 30 days of the issue of your resident visa.  International students must apply for ARC extension within three months before the  expiration date. If the ARC expires during the summer vacation (from July to September),  students are allowed to apply for extension from the 1st of April. For over -staying  foreigners who did not apply for ARC extension, their residence will be ceased by the  authorized agency, and they may be expelled from Taiwan.    I. Required documents for applying Resident  Visa  1. A signed application form  2. The original and photocopy of your passport  3.', 'apply for a Resident VISA before coming to Taiwan, it is necessary that you apply for a  Resident VISA on your own and then the ARC.    For international students, the Alien Resident Certificate (ARC) serves as their temporary  ID card which can prove their resident status in Taiwan. Please remember to apply for the  Alien Resident Certificate at the local office of Ministry of Interior National Immigration  Agency on the next day upon arrival or within 30 days of the issue of your resident visa.  International students must apply for ARC extension within three months before the  expiration date. If the ARC expires during the summer vacation (from July to September),  students are allowed to apply for extension from the 1st of April. For over -staying  foreigners who did not apply for ARC extension, their residence will be ceased by the  authorized agency, and they may be expelled from Taiwan.    I. Required documents for applying Resident  Visa  1. A signed application form  2. The original and photocopy', 'apply for a Resident VISA before coming to Taiwan, it is necessary that you apply for a  Resident VISA on your own and then the ARC.    For international students, the Alien Resident Certificate (ARC) serves as their temporary  ID card which can prove their resident status in Taiwan. Please remember to apply for the  Alien Resident Certificate at the local office of Ministry of Interior National Immigration  Agency on the next day upon arrival or within 30 days of the issue of your resident visa.  International students must apply for ARC extension within three months before the  expiration date. If the ARC expires during the summer vacation (from July to September),  students are allowed to apply for extension from the 1st of April. For over -staying  foreigners who did not apply for ARC extension, their residence will be ceased by the  authorized agency, and they may be expelled from Taiwan.    I. Required documents for applying Resident  Visa  1. A signed application form  2. The original and photocopy']","International students must apply for a Resident Visa before arriving in Taiwan. After obtaining the Resident Visa, they need to apply for the Alien Resident Certificate (ARC) within 30 days of arrival or the visa issuance. The ARC serves as their temporary ID proving resident status. They must extend their ARC three months before expiration, with special provisions during summer vacation (July to September) allowing extensions from April 1st. Failure to extend may result in expulsion.",1.0,0.8742575527071991,0.9999999999666667,Qwen3_no_think
What are the steps a new international student must complete after arriving at CCU?,"[""online  application system  1. ID photo (JPG file)  2. Scanned copy of  your passport &  VISA  3. Certificate of  Enrollment  4. Certificate oof  Residence (from  OIA)  5. Fee NT$1,000  6. Photo  https://coa.immigrati on.gov.tw/coa- frontend/student/ent ry?lang=en    Registration  4.1 University Registration    17   No Work Time Location Required  Documents Note  10 Chinese  Program  1. The Chinese Training Program is credit-loaded and free for  international students. We sincerely encourage our  international students to join at least one Chinese training  course during their stay at CCU.  2. The Chinese Language Center of National Chung  Cheng University aims to provide high-quality  Chinese language instruction, integrating multimedia  technology, games and AI-based tools to cultivate  learners' various Chinese language abilities and  understanding of local cultures.   More information scan QR CODE or click link below:  https://chineselanguagecenter.ccu.edu.tw/?Lang=en       11 Post (Bank)  Account  After"", ""online  application system  1. ID photo (JPG file)  2. Scanned copy of  your passport &  VISA  3. Certificate of  Enrollment  4. Certificate oof  Residence (from  OIA)  5. Fee NT$1,000  6. Photo  https://coa.immigrati on.gov.tw/coa- frontend/student/ent ry?lang=en    Registration  4.1 University Registration    17   No Work Time Location Required  Documents Note  10 Chinese  Program  1. The Chinese Training Program is credit-loaded and free for  international students. We sincerely encourage our  international students to join at least one Chinese training  course during their stay at CCU.  2. The Chinese Language Center of National Chung  Cheng University aims to provide high-quality  Chinese language instruction, integrating multimedia  technology, games and AI-based tools to cultivate  learners' various Chinese language abilities and  understanding of local cultures.   More information scan QR CODE or click link below:  https://chineselanguagecenter.ccu.edu.tw/?Lang=en       11 Post (Bank)  Account  After"", 'experience in pursuing your academic study and research  at CCU.    Since this may be the first time you visit Taiwan or CCU, and there will be many  procedures and responsibilities you will soon have to work on, we have prepared  the Handbook for International Students to help you go through these tasks  smoothly.    In what follows, we first provide a guideline of items you need to prepare before  departure from your home country. We then provide a wide range of useful  information, including answer to many of the questions you may have when you  arrive at National Chung Cheng University. In case you still need any further support,  please feel free to contact our office or visit our English website at  https://oia.ccu.edu.tw/?Lang=en  .     E-mail: ccuoiais@ccu.edu.tw   Phone: 866-5-2720411, ext.17618    Again, welcome to CCU and we are looking forward to seeing you on campus soon.    Best regards,    Office of International Affairs  National Chung Cheng University        Welcome to CCU!          3    01']","After arriving at CCU, new international students must complete the following steps:

1. University Registration (4.1) - No work time, location required.
2. Submit documents: ID photo (JPG), scanned passport & visa, enrollment certificate, residence certificate (from OIA), fee NT$1,000, and photo.
3. Apply for a post (bank) account.
4. Enroll in the Chinese Training Program (optional but encouraged).",0.4,0.9939014465558547,0.9999999999666667,Qwen3_no_think
What documents must be submitted to the Administration Building's Division of Curriculum and Instruction during registration?,"['7. Financial Statement  8. Health Certificate or  ARC  9. Health Insurance or  NHI (If any)  10. Taiwan Bank (If any)        1. Diploma and  Transcript must be  authenticated by  the Taiwanese  Representative  Office in your  country    2. After OIA check all  the required  documents, you  need to go to  Academic Office to  complete the  registration.  Feb. 25 Orientation None   6  Health  Check for  Freshmen    Mar 05    (Auditorium)      1. CCU Health  Examination Form   2. Fee NT$630  3. Passport  4. Registration Sheet  Metal Accessories and  contact lenses are not  allowed. If you need to  wear contact lenses,  please bring your own  contact lens case.   Registration  4.1 University Registration    16   No Work Time Location Required  Document s  Note  7 Registration  Before    Apr 1  (1F of East Wing  Administrative  Building)      1. Photocopy of  Passport & Visa  (with the stamp of  entering Taiwan)  2. Diploma (Photocopy  of Original and  Authenticated  version)  3. Transcript (Photocopy  of', 'and  Transcript must  be authenticated  by the Taiwanese  Representative  Office in your  country    2. After OIA check  all the required  documents, you  need to go to  Academic Office  to complete the  registration.  6  Health  Check for  Freshmen    Sep 03    (Auditorium)      1. CCU Health  Examination Form   2. Fee NT$630  3. Passport  4. Registration Sheet  Metal Accessories and  contact lenses are not  allowed. If you need to  wear contact lenses,  please bring your own  contact lens case.   Registration  4.1 University Registration    16   No Work Time Location on Required  Document s  Note  7 Registration  Before    Sep 8  (1F of East Wing  Administrative  Building)      1. Photocopy of  Passport & Visa  (with the stamp of  entering Taiwan)  2. Diploma (Photocopy  of Original and  Authenticated  version)  3. Transcript (Photocopy  of Original and  Authenticated  version)  4. Student academic  record entry form  (Print out)  5. Registration sheet          1. The Office of  Academic Affairs  will', '5. English Proficiency Certificate  6. Chinese Proficiency Certificate  7. Financial Statement  8. Health Certificate or ARC  9. Health Insurance or NHI (If any)  10. Taiwan Bank (If any)  OIA  (2nd Fl. of  Supermarket  next to  Graduate  Dormitory)  Health Center    1. CCU Health Examination Form   2. Fee NT$630  3. Passport  4. Registration Sheet      Auditorium      Office of  Academic Affairs    1. Photocopy of Passport & Visa (with the stamp  of entering Taiwan)  2. Diploma (Photocopy of Original and  Authenticated version)  3. Transcript (Photocopy of Original and  Authenticated version)  4. Student academic record entry form (Print out)  5. Registration sheet  East Wing  Administrative  Building  New Student Registration Sheet  (for 2025 Fall) Registration  4.3 Health Examination  4.4 Health Insurance    19      4.3 Health Examination     All new students are asked to do a simple health check on campus, even if you have  already done the Health Check that the Taipei Representative Office has']","To register at National Chung Cheng University's Administration Building's Division of Curriculum and Instruction, you must submit:

1. Photocopy of Passport & Visa (with entry stamp)
2. Diploma (photocopy of original and authenticated version)
3. Transcript (photocopy of original and authenticated version)
4. Student academic record entry form (printout)
5. Registration sheet
6. CCU Health Examination Form
7. Fee NT$630
8. Health Insurance or NHI (if applicable)
9. Taiwan Bank details (if applicable)
10. Financial Statement
11. Health Certificate or ARC
12. English/Chinese Proficiency Certificates (if required)",0.9230769230769231,0.8534199720505701,0.9999999999666667,Qwen3_no_think
Do CCU scholarship recipients still need to complete the tuition payment process?,"['Expenses  around 54,000 (9,000 per month)  *Actual expenses depend on consumption habits of each person.  Currency Unit: NT (NT$28.89=US$1)           based on the rate on 2025/7/03      10                                03  Accommodation Accommodation    11     1. On-campus accommodation is guaranteed for international students. The first- year-students don’t need to apply; the CCU Office of International Affairs will  arrange it for you . However, your dormitory room will be assigned ; you are  unable to choose your own rooms or roommates.  2. Your dormitory room is not equipped with mattress, pillow, and quilt.  3. Besides the dormitory fee, each one of  you has to pay a residence deposit of  NT$1,600 and an electricity cha rge of NT$ 2,000, a total of NT$3, 600 (not  included in CCU scholarship). You will get an IC card saved with NT$1,000 to use  for the electricity cost of your room. If the amount of NT$1,000 runs out, you  should go to the Dormitory Service Center, with your card & money, to recharge', 'Registration Registration  4.1 University Registration    14   No Work Time Location  Required  Documents Note  1 Dorm  Check-in  Starting  from  Feb 20  Dormitory Passport   2  Dorm  Internet  After the  Dorm  check- in  Office of Information  Technology  (Library 1st floor)  1. CB1 of  Undergraduate  Dormitory (only  7PM- 10PM)  2. Link to CCU  Dormitory Network  System:  https://www.dorm.ccu.e du.tw/en  1. NT$1,000   2. Computer  Address  3. Internet Cable    3  Uploading  a digital  photo to  New  Students  ID System    Link to CCU Student  Academic Record Entry  System:  https://www026198.ccu.edu .tw/academic/     Digital Photo     (.jpg or .jpeg)  * The default password  birth date + first 2  capital letters of  student’s name  * Print out the form  after you finish  filling it online  4 Paying the  fees   1. Download the  payment sheet via  https://school.bot.com.tw/new Twbank/StudentLogin.aspx  2. Pay the fees at  convenience stores,  Post office or  Taiwan Bank  1. Payment Sheet  2. Money  If the', 'Registration Registration  4.1 University Registration    14   No Work Time Location  Required  Documents Note  1 Dorm  Check-in  Starting  from  Feb 20  Dormitory Passport   2  Dorm  Internet  After the  Dorm  check- in  Office of Information  Technology  (Library 1st floor)  1. CB1 of  Undergraduate  Dormitory (only  7PM- 10PM)  2. Link to CCU  Dormitory Network  System:  https://www.dorm.ccu.e du.tw/en  1. NT$1,000   2. Computer  Address  3. Internet Cable    3  Uploading  a digital  photo to  New  Students  ID System    Link to CCU Student  Academic Record Entry  System:  https://www026198.ccu.edu .tw/academic/     Digital Photo     (.jpg or .jpeg)  * The default password  birth date + first 2  capital letters of  student’s name  * Print out the form  after you finish  filling it online  4 Paying the  fees   1. Download the  payment sheet via  https://school.bot.com.tw/new Twbank/StudentLogin.aspx  2. Pay the fees at  convenience stores,  Post office or  Taiwan Bank  1. Payment Sheet  2. Money  If the']","Based on the retrieved context, the answer is as follows:

Scholarship recipients at CCU may still need to complete tuition payment processes. The context mentions that payment sheets are required for fees, and payments can be made via convenience stores, post offices, or Taiwan Bank. Additionally, specific fees like dormitory deposits and electricity charges are mentioned as separate costs not included in the scholarship. Therefore, tuition payment processes are part of the registration and fee payment steps.",0.6,0.8969877204906626,0.9999999999666667,Qwen3_no_think
Within how many days after entering Taiwan must a first-time ARC application be submitted?,"['International students must apply for an ARC 15 to 30 days before their Visitor Visa expires. This time window is very important. If you apply after the visa has expired, it may affect your residency status and could even require you to leave Taiwan and reapply.', 'VISA before coming to Taiwan, it is necessary that you apply for a  Resident VISA on your own and then the ARC.    For international students, the Alien Resident Certificate (ARC) serves as their temporary  ID card which can prove their resident status in Taiwan. Please remember to apply for the  Alien Resident Certificate at the local office of Ministry of Interior National Immigration  Agency on the next day upon arrival or within 30 days of the issue of your resident visa.  International students must apply for ARC extension within three months before the  expiration date. If the ARC expires during the summer vacation (from July to September),  students are allowed to apply for extension from the 1st of April. For over -staying  foreigners who did not apply for ARC extension, their residence will be ceased by the  authorized agency, and they may be expelled from Taiwan.    I. Required documents for applying Resident  Visa  1. A signed application form  2. The original and photocopy of your passport  3.', 'the first 6 months, we help you get medical insurance at first that  can cover your medical procedures in Taiwan.    II. National Health Insurance (NHI)  It is necessary to apply National Health Insurance for staying in Taiwan. According to  Taiwan National Health Insurance Act, only students who have stayed for more than 6  months are qualified for NHI. For example, if the date of issue on your ARC is on Mar ch  10th, the nearest date you can apply is Sep. 10th.    Registration  4.5 Applying for Resident Visa and  Alien Resident Certificate (ARC)    20     You are required to possess a Resident VISA and an ARC in order to stay in Taiwan for  studying. If you have obtained a Resident VISA before coming to Taiwan, you only need  to apply for an ARC when you arrive at CCU. This will make things easier. If you did  not  apply for a Resident VISA before coming to Taiwan, it is necessary that you apply for a  Resident VISA on your own and then the ARC.    For international students, the Alien Resident Certificate']","Within 30 days after entering Taiwan, a first-time ARC application must be submitted. International students must apply for an ARC 15 to 30 days before their Visitor Visa expires. If applying after the visa has expired, it may affect residency status and require leaving Taiwan to reapply.",1.0,0.8759912826751725,0.49999999995,Qwen3_no_think
What is the penalty for submitting a first-time ARC application late?,"['The basic ARC fee is NT$1,000 per year. However, if you are converting from visa-free entry or a Visitor Visa to an ARC, an additional NT$2,200 is charged according to official regulations.', 'The processing time for an ARC application is approximately 10 working days. The actual issuance time may vary depending on the number of applications or whether additional documents are required. Students are advised to allow sufficient time for the', 'International students must apply for an ARC 15 to 30 days before their Visitor Visa expires. This time window is very important. If you apply after the visa has expired, it may affect your residency status and could even require you to leave Taiwan and reapply.']","The penalty for submitting a first-time ARC application late is not explicitly mentioned in the retrieved context. However, applying after the visa has expired may affect residency status and could require leaving Taiwan to reapply. Students are advised to apply 15 to 30 days before their Visitor Visa expires.",1.0,0.0,0.0,Qwen3_no_think
How far in advance can a student submit an ARC extension application before it expires?,"['International students must apply for an ARC 15 to 30 days before their Visitor Visa expires. This time window is very important. If you apply after the visa has expired, it may affect your residency status and could even require you to leave Taiwan and reapply.', 'The ARC application and issuance must be completed within the validity period of your original visa, so it is strongly recommended that students prepare the required documents as early as possible after the semester begins, rather than waiting until the last minute.', 'The processing time for an ARC application is approximately 10 working days. The actual issuance time may vary depending on the number of applications or whether additional documents are required. Students are advised to allow sufficient time for the']",International students should apply for an ARC 15 to 30 days before their Visitor Visa expires. The application must be completed within the validity period of the original visa. Processing takes approximately 10 working days. Students are advised to prepare documents early after the semester begins.,1.0,0.6600641878560077,0.9999999999666667,Qwen3_no_think
What happens if an ARC renewal is more than 30 days late?,"['(Trạm Phục vụ số 1 Thành phố Đài Nam)  2.所有更正 (護照、地址、姓名等) 都可以線上申請。 Tất cả thay đổi (hộ chiếu, địa chỉ, họ tên, …) đều có thể thực hiện trực tuyến. 3. 請填寫正確電子信箱。 Vui lòng điền địa chỉ email chí nhxác.7 申請人於接獲申請案件審查核准待繳費 通知 email 後，可於線上進行線上繳費 扣款功能。 完成付款後 ，申請人會收到電子郵件通 知。 請列印收據並攜帶舊ARC，並在3 個工作日後前往服務站領取新ARC Người nộp đơn sau khi nhận được email thông báo đơn xin đã được thông qua, vui lòng tiến hành đóng phítrên hệ thống trực tuyến. Sau khi hoàn thành đóng phí, chúng tôi sẽ gửi email thông báo. Vui lòng in hóa đơn và mang theo thẻ cư trú cũ đến Trạm phục vụ để nhận thẻ mới sau 3 ngày làm việc. 重點 Lưu ý ARC  居留證 Thẻ cư trú 重點 Lưu ý  NT$   10,000 - 50,000臺南市第一服務站 10 Phạt cư trú quá hạn (hiện tại)重點 Lưu ý  罰鍰金額 Mức phạt dao động NT$  2,000 to 10,000 在臺灣居住後如果因故變更居留地 ，務必於事實發生 後30日內到移民署辦理住址變更。 Nếu có thay đổi địa chỉ cư trú trong thời gian cư trú tại Đài Loan, bắt buộc phải đến Cục Di dân làm thủ tục thay đổi địa chỉ trong vòng 30 ngày kể từ sau ngày đổi nơi ở.如何出國 ? Làm  thế  nào  khi  ra  nước  ngoài ? 準備居留證及護照 Chuẩn', 'International students must apply for an ARC 15 to 30 days before their Visitor Visa expires. This time window is very important. If you apply after the visa has expired, it may affect your residency status and could even require you to leave Taiwan and reapply.', 'As a result, international students applying for an ARC for the first time by converting from a Visitor Visa will pay more than those who are simply renewing an ARC. After payment, be sure to keep the receipt properly in case it is needed for future inquiries or additional documentation.']","If an ARC renewal is more than 30 days late, a fine will be imposed. The penalty amount ranges from NT$2,000 to NT$10,000. International students are required to apply for an ARC 15 to 30 days before their Visitor Visa expires. Applying after the visa has expired may affect residency status and require leaving Taiwan to reapply.",0.6,0.7325468994293333,0.9999999999,Qwen3_no_think
What documents are required to open a postal savings account at the CCU Post Office?,"['CRS-I form, and   NTD 100 to the Post Office in CCU to apply for your financial   account of Post Office.', 'CRS-I form, and   NTD 100 to the Post Office in CCU to apply for your financial   account of Post Office.', 'The CCU Post Office is located on the first floor of the Activity Center.\n\nAt the post office, you can send letters and parcels, receive registered mail, and use basic financial services such as deposits, withdrawals, transfers, and bill payments. You can also purchase stamps and postal supplies.']","To open a postal savings account at the CCU Post Office, you need the CRS-I form and NTD 100. The CCU Post Office is located on the first floor of the Activity Center. You can send letters, parcels, receive registered mail, and use basic financial services like deposits, withdrawals, transfers, and bill payments. You can also purchase stamps and postal supplies.",1.0,0.9564207329935864,0.99999999995,Qwen3_no_think
What is the minimum deposit required to open a postal savings account at the CCU Post Office?,"['CRS-I form, and   NTD 100 to the Post Office in CCU to apply for your financial   account of Post Office.', 'CRS-I form, and   NTD 100 to the Post Office in CCU to apply for your financial   account of Post Office.', 'The CCU Post Office is located on the first floor of the Activity Center.\n\nAt the post office, you can send letters and parcels, receive registered mail, and use basic financial services such as deposits, withdrawals, transfers, and bill payments. You can also purchase stamps and postal supplies.']",The minimum deposit required to open a postal savings account at the CCU Post Office is NTD 100. You need to submit a CRS-I form and deposit NTD 100 at the Post Office in CCU to apply for your financial account. The CCU Post Office is located on the first floor of the Activity Center.,1.0,0.9834606518302769,0.99999999995,Qwen3_no_think
"What are the penalties for drunk driving in Taiwan, and which vehicles does the rule apply to?","['University has the most beautiful campus in Taiwan, and  comprehensive sports facilities. Our outdoor facilities include: 12 tennis courts,  6 volleyball courts, 6 basketball courts, a soccer field, a softball field, a baseball  field, golf driving range, track, and swimming pool. We also have a large  gymnasium that houses weight training equipment, bowling center, table tennis  courts, squash racquet courts, and etc.      CCU Campus Life    34      Driver’s license  If you want to drive in Taiwan, you must have a driving license. It’s left- hand  drive in Taiwan. You may either takes the exam for driver’s license or  change your home country driving license to Taiwan driving license at  Directorate General of Highways, MOTC. Please note that it is illegal to drive  without a valid driving license. The maximum penalty is NT$24,000 for both  motorcycles and cars. For further information about driving license, please  do not hesitate to visit the website at https://www.mvdis.gov.tw/m3-emv- eng/    Required', ""without a valid driving license. The maximum penalty is NT$24,000 for both  motorcycles and cars. For further information about driving license, please  do not hesitate to visit the website at https://www.mvdis.gov.tw/m3-emv- eng/    Required documents for motorcycle driving license test  1. Original Alien Resident Certificate (ARC) (date of issuance to date of  expiry over one year) plus a photocopy.  2. Passport, plus a photocopy.  3. Valid driver’s license from a reciprocating country plus a photocopy  (your foreign driver’s license must be authenticated overseas by an  embassy or consulate of the ROC, or Representative Office, Liaison  Office or other office duly authorized by the ROC Ministry  of Foreign  Affairs, or be authenticated in Taiwan by your country's embassy,  consulate or other office which is duly authorized by the ROC Ministry  of Foreign Affairs)  4. A Chinese translation of foreign driver’s license (if your license is not in  English), which must also be authenticated by an embassy or"", ""without a valid driving license. The maximum penalty is NT$24,000 for both  motorcycles and cars. For further information about driving license, please  do not hesitate to visit the website at https://www.mvdis.gov.tw/m3-emv- eng/    Required documents for motorcycle driving license test  1. Original Alien Resident Certificate (ARC) (date of issuance to date of  expiry over one year) plus a photocopy.  2. Passport, plus a photocopy.  3. Valid driver’s license from a reciprocating country plus a photocopy  (your foreign driver’s license must be authenticated overseas by an  embassy or consulate of the ROC, or Representative Office, Liaison  Office or other office duly authorized by the ROC Ministry  of Foreign  Affairs, or be authenticated in Taiwan by your country's embassy,  consulate or other office which is duly authorized by the ROC Ministry  of Foreign Affairs)  4. A Chinese translation of foreign driver’s license (if your license is not in  English), which must also be authenticated by an embassy or""]","The Retrieved Context mentions that driving without a valid license in Taiwan can result in a maximum penalty of NT$24,000 for both motorcycles and cars. However, it does not specify the penalties for drunk driving or the exact vehicles covered under the rule. Therefore, the information about drunk driving penalties and vehicle applicability is not provided in the context.",1.0,0.0,0.0,Qwen3_no_think
Do international students need a work permit before taking any part-time job in Taiwan?,"['saved into your post bank account)    After getting bank account, remember to send the following documents to OIA  (ccuoiais@ccu.edu.tw)    Filled Personal Account Form    Bank of Passbook      Registration  4.7 Guides for Part-time Jobs  OFF/ON Campus    22        A. OFF Campus (Work permit required!)  International students who would like to work in Taiwan OFF campus, including  both full-time and part -time jobs, are required to obtain a work permit from  the Workforce Development Agency. Working without such an official work  permit, you will be subject to a fine of NT $30,000 to $150,000 . Further, only  degree-seeking students are allowed to apply for a work permit.     B. ON Campus (Requirement of work permit  depends on type of part-time job)  All part-time assistant jobs ON campus are classified into two types, namely (a)  Learning-Oriented Part-Time Assistant, for which there is no need to apply for  work permit, and (b) Labor-Oriented Part-Time Assistant, for which work permit  must be applied f', 'saved into your post bank account)    After getting bank account, remember to send the following documents to OIA  (ccuoiais@ccu.edu.tw)    Filled Personal Account Form    Bank of Passbook      Registration  4.7 Guides for Part-time Jobs  OFF/ON Campus    22        A. OFF Campus (Work permit required!)  International students who would like to work in Taiwan OFF campus, including  both full-time and part -time jobs, are required to obtain a work permit from  the Workforce Development Agency. Working without such an official work  permit, you will be subject to a fine of NT $30,000 to $150,000 . Further, only  degree-seeking students are allowed to apply for a work permit.     B. ON Campus (Requirement of work permit  depends on type of part-time job)  All part-time assistant jobs ON campus are classified into two types, namely (a)  Learning-Oriented Part-Time Assistant, for which there is no need to apply for  work permit, and (b) Labor-Oriented Part-Time Assistant, for which work permit  must be applied f', 'regulation, please refer to - Ministry of Labor Employment Service  Act   Registration  4.7 Guides for Part-time Jobs  OFF/ON Campus    24       IV. Other Related Regulations:  1. The status of international students in Taiwan should be in accordance  with the regulations of Ministry of Education.  2. According to the “Regulations on the Permission and Administration of  the Employment of Foreign Workers”, the applicants can apply for the  student work permit only if they are officially enrolled as a degree  student in any university or have tak en one -year language course in  Taiwan.  3. The period validity of a work permit is six months at most.  4. For applications made in the Fall semester, the work permit is valid until  March 31st of the next semester; for applications made in the Spring  semester, the work permit is valid until September 30th of the same   year.  5. The maximum work hours are 20 hours per week , except during  summer and winter vacation.  6. Workforce Development Agency has the right']","Yes, international students need a work permit before taking any part-time job in Taiwan. For off-campus jobs, a work permit from the Workforce Development Agency is required, with fines for working without one. Only degree-seeking students can apply. For on-campus jobs, work permit requirements depend on the job type: learning-oriented roles do not require a permit, while labor-oriented roles do. Work permits are valid up to six months, with specific validity periods based on application timing. Maximum work hours are 20 per week, except during vacations.",0.9090909090909091,0.8980259900227326,0.9999999999666667,Qwen3_no_think
What is the fine for illegally bringing pork products into Taiwan for a first offense?,"[""without a valid driving license. The maximum penalty is NT$24,000 for both  motorcycles and cars. For further information about driving license, please  do not hesitate to visit the website at https://www.mvdis.gov.tw/m3-emv- eng/    Required documents for motorcycle driving license test  1. Original Alien Resident Certificate (ARC) (date of issuance to date of  expiry over one year) plus a photocopy.  2. Passport, plus a photocopy.  3. Valid driver’s license from a reciprocating country plus a photocopy  (your foreign driver’s license must be authenticated overseas by an  embassy or consulate of the ROC, or Representative Office, Liaison  Office or other office duly authorized by the ROC Ministry  of Foreign  Affairs, or be authenticated in Taiwan by your country's embassy,  consulate or other office which is duly authorized by the ROC Ministry  of Foreign Affairs)  4. A Chinese translation of foreign driver’s license (if your license is not in  English), which must also be authenticated by an embassy or"", ""without a valid driving license. The maximum penalty is NT$24,000 for both  motorcycles and cars. For further information about driving license, please  do not hesitate to visit the website at https://www.mvdis.gov.tw/m3-emv- eng/    Required documents for motorcycle driving license test  1. Original Alien Resident Certificate (ARC) (date of issuance to date of  expiry over one year) plus a photocopy.  2. Passport, plus a photocopy.  3. Valid driver’s license from a reciprocating country plus a photocopy  (your foreign driver’s license must be authenticated overseas by an  embassy or consulate of the ROC, or Representative Office, Liaison  Office or other office duly authorized by the ROC Ministry  of Foreign  Affairs, or be authenticated in Taiwan by your country's embassy,  consulate or other office which is duly authorized by the ROC Ministry  of Foreign Affairs)  4. A Chinese translation of foreign driver’s license (if your license is not in  English), which must also be authenticated by an embassy or"", 'khi hết thời hạn cư trú thành 3 tháng trước khi thẻ cư trú hết hạn.  放寬外人申請延期居留 期間 外國人申請延期居留 ， 由居留期限屆滿前 30日 內，放寬為3個月內可以 申請。台灣簽證 Visa Đài Loan 家人要來臺灣觀光，必須先申請臺 灣簽證! Nếu  người  thân  ở  Việt  Nam muốn  đến  tham  quan  Đài  Loan, trước  tiên  phải  xin  visa  Đài  Loan nhé! 記得要注意數字 3(停留期限 )，這 是家人來到臺灣可以住的天數，如 果逾期，同樣會被罰臺幣1萬元到5 萬元的罰鍰，而且最長7年不能再 來臺灣。 Lưu  ý  mục  số  3  (thời  hạn  lưu  trú),  đây là  số  ngày  mà  người  thân  được  phép ở  lại  khi  đến  Đài  Loan .  Nếu  quá  thời hạn,  cũng  sẽ  bị  phạt  từ  10 . 000  đến 50 . 000  Đài  tệ,  đồng  thời  trong  vòng tối  đa  7  năm  không  được  phép  đến Đài  Loan . 提醒：學生常見的觸犯法律行為 請注意!觸犯法律遭判刑會影響居留權 ，也會影響讀書。很多學生認為自己 不會犯法，但你知道嗎?酒後騎車是犯法、把銀行帳戶借給別人犯罪觸犯詐 欺罪、吵架氣憤與人互相毆打的傷害罪、吸食或販賣毒品案件等等，都是過 去曾經發生的犯法行為，這些NG行為都會害你不能留在臺灣! Nhắc nhở: một số hành vi vi phạm pháp luật sinh viên thường mắc phải Hãy chú ý! Việc bị kết án do vi phạm pháp luật sẽ ảnh hưởng đến quyền cư trú và việc học của bạn. Có rất nhiều sinh viên cho rằng bản thân không vi phạm pháp luật, tuy nhiên bạn có biết']","Sorry, I am not sure about it. Maybe you could turn to OIA for help.",0.0,0.0,0.0,Qwen3_no_think
"Is smoking allowed anywhere on the CCU campus, and what is the maximum fine for violating this rule?","['University has the most beautiful campus in Taiwan, and  comprehensive sports facilities. Our outdoor facilities include: 12 tennis courts,  6 volleyball courts, 6 basketball courts, a soccer field, a softball field, a baseball  field, golf driving range, track, and swimming pool. We also have a large  gymnasium that houses weight training equipment, bowling center, table tennis  courts, squash racquet courts, and etc.      CCU Campus Life    34      Driver’s license  If you want to drive in Taiwan, you must have a driving license. It’s left- hand  drive in Taiwan. You may either takes the exam for driver’s license or  change your home country driving license to Taiwan driving license at  Directorate General of Highways, MOTC. Please note that it is illegal to drive  without a valid driving license. The maximum penalty is NT$24,000 for both  motorcycles and cars. For further information about driving license, please  do not hesitate to visit the website at https://www.mvdis.gov.tw/m3-emv- eng/    Required', 'Facilities  National Chung Cheng University has the most beautiful campus in Taiwan, and  comprehensive sports facilities. Our outdoor facilities include: 12 tennis courts,  6 volleyball courts, 6 basketball courts, a soccer field, a softball field, a baseball  field, go lf driving range, track, and swimming pool. We also have a large  gymnasium that houses weight training equipment, bowling center, table tennis  courts, squash racquet courts, and etc.      CCU Campus Life    34      Driver’s license  If you want to drive in Taiwan, you must have a driving license. It’s left- hand  drive in Taiwan. You may either takes the exam for driver’s license or  change your home country driving license to Taiwan driving license at  Directorate General of Highways, MOTC. Please note that it is illegal to drive  without a valid driving license. The maximum penalty is NT$24,000 for both  motorcycles and cars. For further information about driving license, please  do not hesitate to visit the website at', 'Facilities  National Chung Cheng University has the most beautiful campus in Taiwan, and  comprehensive sports facilities. Our outdoor facilities include: 12 tennis courts,  6 volleyball courts, 6 basketball courts, a soccer field, a softball field, a baseball  field, go lf driving range, track, and swimming pool. We also have a large  gymnasium that houses weight training equipment, bowling center, table tennis  courts, squash racquet courts, and etc.      CCU Campus Life    34      Driver’s license  If you want to drive in Taiwan, you must have a driving license. It’s left- hand  drive in Taiwan. You may either takes the exam for driver’s license or  change your home country driving license to Taiwan driving license at  Directorate General of Highways, MOTC. Please note that it is illegal to drive  without a valid driving license. The maximum penalty is NT$24,000 for both  motorcycles and cars. For further information about driving license, please  do not hesitate to visit the website at']","Sorry, I am not sure about it. Maybe you could turn to OIA for help.",0.0,0.0,0.0,Qwen3_no_think
how to apply for post office account?,"['Apply for the Financial Account of Post Office    You have to apply for a financial account  of Post Offic e in CCU  if you  never have any one in Taiwan.    Just follow the instructions step by step as below:  1. Get your ARC ready.  2. Make a stamp of your CHINESE NAME  (1) Go to the bookstore, which is located at the Student Activity Center,  just next to the Family Mart(a', 'Apply for the Financial Account of Post Office    You have to apply for a financial account  of Post Offic e in CCU  if you  never have any one in Taiwan.    Just follow the instructions step by step as below:  1. Get your ARC ready.  2. Make a stamp of your CHINESE NAME  (1) Go to the bookstore, which is located at the Student Activity Center,  just next to the Family Mart(a', 'CRS-I form, and   NTD 100 to the Post Office in CCU to apply for your financial   account of Post Office.']","To apply for a Post Office financial account at CCU:

1. Prepare your ARC.
2. Create a stamp of your Chinese name.
3. Visit the bookstore at the Student Activity Center (next to Family Mart).
4. Obtain the CRS-I form and NTD 100.
5. Submit to the Post Office in CCU.",1.0,0.7337774354924608,0.9999999999666667,Qwen3_no_think
what document should I provide to apply for a post office account?,"['CRS-I form, and   NTD 100 to the Post Office in CCU to apply for your financial   account of Post Office.', 'CRS-I form, and   NTD 100 to the Post Office in CCU to apply for your financial   account of Post Office.', 'Apply for the Financial Account of Post Office    You have to apply for a financial account  of Post Offic e in CCU  if you  never have any one in Taiwan.    Just follow the instructions step by step as below:  1. Get your ARC ready.  2. Make a stamp of your CHINESE NAME  (1) Go to the bookstore, which is located at the Student Activity Center,  just next to the Family Mart(a']","To apply for a post office account at CCU, you need to provide the CRS-I form and NTD 100 to the Post Office in CCU. Follow these steps: 1. Get your ARC ready. 2. Make a stamp of your CHINESE NAME. 3. Go to the bookstore near the Student Activity Center to complete the process.",0.75,0.7499823839852368,0.99999999995,Qwen3_no_think
What types of specialist clinics are available near CCU in Minxiong Township?,"['The Minxiong area around National Chung Cheng University has many clinics that can handle most common or chronic conditions, including rehabilitation medicine, ENT, ophthalmology, dentistry, dermatology, and gynecology. These clinics are mostly located in Minxiong town and are easy to reach from campus. They are suitable for issues such as colds, skin problems, toothaches, and', 'Rd., Dalin  Township, Chiayi County 622,  Taiwan  (05) 264-8000  (ext. 5920, 5921)  https://dalin.tzuchi- healthcare.org.tw/   Chiayi Christian  Hospital  No.539, Zhongxiao Rd., East  Dist, Chiayi City 600, Taiwan (05) 2764994 http://elearn2.cych.org.tw /1900/en/index.php  Chang Gung  Memorial Hospital  (Chiayi)  No.8, Sec. W., Jiapu Rd., Puzi  City, Chiayi County 613, Taiwan (05) 3621000 https://www.cgmh.org.tw/e ng/about/system  St. Martin De Porres  Hospital  No.565, Sec. 2, Daya Rd., East  Dist., Chiayi City 600, Taiwan (05) 2756555 https://www.stm.org.tw/s tm_en/  Huider Clinic  No. 281, Sec 1, University Road,  Minxiong Township, Chiayi  County 621, Taiwan  (05) 2721665 https://www.facebook.com /wedeclinic?locale=zh_TW CCU Campus Life    28        Eating-out  Besides enjoying your meals on campus restaurants, you also can find more  restaurants off the campus. For example, walking straight from the front gate of  CCU, you will find many restaurants, stands along two sides of the roads.  Furthermore,', '(Dalin)  No.2, Minsheng Rd., Dalin  Township, Chiayi County 622,  Taiwan  (05) 264-8000  (ext. 5920, 5921)  https://dalin.tzuchi- healthcare.org.tw/   Chiayi Christian  Hospital  No.539, Zhongxiao Rd., East  Dist, Chiayi City 600, Taiwan (05) 2764994 http://elearn2.cych.org.tw /1900/en/index.php  Chang Gung  Memorial Hospital  (Chiayi)  No.8, Sec. W., Jiapu Rd., Puzi  City, Chiayi County 613, Taiwan (05) 3621000 https://www.cgmh.org.tw/e ng/about/system  St. Martin De Porres  Hospital  No.565, Sec. 2, Daya Rd., East  Dist., Chiayi City 600, Taiwan (05) 2756555 https://www.stm.org.tw/s tm_en/  Huider Clinic  No. 281, Sec 1, University Road,  Minxiong Township, Chiayi  County 621, Taiwan  (05) 2721665 https://www.facebook.com /wedeclinic?locale=zh_TW CCU Campus Life    28        Eating-out  Besides enjoying your meals on campus restaurants, you also can find more  restaurants off the campus. For example, walking straight from the front gate of  CCU, you will find many restaurants, stands along two sides of']","The Minxiong area around National Chung Cheng University has specialist clinics offering rehabilitation medicine, ENT, ophthalmology, dentistry, dermatology, and gynecology services. These clinics are located in Minxiong town and are accessible from campus. Specific clinics include Huider Clinic in Minxiong Township. For more details, contact the clinics directly.",1.0,0.8414185704903735,0.9999999999666667,Qwen3_no_think
Which hospitals in Chiayi City can CCU students visit for more serious medical conditions?,"['If more comprehensive examinations, hospitalization, or treatment for serious conditions are required, you can visit large hospitals in Chiayi City, such as Chiayi Christian Hospital, Dalin Tzu Chi Hospital, or St. Martin De Porres Hospital. These hospitals have complete facilities and departments and provide emergency and specialist medical services.', 'For most students, visiting a clinic in Minxiong first is more convenient for minor issues, while going to a hospital in Chiayi City is recommended for more serious conditions.', '(Dalin)  No.2, Minsheng Rd., Dalin  Township, Chiayi County 622,  Taiwan  (05) 264-8000  (ext. 5920, 5921)  https://dalin.tzuchi- healthcare.org.tw/   Chiayi Christian  Hospital  No.539, Zhongxiao Rd., East  Dist, Chiayi City 600, Taiwan (05) 2764994 http://elearn2.cych.org.tw /1900/en/index.php  Chang Gung  Memorial Hospital  (Chiayi)  No.8, Sec. W., Jiapu Rd., Puzi  City, Chiayi County 613, Taiwan (05) 3621000 https://www.cgmh.org.tw/e ng/about/system  St. Martin De Porres  Hospital  No.565, Sec. 2, Daya Rd., East  Dist., Chiayi City 600, Taiwan (05) 2756555 https://www.stm.org.tw/s tm_en/  Huider Clinic  No. 281, Sec 1, University Road,  Minxiong Township, Chiayi  County 621, Taiwan  (05) 2721665 https://www.facebook.com /wedeclinic?locale=zh_TW CCU Campus Life    28        Eating-out  Besides enjoying your meals on campus restaurants, you also can find more  restaurants off the campus. For example, walking straight from the front gate of  CCU, you will find many restaurants, stands along two sides of']","For more serious medical conditions, CCU students should visit large hospitals in Chiayi City such as Chiayi Christian Hospital, Dalin Tzu Chi Hospital, or St. Martin De Porres Hospital. These hospitals offer comprehensive examinations, hospitalization, and specialist services. For minor issues, visiting a clinic in Minxiong first is recommended.",1.0,0.730851309542314,0.9999999999666667,Qwen3_no_think
What are the steps to apply for a postal financial account at the CCU Post Office?,"['Apply for the Financial Account of Post Office    You have to apply for a financial account  of Post Offic e in CCU  if you  never have any one in Taiwan.    Just follow the instructions step by step as below:  1. Get your ARC ready.  2. Make a stamp of your CHINESE NAME  (1) Go to the bookstore, which is located at the Student Activity Center,  just next to the Family Mart(a', 'Apply for the Financial Account of Post Office    You have to apply for a financial account  of Post Offic e in CCU  if you  never have any one in Taiwan.    Just follow the instructions step by step as below:  1. Get your ARC ready.  2. Make a stamp of your CHINESE NAME  (1) Go to the bookstore, which is located at the Student Activity Center,  just next to the Family Mart(a', 'CRS-I form, and   NTD 100 to the Post Office in CCU to apply for your financial   account of Post Office.']","To apply for a postal financial account at CCU Post Office:

1. Prepare your ARC.
2. Create a stamp of your Chinese name.
3. Visit the bookstore at the Student Activity Center (next to Family Mart).
4. Obtain the CRS-I form and NTD 100.
5. Submit to the Post Office in CCU.",1.0,0.9985144894618339,0.99999999995,Qwen3_no_think
How long does it take to process a postal account application at CCU after submitting documents?,"['Apply for the Financial Account of Post Office    You have to apply for a financial account  of Post Offic e in CCU  if you  never have any one in Taiwan.    Just follow the instructions step by step as below:  1. Get your ARC ready.  2. Make a stamp of your CHINESE NAME  (1) Go to the bookstore, which is located at the Student Activity Center,  just next to the Family Mart(a', 'Apply for the Financial Account of Post Office    You have to apply for a financial account  of Post Offic e in CCU  if you  never have any one in Taiwan.    Just follow the instructions step by step as below:  1. Get your ARC ready.  2. Make a stamp of your CHINESE NAME  (1) Go to the bookstore, which is located at the Student Activity Center,  just next to the Family Mart(a', 'CRS-I form, and   NTD 100 to the Post Office in CCU to apply for your financial   account of Post Office.']","Sorry, I am not sure about it. Maybe you could turn to OIA for help.",0.0,0.0,0.0,Qwen3_no_think
How much does a bachelor's student pay per semester for a quad dormitory room at CCU?,"['On-campus dormitory fees at CCU vary by building and room type, but overall they are generally affordable for students.\n\nFor master’s dormitories in Buildings A to D, which are double-occupancy non-suite rooms, the dormitory fee is about NT$7,210 per semester. In addition, there is a one-time deposit of NT$1,600, prepaid electricity of about NT$1,500 for the first semester and about NT$500 for the second semester, and a separate internet fee of NT$1,000 per semester.', '33,000 (3,500 ~ 5,500 per month)  Computer lab fee  Bachelor 1,155 / Master 460 per semester  only pay for it in the first year (two semesters)  Living Expenses  around 54,000 (9,000 per month)  *Actual expenses depend on consumption habits of each person.  Currency Unit: NT (NT$31.40=US$1)  based on the rate on 2026/12/29      10                                03  Accommodation Accommodation    11     1. On-campus accommodation is guaranteed for international students. The first- year-students don’t need to apply; the CCU Office of International Affairs will  arrange it for you . However, your dormitory room will be assigned ; you are  unable to choose your own rooms or roommates.  2. Your dormitory room is not equipped with mattress, pillow, and quilt.  3. Besides the dormitory fee, each one of you has to pay a residence deposit of  NT$1,600 and an electricity cha rge of NT$ 2,000, a total of NT$3, 600 (not  included in CCU scholarship). You will get an IC card saved with NT$1,000 to use  for the', '33,000 (3,500 ~ 5,500 per month)  Computer lab fee  Bachelor 1,155 / Master 460 per semester  only pay for it in the first year (two semesters)  Living Expenses  around 54,000 (9,000 per month)  *Actual expenses depend on consumption habits of each person.  Currency Unit: NT (NT$31.40=US$1)  based on the rate on 2026/12/29      10                                03  Accommodation Accommodation    11     1. On-campus accommodation is guaranteed for international students. The first- year-students don’t need to apply; the CCU Office of International Affairs will  arrange it for you . However, your dormitory room will be assigned ; you are  unable to choose your own rooms or roommates.  2. Your dormitory room is not equipped with mattress, pillow, and quilt.  3. Besides the dormitory fee, each one of you has to pay a residence deposit of  NT$1,600 and an electricity cha rge of NT$ 2,000, a total of NT$3, 600 (not  included in CCU scholarship). You will get an IC card saved with NT$1,000 to use  for the']","Bachelor's students pay a dormitory fee of NT$7,210 per semester for master’s dormitories in Buildings A to D. Additional costs include a one-time deposit of NT$1,600, prepaid electricity of NT$1,500 for the first semester and NT$500 for the second, and an internet fee of NT$1,000 per semester. Total additional charges are NT$3,600.",0.8333333333333334,0.7060722274242252,0.5833333333041666,Qwen3_no_think
What is the per-semester accommodation fee for a master's student in a twin room at CCU?,"['On-campus dormitory fees at CCU vary by building and room type, but overall they are generally affordable for students.\n\nFor master’s dormitories in Buildings A to D, which are double-occupancy non-suite rooms, the dormitory fee is about NT$7,210 per semester. In addition, there is a one-time deposit of NT$1,600, prepaid electricity of about NT$1,500 for the first semester and about NT$500 for the second semester, and a separate internet fee of NT$1,000 per semester.', '33,000 (3,500 ~ 5,500 per month)  Computer lab fee  Bachelor 1,155 / Master 460 per semester  only pay for it in the first year (two semesters)  Living Expenses  around 54,000 (9,000 per month)  *Actual expenses depend on consumption habits of each person.  Currency Unit: NT (NT$31.40=US$1)  based on the rate on 2026/12/29      10                                03  Accommodation Accommodation    11     1. On-campus accommodation is guaranteed for international students. The first- year-students don’t need to apply; the CCU Office of International Affairs will  arrange it for you . However, your dormitory room will be assigned ; you are  unable to choose your own rooms or roommates.  2. Your dormitory room is not equipped with mattress, pillow, and quilt.  3. Besides the dormitory fee, each one of you has to pay a residence deposit of  NT$1,600 and an electricity cha rge of NT$ 2,000, a total of NT$3, 600 (not  included in CCU scholarship). You will get an IC card saved with NT$1,000 to use  for the', '33,000 (3,500 ~ 5,500 per month)  Computer lab fee  Bachelor 1,155 / Master 460 per semester  only pay for it in the first year (two semesters)  Living Expenses  around 54,000 (9,000 per month)  *Actual expenses depend on consumption habits of each person.  Currency Unit: NT (NT$31.40=US$1)  based on the rate on 2026/12/29      10                                03  Accommodation Accommodation    11     1. On-campus accommodation is guaranteed for international students. The first- year-students don’t need to apply; the CCU Office of International Affairs will  arrange it for you . However, your dormitory room will be assigned ; you are  unable to choose your own rooms or roommates.  2. Your dormitory room is not equipped with mattress, pillow, and quilt.  3. Besides the dormitory fee, each one of you has to pay a residence deposit of  NT$1,600 and an electricity cha rge of NT$ 2,000, a total of NT$3, 600 (not  included in CCU scholarship). You will get an IC card saved with NT$1,000 to use  for the']","The per-semester accommodation fee for a master's student in a twin room at CCU is NT$7,210. Additional costs include a one-time deposit of NT$1,600, prepaid electricity of NT$1,500 for the first semester and NT$500 for the second, and an internet fee of NT$1,000 per semester.",1.0,0.974477568432473,0.9999999999666667,Qwen3_no_think
How much does a PhD student pay per semester for an independent studio dormitory room at CCU?,"['On-campus dormitory fees at CCU vary by building and room type, but overall they are generally affordable for students.\n\nFor master’s dormitories in Buildings A to D, which are double-occupancy non-suite rooms, the dormitory fee is about NT$7,210 per semester. In addition, there is a one-time deposit of NT$1,600, prepaid electricity of about NT$1,500 for the first semester and about NT$500 for the second semester, and a separate internet fee of NT$1,000 per semester.', '33,000 (3,500 ~ 5,500 per month)  Computer lab fee  Bachelor 1,155 / Master 460 per semester  only pay for it in the first year (two semesters)  Living Expenses  around 54,000 (9,000 per month)  *Actual expenses depend on consumption habits of each person.  Currency Unit: NT (NT$31.40=US$1)  based on the rate on 2026/12/29      10                                03  Accommodation Accommodation    11     1. On-campus accommodation is guaranteed for international students. The first- year-students don’t need to apply; the CCU Office of International Affairs will  arrange it for you . However, your dormitory room will be assigned ; you are  unable to choose your own rooms or roommates.  2. Your dormitory room is not equipped with mattress, pillow, and quilt.  3. Besides the dormitory fee, each one of you has to pay a residence deposit of  NT$1,600 and an electricity cha rge of NT$ 2,000, a total of NT$3, 600 (not  included in CCU scholarship). You will get an IC card saved with NT$1,000 to use  for the', '33,000 (3,500 ~ 5,500 per month)  Computer lab fee  Bachelor 1,155 / Master 460 per semester  only pay for it in the first year (two semesters)  Living Expenses  around 54,000 (9,000 per month)  *Actual expenses depend on consumption habits of each person.  Currency Unit: NT (NT$31.40=US$1)  based on the rate on 2026/12/29      10                                03  Accommodation Accommodation    11     1. On-campus accommodation is guaranteed for international students. The first- year-students don’t need to apply; the CCU Office of International Affairs will  arrange it for you . However, your dormitory room will be assigned ; you are  unable to choose your own rooms or roommates.  2. Your dormitory room is not equipped with mattress, pillow, and quilt.  3. Besides the dormitory fee, each one of you has to pay a residence deposit of  NT$1,600 and an electricity cha rge of NT$ 2,000, a total of NT$3, 600 (not  included in CCU scholarship). You will get an IC card saved with NT$1,000 to use  for the']","The retrieved context does not provide specific information about the cost for a PhD student's independent studio dormitory room at CCU. It mentions fees for master’s dormitories and other expenses but does not specify studio rooms or PhD-specific costs. Therefore, it is not possible to determine the exact amount based on the given information.",1.0,0.0,0.0,Qwen3_no_think
What MRT stations at Taoyuan Airport should students board from to reach HSR Taoyuan Station?,"['HSR Taoyuan to HSR Chiayi Board at HSR Taoyuan Station ，Get off at HSR Chiayi Station You can buy HSR tickets on-site at the station or book online :    👉 https://en.thsrc.com.tw/  🚇  HSR Chiayi Station to CCU (BUS:Route 106) Board at HSR Chiayi Station ，Get off at CCU To check bus routes, schedules, and real-time info, visit: https://www.taiwanbus.tw/eBUSPage/Query/QueryResult.as px?rno=07460&rn=1669878703021&lan=E 1.Take MRT (Red Line) → From Kaohsiung Airport Station (R4)    →  Zuoying Station (R16) 2.Take Taiwan High-Speed Rail (HSR)（ ~ 30 minutes/NT$410 ） From HSR Zuoying →  to HSR Chiayi 3.From HSR Chiayi Station to CCU: Option 1: Taxi (~25 minutes / ~BELOW NT$1,000) Option 2: Bus (Route 106)(~1 hour 20 minutes / ~NT$120) 2.FROM KAOHSIUNG AIRPORT (KHH) TO CCU STEPS:🚇  Kaohsiung Airport MRT( ~30 minutes/ ~NT$35) Board at Kaohsiung International Airport (R4)  Get off at Zuoying（ R16) 🚇  HSR Zuoying to HSR Chiayi Board at HSR Zuoying Station ，Get off at HSR Chiayi Station You can buy HSR tickets on-site', 'HSR Taoyuan to HSR Chiayi Board at HSR Taoyuan Station ，Get off at HSR Chiayi Station You can buy HSR tickets on-site at the station or book online :    👉 https://en.thsrc.com.tw/  🚇  HSR Chiayi Station to CCU (BUS:Route 106) Board at HSR Chiayi Station ，Get off at CCU To check bus routes, schedules, and real-time info, visit: https://www.taiwanbus.tw/eBUSPage/Query/QueryResult.as px?rno=07460&rn=1669878703021&lan=E 1.Take MRT (Red Line) → From Kaohsiung Airport Station (R4)    →  Zuoying Station (R16) 2.Take Taiwan High-Speed Rail (HSR)（ ~ 30 minutes/NT$410 ） From HSR Zuoying →  to HSR Chiayi 3.From HSR Chiayi Station to CCU: Option 1: Taxi (~25 minutes / ~BELOW NT$1,000) Option 2: Bus (Route 106)(~1 hour 20 minutes / ~NT$120) 2.FROM KAOHSIUNG AIRPORT (KHH) TO CCU STEPS:🚇  Kaohsiung Airport MRT( ~30 minutes/ ~NT$35) Board at Kaohsiung International Airport (R4)  Get off at Zuoying（ R16) 🚇  HSR Zuoying to HSR Chiayi Board at HSR Zuoying Station ，Get off at HSR Chiayi Station You can buy HSR tickets on-site', 'HSR Taoyuan to HSR Chiayi Board at HSR Taoyuan Station ，Get off at HSR Chiayi Station You can buy HSR tickets on-site at the station or book online :    👉 https://en.thsrc.com.tw/  🚇  HSR Chiayi Station to CCU (BUS:Route 106) Board at HSR Chiayi Station ，Get off at CCU To check bus routes, schedules, and real-time info, visit: https://www.taiwanbus.tw/eBUSPage/Query/QueryResult.as px?rno=07460&rn=1669878703021&lan=E 1.Take MRT (Red Line) → From Kaohsiung Airport Station (R4)    →  Zuoying Station (R16) 2.Take Taiwan High-Speed Rail (HSR)（ ~ 30 minutes/NT$410 ） From HSR Zuoying →  to HSR Chiayi 3.From HSR Chiayi Station to CCU: Option 1: Taxi (~25 minutes / ~BELOW NT$1,000) Option 2: Bus (Route 106)(~1 hour 20 minutes / ~NT$120) 2.FROM KAOHSIUNG AIRPORT (KHH) TO CCU STEPS:🚇  Kaohsiung Airport MRT( ~30 minutes/ ~NT$35) Board at Kaohsiung International Airport (R4)  Get off at Zuoying（ R16) 🚇  HSR Zuoying to HSR Chiayi Board at HSR Zuoying Station ，Get off at HSR Chiayi Station You can buy HSR tickets on-site']","To reach HSR Taoyuan Station from Taoyuan Airport, students should board the MRT (Red Line) at Taoyuan Airport Station (R4) and travel to HSR Taoyuan Station (R16).",0.0,0.9031046968505949,0.9999999999666667,Qwen3_no_think
Which MRT station should students get off at when traveling from Taoyuan Airport to the HSR station?,"['HSR Taoyuan to HSR Chiayi Board at HSR Taoyuan Station ，Get off at HSR Chiayi Station You can buy HSR tickets on-site at the station or book online :    👉 https://en.thsrc.com.tw/  🚇  HSR Chiayi Station to CCU (BUS:Route 106) Board at HSR Chiayi Station ，Get off at CCU To check bus routes, schedules, and real-time info, visit: https://www.taiwanbus.tw/eBUSPage/Query/QueryResult.as px?rno=07460&rn=1669878703021&lan=E 1.Take MRT (Red Line) → From Kaohsiung Airport Station (R4)    →  Zuoying Station (R16) 2.Take Taiwan High-Speed Rail (HSR)（ ~ 30 minutes/NT$410 ） From HSR Zuoying →  to HSR Chiayi 3.From HSR Chiayi Station to CCU: Option 1: Taxi (~25 minutes / ~BELOW NT$1,000) Option 2: Bus (Route 106)(~1 hour 20 minutes / ~NT$120) 2.FROM KAOHSIUNG AIRPORT (KHH) TO CCU STEPS:🚇  Kaohsiung Airport MRT( ~30 minutes/ ~NT$35) Board at Kaohsiung International Airport (R4)  Get off at Zuoying（ R16) 🚇  HSR Zuoying to HSR Chiayi Board at HSR Zuoying Station ，Get off at HSR Chiayi Station You can buy HSR tickets on-site', 'HSR Taoyuan to HSR Chiayi Board at HSR Taoyuan Station ，Get off at HSR Chiayi Station You can buy HSR tickets on-site at the station or book online :    👉 https://en.thsrc.com.tw/  🚇  HSR Chiayi Station to CCU (BUS:Route 106) Board at HSR Chiayi Station ，Get off at CCU To check bus routes, schedules, and real-time info, visit: https://www.taiwanbus.tw/eBUSPage/Query/QueryResult.as px?rno=07460&rn=1669878703021&lan=E 1.Take MRT (Red Line) → From Kaohsiung Airport Station (R4)    →  Zuoying Station (R16) 2.Take Taiwan High-Speed Rail (HSR)（ ~ 30 minutes/NT$410 ） From HSR Zuoying →  to HSR Chiayi 3.From HSR Chiayi Station to CCU: Option 1: Taxi (~25 minutes / ~BELOW NT$1,000) Option 2: Bus (Route 106)(~1 hour 20 minutes / ~NT$120) 2.FROM KAOHSIUNG AIRPORT (KHH) TO CCU STEPS:🚇  Kaohsiung Airport MRT( ~30 minutes/ ~NT$35) Board at Kaohsiung International Airport (R4)  Get off at Zuoying（ R16) 🚇  HSR Zuoying to HSR Chiayi Board at HSR Zuoying Station ，Get off at HSR Chiayi Station You can buy HSR tickets on-site', 'HSR Taoyuan to HSR Chiayi Board at HSR Taoyuan Station ，Get off at HSR Chiayi Station You can buy HSR tickets on-site at the station or book online :    👉 https://en.thsrc.com.tw/  🚇  HSR Chiayi Station to CCU (BUS:Route 106) Board at HSR Chiayi Station ，Get off at CCU To check bus routes, schedules, and real-time info, visit: https://www.taiwanbus.tw/eBUSPage/Query/QueryResult.as px?rno=07460&rn=1669878703021&lan=E 1.Take MRT (Red Line) → From Kaohsiung Airport Station (R4)    →  Zuoying Station (R16) 2.Take Taiwan High-Speed Rail (HSR)（ ~ 30 minutes/NT$410 ） From HSR Zuoying →  to HSR Chiayi 3.From HSR Chiayi Station to CCU: Option 1: Taxi (~25 minutes / ~BELOW NT$1,000) Option 2: Bus (Route 106)(~1 hour 20 minutes / ~NT$120) 2.FROM KAOHSIUNG AIRPORT (KHH) TO CCU STEPS:🚇  Kaohsiung Airport MRT( ~30 minutes/ ~NT$35) Board at Kaohsiung International Airport (R4)  Get off at Zuoying（ R16) 🚇  HSR Zuoying to HSR Chiayi Board at HSR Zuoying Station ，Get off at HSR Chiayi Station You can buy HSR tickets on-site']","To travel from Taoyuan Airport to the HSR station, students should take the HSR from Taoyuan Station to HSR Chiayi Station. From there, they can take Bus Route 106 to CCU. The MRT Red Line is not directly involved in this route.",0.3333333333333333,0.7371070298447523,0.5833333333041666,Qwen3_no_think
"How long does the HSR journey from Taoyuan to Chiayi take, and what is the approximate fare?","['HSR Taoyuan to HSR Chiayi Board at HSR Taoyuan Station ，Get off at HSR Chiayi Station You can buy HSR tickets on-site at the station or book online :    👉 https://en.thsrc.com.tw/  🚇  HSR Chiayi Station to CCU (BUS:Route 106) Board at HSR Chiayi Station ，Get off at CCU To check bus routes, schedules, and real-time info, visit: https://www.taiwanbus.tw/eBUSPage/Query/QueryResult.as px?rno=07460&rn=1669878703021&lan=E 1.Take MRT (Red Line) → From Kaohsiung Airport Station (R4)    →  Zuoying Station (R16) 2.Take Taiwan High-Speed Rail (HSR)（ ~ 30 minutes/NT$410 ） From HSR Zuoying →  to HSR Chiayi 3.From HSR Chiayi Station to CCU: Option 1: Taxi (~25 minutes / ~BELOW NT$1,000) Option 2: Bus (Route 106)(~1 hour 20 minutes / ~NT$120) 2.FROM KAOHSIUNG AIRPORT (KHH) TO CCU STEPS:🚇  Kaohsiung Airport MRT( ~30 minutes/ ~NT$35) Board at Kaohsiung International Airport (R4)  Get off at Zuoying（ R16) 🚇  HSR Zuoying to HSR Chiayi Board at HSR Zuoying Station ，Get off at HSR Chiayi Station You can buy HSR tickets on-site', 'HSR Taoyuan to HSR Chiayi Board at HSR Taoyuan Station ，Get off at HSR Chiayi Station You can buy HSR tickets on-site at the station or book online :    👉 https://en.thsrc.com.tw/  🚇  HSR Chiayi Station to CCU (BUS:Route 106) Board at HSR Chiayi Station ，Get off at CCU To check bus routes, schedules, and real-time info, visit: https://www.taiwanbus.tw/eBUSPage/Query/QueryResult.as px?rno=07460&rn=1669878703021&lan=E 1.Take MRT (Red Line) → From Kaohsiung Airport Station (R4)    →  Zuoying Station (R16) 2.Take Taiwan High-Speed Rail (HSR)（ ~ 30 minutes/NT$410 ） From HSR Zuoying →  to HSR Chiayi 3.From HSR Chiayi Station to CCU: Option 1: Taxi (~25 minutes / ~BELOW NT$1,000) Option 2: Bus (Route 106)(~1 hour 20 minutes / ~NT$120) 2.FROM KAOHSIUNG AIRPORT (KHH) TO CCU STEPS:🚇  Kaohsiung Airport MRT( ~30 minutes/ ~NT$35) Board at Kaohsiung International Airport (R4)  Get off at Zuoying（ R16) 🚇  HSR Zuoying to HSR Chiayi Board at HSR Zuoying Station ，Get off at HSR Chiayi Station You can buy HSR tickets on-site', 'HSR Taoyuan to HSR Chiayi Board at HSR Taoyuan Station ，Get off at HSR Chiayi Station You can buy HSR tickets on-site at the station or book online :    👉 https://en.thsrc.com.tw/  🚇  HSR Chiayi Station to CCU (BUS:Route 106) Board at HSR Chiayi Station ，Get off at CCU To check bus routes, schedules, and real-time info, visit: https://www.taiwanbus.tw/eBUSPage/Query/QueryResult.as px?rno=07460&rn=1669878703021&lan=E 1.Take MRT (Red Line) → From Kaohsiung Airport Station (R4)    →  Zuoying Station (R16) 2.Take Taiwan High-Speed Rail (HSR)（ ~ 30 minutes/NT$410 ） From HSR Zuoying →  to HSR Chiayi 3.From HSR Chiayi Station to CCU: Option 1: Taxi (~25 minutes / ~BELOW NT$1,000) Option 2: Bus (Route 106)(~1 hour 20 minutes / ~NT$120) 2.FROM KAOHSIUNG AIRPORT (KHH) TO CCU STEPS:🚇  Kaohsiung Airport MRT( ~30 minutes/ ~NT$35) Board at Kaohsiung International Airport (R4)  Get off at Zuoying（ R16) 🚇  HSR Zuoying to HSR Chiayi Board at HSR Zuoying Station ，Get off at HSR Chiayi Station You can buy HSR tickets on-site']","The HSR journey from Taoyuan to Chiayi takes approximately 30 minutes, with a fare of NT$410.",1.0,0.9883433462808502,0.9999999999666667,Qwen3_no_think
What are the two options for getting from HSR Chiayi Station to CCU?,"['Step 3: From THSR Chiayi Station, choose one of the following ways to reach CCU:\n- Option A: Taxi — Around NT$600. Most convenient, especially if you have luggage.\n- Option B: Bus 106 — Around NT$113. Board at the bus stop outside the HSR station and get off at the CCU stop.', 'After arriving at THSR Chiayi Station, you can go to CCU by taxi or bus. Both options are easy to use, so you can choose based on your time and budget.', 'YOUR GUIDE TO CCUWelcome to Taiwan! Your Guide to Reaching  National Chung Cheng University (CCU) ✈  For new international students  🧭  Step-by-step travel guide from Taiwan Airports to CCU  🎓  Let’s begin your journey!From Taoyuan Airport to CCU 1.FROM TAOYUAN AIRPORT (TPE)  TO CCU 2.FROM  KAOHSIUNG AIRPORT (KHH)  TO CCU1.Take MRT (Airport MRT) → From Terminal 1 (A12) / 2 (A13)  to     HSR Taoyuan Station (A18)  2.Take Taiwan High-Speed Rail (HSR)(~1 hour 20 minutes /NT$920) From HSR Taoyuan → to HSR Chiayi 3.From HSR Chiayi Station to CCU: Option 1: Taxi (~25 minutes / ~BELOW NT$1,000) Option 2: Bus (Route 106)(~1 hour 20 minutes / ~NT$120) 1.FROM TAOYUAN AIRPORT (TPE) TO CCU STEPS:🚇  Taoyuan Airport MRT( ~20 minutes/ ~NT$35) Board at Terminal 1 (A12) or Terminal 2 (A13) Get off at A18: HSR Taoyuan Station 🚇  HSR Taoyuan to HSR Chiayi Board at HSR Taoyuan Station ，Get off at HSR Chiayi Station You can buy HSR tickets on-site at the station or book online :    👉 https://en.thsrc.com.tw/  🚇  HSR Chiayi']","The two options for getting from HSR Chiayi Station to CCU are:

- **Option A: Taxi** — Costs around NT$600, most convenient, especially with luggage.
- **Option B: Bus 106** — Costs around NT$113, board at the bus stop outside HSR station and get off at CCU stop.",1.0,0.9999999999999996,0.9999999999666667,Qwen3_no_think
"How long does Bus Route 106 take from HSR Chiayi Station to CCU, and what is the approximate fare?","['Step 1: National Chung Cheng University (CCU) to THSR Chiayi Station\n\n● Boarding Point (Bus): ""Activity Center Bus Shelter"". Take Taiwan Trip Route 106 (Towards THSR Chiayi Station).\n● Boarding Point (Taxi): ""Main Gate"" taxi stand. Take a taxi directly to the High Speed Rail station.\n● Fare: Bus approx. NT$ 60-80; Taxi approx. NT$ 600-800.', 'Step 1: National Chung Cheng University (CCU) to THSR Chiayi Station\n\n● Boarding Point (Bus): ""Activity Center Bus Shelter"". Take Taiwan Trip Route 106 (Towards THSR Chiayi Station).\n● Boarding Point (Taxi): ""Main Gate"" taxi stand. Take a taxi directly to the High Speed Rail station.\n● Fare: Bus approx. NT$ 60-80; Taxi approx. NT$ 600-800.', '- Taxi: Around NT$600. This is convenient if you have heavy luggage.\n- Bus 106: Around NT$113. Board at the bus stop outside the HSR station and get off at the CCU stop.']",The bus route 106 from HSR Chiayi Station to CCU takes approximately 30-40 minutes. The fare is around NT$113.,0.0,0.9859712287060365,0.0,Qwen3_no_think
Which MRT line and stations should students use to travel from Kaohsiung Airport to the HSR station?,"['HSR Taoyuan to HSR Chiayi Board at HSR Taoyuan Station ，Get off at HSR Chiayi Station You can buy HSR tickets on-site at the station or book online :    👉 https://en.thsrc.com.tw/  🚇  HSR Chiayi Station to CCU (BUS:Route 106) Board at HSR Chiayi Station ，Get off at CCU To check bus routes, schedules, and real-time info, visit: https://www.taiwanbus.tw/eBUSPage/Query/QueryResult.as px?rno=07460&rn=1669878703021&lan=E 1.Take MRT (Red Line) → From Kaohsiung Airport Station (R4)    →  Zuoying Station (R16) 2.Take Taiwan High-Speed Rail (HSR)（ ~ 30 minutes/NT$410 ） From HSR Zuoying →  to HSR Chiayi 3.From HSR Chiayi Station to CCU: Option 1: Taxi (~25 minutes / ~BELOW NT$1,000) Option 2: Bus (Route 106)(~1 hour 20 minutes / ~NT$120) 2.FROM KAOHSIUNG AIRPORT (KHH) TO CCU STEPS:🚇  Kaohsiung Airport MRT( ~30 minutes/ ~NT$35) Board at Kaohsiung International Airport (R4)  Get off at Zuoying（ R16) 🚇  HSR Zuoying to HSR Chiayi Board at HSR Zuoying Station ，Get off at HSR Chiayi Station You can buy HSR tickets on-site', 'HSR Taoyuan to HSR Chiayi Board at HSR Taoyuan Station ，Get off at HSR Chiayi Station You can buy HSR tickets on-site at the station or book online :    👉 https://en.thsrc.com.tw/  🚇  HSR Chiayi Station to CCU (BUS:Route 106) Board at HSR Chiayi Station ，Get off at CCU To check bus routes, schedules, and real-time info, visit: https://www.taiwanbus.tw/eBUSPage/Query/QueryResult.as px?rno=07460&rn=1669878703021&lan=E 1.Take MRT (Red Line) → From Kaohsiung Airport Station (R4)    →  Zuoying Station (R16) 2.Take Taiwan High-Speed Rail (HSR)（ ~ 30 minutes/NT$410 ） From HSR Zuoying →  to HSR Chiayi 3.From HSR Chiayi Station to CCU: Option 1: Taxi (~25 minutes / ~BELOW NT$1,000) Option 2: Bus (Route 106)(~1 hour 20 minutes / ~NT$120) 2.FROM KAOHSIUNG AIRPORT (KHH) TO CCU STEPS:🚇  Kaohsiung Airport MRT( ~30 minutes/ ~NT$35) Board at Kaohsiung International Airport (R4)  Get off at Zuoying（ R16) 🚇  HSR Zuoying to HSR Chiayi Board at HSR Zuoying Station ，Get off at HSR Chiayi Station You can buy HSR tickets on-site', 'HSR Taoyuan to HSR Chiayi Board at HSR Taoyuan Station ，Get off at HSR Chiayi Station You can buy HSR tickets on-site at the station or book online :    👉 https://en.thsrc.com.tw/  🚇  HSR Chiayi Station to CCU (BUS:Route 106) Board at HSR Chiayi Station ，Get off at CCU To check bus routes, schedules, and real-time info, visit: https://www.taiwanbus.tw/eBUSPage/Query/QueryResult.as px?rno=07460&rn=1669878703021&lan=E 1.Take MRT (Red Line) → From Kaohsiung Airport Station (R4)    →  Zuoying Station (R16) 2.Take Taiwan High-Speed Rail (HSR)（ ~ 30 minutes/NT$410 ） From HSR Zuoying →  to HSR Chiayi 3.From HSR Chiayi Station to CCU: Option 1: Taxi (~25 minutes / ~BELOW NT$1,000) Option 2: Bus (Route 106)(~1 hour 20 minutes / ~NT$120) 2.FROM KAOHSIUNG AIRPORT (KHH) TO CCU STEPS:🚇  Kaohsiung Airport MRT( ~30 minutes/ ~NT$35) Board at Kaohsiung International Airport (R4)  Get off at Zuoying（ R16) 🚇  HSR Zuoying to HSR Chiayi Board at HSR Zuoying Station ，Get off at HSR Chiayi Station You can buy HSR tickets on-site']","To travel from Kaohsiung Airport to HSR station:

1. Take MRT (Red Line) from **Kaohsiung Airport Station (R4)** to **Zuoying Station (R16)**.
2. Transfer to Taiwan High-Speed Rail (HSR) at **HSR Zuoying Station** to reach **HSR Chiayi Station**.",1.0,0.7319630378862146,0.9999999999666667,Qwen3_no_think
"How long does the Kaohsiung Airport MRT ride to Zuoying Station take, and what is the approximate fare?","['Method 1: Kaohsiung MRT → High-Speed Rail → CCU (fastest and most reliable)\nStep 1: Take the Kaohsiung MRT Red Line from Kaohsiung International Airport Station (R4) to Zuoying Station (R16). The fare is around NT$50. After arriving at Zuoying, walk directly to THSR Zuoying Station.\nStep 2: Take the High-Speed Rail from THSR Zuoying to THSR Chiayi Station. The fare is around NT$410.\nStep 3: From THSR Chiayi Station, choose one of the following ways to reach CCU:', 'Step 2: THSR Chiayi Station to THSR Zuoying Station\n\n● Route: Take a Southbound THSR train to Zuoying Station.\n● Fare: Approx. NT$ 410.\n\nStep 3: THSR Zuoying Station to Kaohsiung International Airport (KHH)\n\n● Route: Transfer to Kaohsiung MRT Red Line (Towards Siaogang). Alight at ""R4 Kaohsiung International Airport"".\n● Fare: NT$ 50.', 'Step 1: Kaohsiung International Airport (KHH) to THSR Zuoying Station\n\n● Boarding Point: MRT ""R4 Kaohsiung International Airport"" Station (B1/B2).\n● Route: Take the Kaohsiung MRT Red Line (Towards Gangshan) to ""R16 Zuoying Station"".\n● Fare: NT$ 50.\n\nStep 2: THSR Zuoying Station to THSR Chiayi Station\n\n● Route: Take a Northbound THSR train to Chiayi Station.\n● Fare: Approx. NT$ 410.']",The ride from Kaohsiung International Airport Station (R4) to Zuoying Station (R16) on the Kaohsiung MRT Red Line takes approximately 20-25 minutes. The approximate fare is NT$50.,0.5,0.8899856318948518,0.8333333332916666,Qwen3_no_think
"How long does the HSR journey from Zuoying to Chiayi take, and what is the approximate fare?","['HSR Taoyuan to HSR Chiayi Board at HSR Taoyuan Station ，Get off at HSR Chiayi Station You can buy HSR tickets on-site at the station or book online :    👉 https://en.thsrc.com.tw/  🚇  HSR Chiayi Station to CCU (BUS:Route 106) Board at HSR Chiayi Station ，Get off at CCU To check bus routes, schedules, and real-time info, visit: https://www.taiwanbus.tw/eBUSPage/Query/QueryResult.as px?rno=07460&rn=1669878703021&lan=E 1.Take MRT (Red Line) → From Kaohsiung Airport Station (R4)    →  Zuoying Station (R16) 2.Take Taiwan High-Speed Rail (HSR)（ ~ 30 minutes/NT$410 ） From HSR Zuoying →  to HSR Chiayi 3.From HSR Chiayi Station to CCU: Option 1: Taxi (~25 minutes / ~BELOW NT$1,000) Option 2: Bus (Route 106)(~1 hour 20 minutes / ~NT$120) 2.FROM KAOHSIUNG AIRPORT (KHH) TO CCU STEPS:🚇  Kaohsiung Airport MRT( ~30 minutes/ ~NT$35) Board at Kaohsiung International Airport (R4)  Get off at Zuoying（ R16) 🚇  HSR Zuoying to HSR Chiayi Board at HSR Zuoying Station ，Get off at HSR Chiayi Station You can buy HSR tickets on-site', 'HSR Taoyuan to HSR Chiayi Board at HSR Taoyuan Station ，Get off at HSR Chiayi Station You can buy HSR tickets on-site at the station or book online :    👉 https://en.thsrc.com.tw/  🚇  HSR Chiayi Station to CCU (BUS:Route 106) Board at HSR Chiayi Station ，Get off at CCU To check bus routes, schedules, and real-time info, visit: https://www.taiwanbus.tw/eBUSPage/Query/QueryResult.as px?rno=07460&rn=1669878703021&lan=E 1.Take MRT (Red Line) → From Kaohsiung Airport Station (R4)    →  Zuoying Station (R16) 2.Take Taiwan High-Speed Rail (HSR)（ ~ 30 minutes/NT$410 ） From HSR Zuoying →  to HSR Chiayi 3.From HSR Chiayi Station to CCU: Option 1: Taxi (~25 minutes / ~BELOW NT$1,000) Option 2: Bus (Route 106)(~1 hour 20 minutes / ~NT$120) 2.FROM KAOHSIUNG AIRPORT (KHH) TO CCU STEPS:🚇  Kaohsiung Airport MRT( ~30 minutes/ ~NT$35) Board at Kaohsiung International Airport (R4)  Get off at Zuoying（ R16) 🚇  HSR Zuoying to HSR Chiayi Board at HSR Zuoying Station ，Get off at HSR Chiayi Station You can buy HSR tickets on-site', 'HSR Taoyuan to HSR Chiayi Board at HSR Taoyuan Station ，Get off at HSR Chiayi Station You can buy HSR tickets on-site at the station or book online :    👉 https://en.thsrc.com.tw/  🚇  HSR Chiayi Station to CCU (BUS:Route 106) Board at HSR Chiayi Station ，Get off at CCU To check bus routes, schedules, and real-time info, visit: https://www.taiwanbus.tw/eBUSPage/Query/QueryResult.as px?rno=07460&rn=1669878703021&lan=E 1.Take MRT (Red Line) → From Kaohsiung Airport Station (R4)    →  Zuoying Station (R16) 2.Take Taiwan High-Speed Rail (HSR)（ ~ 30 minutes/NT$410 ） From HSR Zuoying →  to HSR Chiayi 3.From HSR Chiayi Station to CCU: Option 1: Taxi (~25 minutes / ~BELOW NT$1,000) Option 2: Bus (Route 106)(~1 hour 20 minutes / ~NT$120) 2.FROM KAOHSIUNG AIRPORT (KHH) TO CCU STEPS:🚇  Kaohsiung Airport MRT( ~30 minutes/ ~NT$35) Board at Kaohsiung International Airport (R4)  Get off at Zuoying（ R16) 🚇  HSR Zuoying to HSR Chiayi Board at HSR Zuoying Station ，Get off at HSR Chiayi Station You can buy HSR tickets on-site']",The HSR journey from Zuoying to Chiayi takes approximately 30 minutes with a fare of NT$410.,1.0,0.9884123750904399,0.9999999999666667,Qwen3_no_think
Where can students buy HSR tickets when traveling to CCU?,"[""Board at Kaohsiung International Airport (R4)  Get off at Zuoying（ R16) 🚇  HSR Zuoying to HSR Chiayi Board at HSR Zuoying Station ，Get off at HSR Chiayi Station You can buy HSR tickets on-site at the station or book online :    👉 https://en.thsrc.com.tw/  🚇  HSR Chiayi Station to CCU (BUS:Route 106) Board at HSR Chiayi Station ，Get off at CCU To check bus routes, schedules, and real-time info, visit: https://www.taiwanbus.tw/eBUSPage/Query/QueryResult.as px?rno=07460&rn=1669878703021&lan=E R4 R16 That's all for today! See you on our next adventure!"", ""Board at Kaohsiung International Airport (R4)  Get off at Zuoying（ R16) 🚇  HSR Zuoying to HSR Chiayi Board at HSR Zuoying Station ，Get off at HSR Chiayi Station You can buy HSR tickets on-site at the station or book online :    👉 https://en.thsrc.com.tw/  🚇  HSR Chiayi Station to CCU (BUS:Route 106) Board at HSR Chiayi Station ，Get off at CCU To check bus routes, schedules, and real-time info, visit: https://www.taiwanbus.tw/eBUSPage/Query/QueryResult.as px?rno=07460&rn=1669878703021&lan=E R4 R16 That's all for today! See you on our next adventure!"", 'HSR Taoyuan to HSR Chiayi Board at HSR Taoyuan Station ，Get off at HSR Chiayi Station You can buy HSR tickets on-site at the station or book online :    👉 https://en.thsrc.com.tw/  🚇  HSR Chiayi Station to CCU (BUS:Route 106) Board at HSR Chiayi Station ，Get off at CCU To check bus routes, schedules, and real-time info, visit: https://www.taiwanbus.tw/eBUSPage/Query/QueryResult.as px?rno=07460&rn=1669878703021&lan=E 1.Take MRT (Red Line) → From Kaohsiung Airport Station (R4)    →  Zuoying Station (R16) 2.Take Taiwan High-Speed Rail (HSR)（ ~ 30 minutes/NT$410 ） From HSR Zuoying →  to HSR Chiayi 3.From HSR Chiayi Station to CCU: Option 1: Taxi (~25 minutes / ~BELOW NT$1,000) Option 2: Bus (Route 106)(~1 hour 20 minutes / ~NT$120) 2.FROM KAOHSIUNG AIRPORT (KHH) TO CCU STEPS:🚇  Kaohsiung Airport MRT( ~30 minutes/ ~NT$35) Board at Kaohsiung International Airport (R4)  Get off at Zuoying（ R16) 🚇  HSR Zuoying to HSR Chiayi Board at HSR Zuoying Station ，Get off at HSR Chiayi Station You can buy HSR tickets on-site']","Students can buy HSR tickets on-site at the station or book online via https://en.thsrc.com.tw/. For travel to CCU, after arriving at HSR Chiayi Station, take Bus Route 106 to CCU. To check bus routes, schedules, and real-time info, visit https://www.taiwanbus.tw/eBUSPage/Query/QueryResult.as px?rno=07460&rn=1669878703021&lan=E.",1.0,0.8382479607354173,0.9999999999666667,Qwen3_no_think
What bus route runs between HSR Chiayi Station and CCU?,"['Step 3: From THSR Chiayi Station, choose one of the following ways to reach CCU:\n- Option A: Taxi — Around NT$600. Most convenient, especially if you have luggage.\n- Option B: Bus 106 — Around NT$113. Board at the bus stop outside the HSR station and get off at the CCU stop.', 'After arriving at THSR Chiayi Station, you can go to CCU by taxi or bus. Both options are easy to use, so you can choose based on your time and budget.', 'HSR Taoyuan to HSR Chiayi Board at HSR Taoyuan Station ，Get off at HSR Chiayi Station You can buy HSR tickets on-site at the station or book online :    👉 https://en.thsrc.com.tw/  🚇  HSR Chiayi Station to CCU (BUS:Route 106) Board at HSR Chiayi Station ，Get off at CCU To check bus routes, schedules, and real-time info, visit: https://www.taiwanbus.tw/eBUSPage/Query/QueryResult.as px?rno=07460&rn=1669878703021&lan=E 1.Take MRT (Red Line) → From Kaohsiung Airport Station (R4)    →  Zuoying Station (R16) 2.Take Taiwan High-Speed Rail (HSR)（ ~ 30 minutes/NT$410 ） From HSR Zuoying →  to HSR Chiayi 3.From HSR Chiayi Station to CCU: Option 1: Taxi (~25 minutes / ~BELOW NT$1,000) Option 2: Bus (Route 106)(~1 hour 20 minutes / ~NT$120) 2.FROM KAOHSIUNG AIRPORT (KHH) TO CCU STEPS:🚇  Kaohsiung Airport MRT( ~30 minutes/ ~NT$35) Board at Kaohsiung International Airport (R4)  Get off at Zuoying（ R16) 🚇  HSR Zuoying to HSR Chiayi Board at HSR Zuoying Station ，Get off at HSR Chiayi Station You can buy HSR tickets on-site']",The bus route between HSR Chiayi Station and CCU is Route 106. Board at the bus stop outside HSR Chiayi Station and get off at the CCU stop. The fare is approximately NT$113.,1.0,0.9454822006980487,0.8333333332916666,Qwen3_no_think
How many hours per week are international students in Taiwan allowed to work with a valid work permit during the semester?,"['CCU.  4. For more regulation, please refer to - Ministry of Labor Employment Service  Act   Registration  4.7 Guides for Part-time Jobs  OFF/ON Campus    24       IV. Other Related Regulations:  1. The status of international students in Taiwan should be in accordance  with the regulations of Ministry of Education.  2. According to the “Regulations on the Permission and Administration of  the Employment of Foreign Workers”, the applicants can apply for the  student work permit only if they are officially enrolled as a degree  student in any university or have taken one -year language course in  Taiwan.  3. The period validity of a work permit is six months at most.  4. For applications made in the Fall semester, the work permit is valid until  March 31st of the next semester; for applications made in the Spring  semester, the work permit is valid until September 30th of the same   year.  5. The maximum work hours are 20 hours per week , except during  summer and winter vacation.  6. Workforce Development', 'CCU.  4. For more regulation, please refer to - Ministry of Labor Employment Service  Act   Registration  4.7 Guides for Part-time Jobs  OFF/ON Campus    24       IV. Other Related Regulations:  1. The status of international students in Taiwan should be in accordance  with the regulations of Ministry of Education.  2. According to the “Regulations on the Permission and Administration of  the Employment of Foreign Workers”, the applicants can apply for the  student work permit only if they are officially enrolled as a degree  student in any university or have taken one -year language course in  Taiwan.  3. The period validity of a work permit is six months at most.  4. For applications made in the Fall semester, the work permit is valid until  March 31st of the next semester; for applications made in the Spring  semester, the work permit is valid until September 30th of the same   year.  5. The maximum work hours are 20 hours per week , except during  summer and winter vacation.  6. Workforce Development', 'regulation, please refer to - Ministry of Labor Employment Service  Act   Registration  4.7 Guides for Part-time Jobs  OFF/ON Campus    24       IV. Other Related Regulations:  1. The status of international students in Taiwan should be in accordance  with the regulations of Ministry of Education.  2. According to the “Regulations on the Permission and Administration of  the Employment of Foreign Workers”, the applicants can apply for the  student work permit only if they are officially enrolled as a degree  student in any university or have tak en one -year language course in  Taiwan.  3. The period validity of a work permit is six months at most.  4. For applications made in the Fall semester, the work permit is valid until  March 31st of the next semester; for applications made in the Spring  semester, the work permit is valid until September 30th of the same   year.  5. The maximum work hours are 20 hours per week , except during  summer and winter vacation.  6. Workforce Development Agency has the right']","The maximum work hours for international students in Taiwan with a valid work permit are 20 hours per week during the semester, except during summer and winter vacations. The work permit validity period is up to six months, with specific dates depending on the semester of application.",1.0,0.9375228929006627,0.9999999999666667,Qwen3_no_think
How long must a foreign student studying a language course in Taiwan wait before applying for a work permit?,"['in Taiwan 來臺正式入學修習 科、系、所課程之 僑生、港澳生及外國留學生 ，入學後 即可申請，惟來臺學習語言課程 之外 國留學生，則須修業6個月以上，方可 提出申請。 Foreign and overseas compatriot students  or those from Macau and Hong Kong can  apply to work after officially enrolling on  courses  at  a college,  university  or  graduate  school  in Taiwan . However,   foreign students who study languages in  Taiwan can only file an application after  studying for a minimum of six months. 2. 申請方式： How to apply 工作許可有效期間最長為1年，工作時間每星期以20小時為限 (寒暑假除外) Work permits are valid for a', 'in Taiwan 來臺正式入學修習 科、系、所課程之 僑生、港澳生及外國留學生 ，入學後 即可申請，惟來臺學習語言課程 之外 國留學生，則須修業6個月以上，方可 提出申請。 Foreign and overseas compatriot students  or those from Macau and Hong Kong can  apply to work after officially enrolling on  courses  at  a college,  university  or  graduate  school  in Taiwan . However,   foreign students who study languages in  Taiwan can only file an application after  studying for a minimum of six months. 2. 申請方式： How to apply 工作許可有效期間最長為1年，工作時間每星期以20小時為限 (寒暑假除外) Work permits are valid for a', 'CCU.  4. For more regulation, please refer to - Ministry of Labor Employment Service  Act   Registration  4.7 Guides for Part-time Jobs  OFF/ON Campus    24       IV. Other Related Regulations:  1. The status of international students in Taiwan should be in accordance  with the regulations of Ministry of Education.  2. According to the “Regulations on the Permission and Administration of  the Employment of Foreign Workers”, the applicants can apply for the  student work permit only if they are officially enrolled as a degree  student in any university or have taken one -year language course in  Taiwan.  3. The period validity of a work permit is six months at most.  4. For applications made in the Fall semester, the work permit is valid until  March 31st of the next semester; for applications made in the Spring  semester, the work permit is valid until September 30th of the same   year.  5. The maximum work hours are 20 hours per week , except during  summer and winter vacation.  6. Workforce Development']","Foreign students studying language courses in Taiwan must wait 6 months before applying for a work permit. They can apply after completing at least 6 months of study. Work permits are valid for up to 1 year, with a maximum of 20 hours of work per week (excluding holidays).",0.6,0.8980592756118547,0.9999999999666667,Qwen3_no_think
What is the deadline for submitting an application for the CCU student emergency relief fund after an incident occurs?,"['Step 4: Pay attention to the application deadline. Claims can be filed within 2 years from the date of the accident. However, the university recommends allowing at least 30 days for processing and avoiding late submissions.', '(Wed.)  Deadline for submitting “Cut-off book for not participating in students  group insurance”  繳交「不參加學生團體保險切結書」截止日  2025.10.17 (Fri.) Standard of one-third school days.  學生申請休、退學退費上課達 1/3 基準日       CCU’s Calendar for Fall Semester 2025  國立中正大學 114 學年度第 1 學期行事曆     5   Date 日期 Event  行事  2025.10.25 (Sat.) Sports Day for the Celebration of CCU’s Anniversary 校慶運動會  2025.10.31 (Fri.)  Minor and double major application Cancellation.   放棄輔系、雙主修申請截止日  2025.11.03 (Mon.) ~  2025.11.9 (Sun.)  Midterm exam week 期中考週  2025.11.10(Mon.) ~  2025.12.08(Mon.)  Course drop-out application period for 2025 Fall semester 棄選申請  2025.11.28 (Fri.) Standard of two-thirds school days 學生申請休、退學退費上課達 2/3 基準日  2025.12.15 (Mon.)  Application for Graduate Students’ Degree Examination in Fall Semester  Ends.  第一學期研究生學位考試申請截止  2025.12.22 (Mon.)~  2025.12.26 (Fri.)  First course selection for Spring Semester 2026  第 2 學期第一階段選課  2025.12.22 (Mon.) ~  2025.12.28 (Sun.)  Instructors at CCU can arrange their classes to accommodate flexible', 'to CCU and we are looking forward to seeing you on campus soon.    Best regards,    Office of International Affairs  National Chung Cheng University        Welcome to CCU!          3    01  CCU’s Calendar  for  Spring Semester  2026  CCU’s Calendar for Spring Semester 2026 國立中正大學 114 學年度第 2 學期行事曆  4  The academic calendar for CCU(114 學年度行事曆) is available at this website.  https://oia.ccu.edu.tw/p/405-1008-63090,c1425.php?Lang=en  Date 日期 Event  行事  2026.02.20 (Mon.)  Spring semester begins 第 2 學期開始 Dormitory move-in day 學生宿舍進住日  2026.02.23 (Mon.) New Student Registration 新生註冊  2026.02.23 (Mon.) ~ 2026.03.06 (Fri.)  First Course Selection for New Students (including Special Programs) 新生(含專班)第一階段選課  2026.02.25 (Wed.) 2026 Spring welcome orientation for international students 新生說明會  2026.02.27 (Fri.) ~ 2026.02.28 (Sat.)  Peace Memorial Day (day off) 二二八和平紀念日(放假)  2026.03.16 (Mon.)  Deadline for Students to Submit ""Waiver of Student Group Insurance"" 繳交「不參加學生團體保險切結書」截止日  2026.04.01 (Wed.)  Deadline for']",The deadline for submitting an application for the CCU student emergency relief fund after an incident occurs is within 2 years from the date of the accident. The university recommends allowing at least 30 days for processing and avoiding late submissions.,0.6666666666666666,0.9561316177557074,0.9999999999,Qwen3_no_think
How much emergency relief can a CCU student receive if they are hospitalized for more than seven days due to injury or illness?,"['Students may borrow home-use audiovisual materials from the CCU Library, with a maximum of 4 items at a time. The loan period for these materials is 7 days.\n\nIf audiovisual materials are needed for student clubs or events and are approved by the relevant units, public-performance versions may also be borrowed according to library regulations.', 'Expenses  around 54,000 (9,000 per month)  *Actual expenses depend on consumption habits of each person.  Currency Unit: NT (NT$28.89=US$1)           based on the rate on 2025/7/03      10                                03  Accommodation Accommodation    11     1. On-campus accommodation is guaranteed for international students. The first- year-students don’t need to apply; the CCU Office of International Affairs will  arrange it for you . However, your dormitory room will be assigned ; you are  unable to choose your own rooms or roommates.  2. Your dormitory room is not equipped with mattress, pillow, and quilt.  3. Besides the dormitory fee, each one of  you has to pay a residence deposit of  NT$1,600 and an electricity cha rge of NT$ 2,000, a total of NT$3, 600 (not  included in CCU scholarship). You will get an IC card saved with NT$1,000 to use  for the electricity cost of your room. If the amount of NT$1,000 runs out, you  should go to the Dormitory Service Center, with your card & money, to recharge', 'items, specifically  the ""Residence or Settlement Health Check-up Items Form”.  You can find two kinds of form in handbook or the website.    Information for   Health Examination    52              6. Further Details:   For more information, please refer to the Health and Welfare Section\'s  webpage or follow their Facebook/Instagram.       Information for   Health Examination    53            On-campus health Examination    What When Remark  Do a health check to  complete the CCU  student Health  Examination  114.09.03 (Wed)  09:00-10:00    * Please come before  10:00.  Mandatory for every new student  Fees: NTD$630    Documents required:  ⚫ Your passport  ⚫ CCU student Health Examination form    If you miss the health check that we arrange  on campus, you must go to the hospital by  yourself. The fees will be more expensive.      Health Check-up Instructions  1. Please be sure to bring the health check-up form and fill out the self-reported  sections on the front. For the 3 days prior to the check-up,']","Sorry, I am not sure about it. Maybe you could turn to OIA for help.",0.0,0.0,0.0,Qwen3_no_think
Can a student apply for the CCU emergency relief fund if they have already received emergency assistance from another government program?,"['The Student Group Insurance at National Chung Cheng University is a group insurance plan that provides basic coverage for enrolled students. As long as you have student status at CCU, including students on leave, you may choose to enroll voluntarily. Enrollment is not mandatory, but the university encourages participation to ensure students have basic financial protection in case of accidents or hospitalization.', 'In emergency situations where you receive treatment at a non-NHI-contracted hospital, you may apply for reimbursement afterward according to NHI regulations.', ""supplementary tests on-site at  the on-campus check-up.   ✓ If you are unable to attend the on-campus check-up, please submit (or mail)  the documents to the Health and Welfare Section directly. Please do not  send them to other offices , as health check -up reports contain sensitive  personal information, and the schoo l will not be responsible for any data  leaks or loss during the process.   5. Fasting Requirement:   Before going to the off -campus hospital, please ask the hospital's check -up  department whether fasting is required, as this could affect the check -up  process.            Information for   Health Examination    56          Health Examination for CCU and ARC  In order to follow government policy, after you register in CCU, you have to  go to the hospital to do your health examination as soon as possible and  provide the health examination report to the Health Center of C CU. Also, in  order to apply for ARC , you must provide your health examination report.  Please complete both health""]","Sorry, I am not sure about it. Maybe you could turn to OIA for help.",0.0,0.0,0.0,Qwen3_no_think
How many working days does it take for the Taiwan Workforce Development Agency to review a work permit application?,"['regulation, please refer to - Ministry of Labor Employment Service  Act   Registration  4.7 Guides for Part-time Jobs  OFF/ON Campus    24       IV. Other Related Regulations:  1. The status of international students in Taiwan should be in accordance  with the regulations of Ministry of Education.  2. According to the “Regulations on the Permission and Administration of  the Employment of Foreign Workers”, the applicants can apply for the  student work permit only if they are officially enrolled as a degree  student in any university or have tak en one -year language course in  Taiwan.  3. The period validity of a work permit is six months at most.  4. For applications made in the Fall semester, the work permit is valid until  March 31st of the next semester; for applications made in the Spring  semester, the work permit is valid until September 30th of the same   year.  5. The maximum work hours are 20 hours per week , except during  summer and winter vacation.  6. Workforce Development Agency has the right', 'CCU.  4. For more regulation, please refer to - Ministry of Labor Employment Service  Act   Registration  4.7 Guides for Part-time Jobs  OFF/ON Campus    24       IV. Other Related Regulations:  1. The status of international students in Taiwan should be in accordance  with the regulations of Ministry of Education.  2. According to the “Regulations on the Permission and Administration of  the Employment of Foreign Workers”, the applicants can apply for the  student work permit only if they are officially enrolled as a degree  student in any university or have taken one -year language course in  Taiwan.  3. The period validity of a work permit is six months at most.  4. For applications made in the Fall semester, the work permit is valid until  March 31st of the next semester; for applications made in the Spring  semester, the work permit is valid until September 30th of the same   year.  5. The maximum work hours are 20 hours per week , except during  summer and winter vacation.  6. Workforce Development', 'CCU.  4. For more regulation, please refer to - Ministry of Labor Employment Service  Act   Registration  4.7 Guides for Part-time Jobs  OFF/ON Campus    24       IV. Other Related Regulations:  1. The status of international students in Taiwan should be in accordance  with the regulations of Ministry of Education.  2. According to the “Regulations on the Permission and Administration of  the Employment of Foreign Workers”, the applicants can apply for the  student work permit only if they are officially enrolled as a degree  student in any university or have taken one -year language course in  Taiwan.  3. The period validity of a work permit is six months at most.  4. For applications made in the Fall semester, the work permit is valid until  March 31st of the next semester; for applications made in the Spring  semester, the work permit is valid until September 30th of the same   year.  5. The maximum work hours are 20 hours per week , except during  summer and winter vacation.  6. Workforce Development']","Sorry, I am not sure about it. Maybe you could turn to OIA for help.",0.0,0.0,0.0,Qwen3_no_think
Through which online platform can employers submit a work permit application for foreign students in Taiwan?,"['1. 適用對象：Applicable to 3. 許可期間、工讀時數：      Permitted work time with a valid work permit 僑外生申請工作許可，應採線上申辦，經由「外國專業人員工 作許可申辦網」(https://ezwp.wda.gov.tw) 提出申請 Foreign and Overseas  Compatriot  students  can apply for a work  permit online through the “Work permit for foreign professional worker  portal” at (https://ezwp.wda.gov.tw) 一、僑外生就學期間工讀          Foreign Students Working While Studying in Taiwan 來臺正式入學修習 科、系、所課程之 僑生、港澳生及外國留學生 ，入學後 即可申請，惟來臺學習語言課程 之外 國留學生，則須修業6個月以上，方可 提出申請。 Foreign and overseas compatriot', '1. 適用對象：Applicable to 3. 許可期間、工讀時數：      Permitted work time with a valid work permit 僑外生申請工作許可，應採線上申辦，經由「外國專業人員工 作許可申辦網」(https://ezwp.wda.gov.tw) 提出申請 Foreign and Overseas  Compatriot  students  can apply for a work  permit online through the “Work permit for foreign professional worker  portal” at (https://ezwp.wda.gov.tw) 一、僑外生就學期間工讀          Foreign Students Working While Studying in Taiwan 來臺正式入學修習 科、系、所課程之 僑生、港澳生及外國留學生 ，入學後 即可申請，惟來臺學習語言課程 之外 國留學生，則須修業6個月以上，方可 提出申請。 Foreign and overseas compatriot', '● 雇主於「外國專業人員工作許可申辦網」提出申請 Employer submit application through Online application system (https://ezwp.wda.gov.tw).  ● 自勞動部收受案件次日起７個工作日審核完成 Complete reviewing in 7 working days(counting from the day after the application has been received.) ● 申辦網首頁備有中英文版操作手冊及教學影片等連結 User manual and demo video are available on the homepage of the website. ◆ 網路申辦 Application submitted online 外國專業人員工作許可—諮詢電話 Foreign Professional Work Permit Service Line (Workforce Development Agency) 02-8995-6000 四、申請工作許可的方式 Ways to Apply 36申辦網入口 https://ezwp.wda.gov.tw ◆ 外國專業人員工作許可申辦網 EZ Work Permit 資料來源:勞動部外國專業人員工作許可申辦網 四、申請工作許可的方式 Ways to Apply 37四、申請工作許可的方式 Ways to Apply ◆ 外國專業人員工作許可申辦網 EZ Work Permit 38http://ezworktaiwan.wda.gov.tw/ 畢業僑外生留臺工作 Overseas Chinese or  Foreign Student  Graduated in R.O.C. to  work in Taiwan 外國專業人員工作許可查詢及文件下載資訊 Foreign Professional Work Permit information and related  documents  提供中文/英文版本 Chinese/English version ◆ 勞動部：外國人在臺工作服務網 資料來源:勞動部外國人在臺工作服務網 Ministry of Labor: EZ Work Taiwan 五、更多相關資訊 More Relevant Information']","Employers can submit a work permit application for foreign students in Taiwan through the “外國專業人員工作許可申辦網” (https://ezwp.wda.gov.tw). This online platform allows employers to apply for work permits, with the process taking up to 7 working days after the Ministry of Labor receives the application. The website provides Chinese and English versions of manuals and instructional videos.",0.8333333333333334,0.9131894103002027,0.9999999999666667,Qwen3_no_think
When must an employed international student in Taiwan start participating in NHI?,"['Newly arrived international students or overseas Chinese students must have resided in Taiwan continuously for six months before becoming eligible to join NHI.\n\nThe six-month period is calculated from the date the residence permit is issued. During this period, you may leave Taiwan only once, and the total number of days abroad must not exceed 29 days in total.', 'to apply for either one of them. Please refer to the following website for  details: https://www.nhi.gov.tw/en/mp-2.html    I. Short-term Medical and Injury Insurance  According to Article 21 of the MOE Regulations Regarding International Students  Undertaking Studies in Taiwan, ""At the time of registration a new international student  shall present proof of a medical and injury insurance policy which is valid for at least 6  months from the date the student enters Taiwan. Current student shall present written  proof that they have jo ined Taiwan’s the National Health Insurance Plan. The above- mentioned written proof of insurance issued in foreign country shall be verified by the  ‘Overseas Agencies’.”  Since you can only get NHI after 6 months of your arrival, in order to safeguard your right  to health care during the first 6 months, we help you get medical insurance at first that  can cover your medical procedures in Taiwan.    II. National Health Insurance (NHI)  It is necessary to apply National Health', 'to apply for either one of them. Please refer to the following website for  details: https://www.nhi.gov.tw/en/mp-2.html    I. Short-term Medical and Injury Insurance  According to Article 21 of the MOE Regulations Regarding International Students  Undertaking Studies in Taiwan, ""At the time of registration a new international student  shall present proof of a medical and injury insurance policy which is valid for at least 6  months from the date the student enters Taiwan. Current student shall present written  proof that they have jo ined Taiwan’s the National Health Insurance Plan. The above- mentioned written proof of insurance issued in foreign country shall be verified by the  ‘Overseas Agencies’.”  Since you can only get NHI after 6 months of your arrival, in order to safeguard your right  to health care during the first 6 months, we help you get medical insurance at first that  can cover your medical procedures in Taiwan.    II. National Health Insurance (NHI)  It is necessary to apply National Health']","International students must reside in Taiwan continuously for six months before joining NHI. The six-month period starts from the date the residence permit is issued. During this time, they may leave Taiwan once, but total days abroad must not exceed 29 days.",1.0,0.8575524639887281,0.9999999999666667,Qwen3_no_think
How much is the monthly NHI self-payment amount for a regular international (foreign) student in Taiwan?,"['The current NHI premium for international students is NT$826 per month.\n\nThe school will include the premium in your semester tuition and fees bill, which you pay during registration.\n\nFor the first semester, premiums are charged from September to February of the following year. For the second semester, premiums are charged from March to August.', 'don’t have NHI card) /  (826*6 months, for new students who have NHI card already)  Rent   a    room  On-campus  Accommodation Fee : 7,530  (Deposit 1,600 & Electricity Fees  2,000 per semester)  Accommodation Fee :  7,210 / 10,130  (Including Winter Vacation 1,100  / Summer Vacation 2,900 in the  payment sheet per semester)  (Deposit 1,600 & Electricity  Fees 2,000 per semester)  Winter Vacation : 1,130  (Deposit 600 & Electricity Fees 500)  Summer Vacation : 3,000  (Deposit 1,000 & Electricity Fees 1,000)  Network connection fees: 1,000  (per semester for on-campus dormitory)  300  (Fees for living in the dormitory during the Chinese New Year period)  Off-campus 21,000 ~ 33,000 (3,500 ~ 5,500 per month)  Computer lab fee  Bachelor 1,155 / Master 460 per semester  only pay for it in the first year (two semesters)  Living Expenses  around 54,000 (9,000 per month)  *Actual expenses depend on consumption habits of each person.  Currency Unit: NT (NT$28.89=US$1)           based on the rate on 2025/7/03      10', '(Except for Department of  Psychology/Communications/Information  Management/Athletic Sports)      30,400      17,854      48,254  For undergraduate students who delay their study period or graduate students who enroll  from the 5th  to the last semesters, they shall pay the miscellaneous fees 20,106 and the credit  fees (3,015 per credit) with no more than 9 credits; if they take 10 credits and more then  they  shall pay for the total tuition and miscellaneous fees.    Currency Unit: NT (NT$28.89=US$1)  based on the rate on 2025/7/03          Pre-departure Checklist  2.2 Estimated Fees and Expenses  (per semester)    9           Item Undergraduate Students Graduate Students  Student Insurance Plan 313    Cathay Medical Insurance /  National Health Insurance  3,000 / 4,956  (500*6 months, for new students who don’t have NHI card) /  (826*6 months, for new students who have NHI card already)  Rent   a    room  On-campus  Accommodation Fee : 7,530  (Deposit 1,600 & Electricity Fees  2,000 per semester)']","The monthly NHI self-payment amount for a regular international student in Taiwan is NT$826. This amount is charged for six months, starting from September to February for the first semester and March to August for the second semester. The school includes this premium in the tuition and fees bill during registration.",1.0,0.9808741881077877,0.8333333332916666,Qwen3_no_think
What percentage of the NHI premium does the Ministry of Health and Welfare subsidize for international students?,"['The current NHI premium for international students is NT$826 per month.\n\nThe school will include the premium in your semester tuition and fees bill, which you pay during registration.\n\nFor the first semester, premiums are charged from September to February of the following year. For the second semester, premiums are charged from March to August.', 'Sports    34,200    20,085    54,285  College of Management  (Except for Department of Information  Management)    31,033    18,226    49,259  Other Colleges  (Except for Department of  Psychology/Communications/Information  Management/Athletic Sports)      30,400      17,854      48,254  For undergraduate students who delay their study period or graduate students who enroll  from the 5th  to the last semesters, they shall pay the miscellaneous fees 20,106 and the credit  fees (3,015 per credit) with no more than 9 credits; if they take 10 credits and more then  they  shall pay for the total tuition and miscellaneous fees.    Currency Unit: NT (NT$31.40=US$1)  based on the rate on 2026/12/29          Pre-departure Checklist  2.2 Estimated Fees and Expenses  (per semester)    9           Item Undergraduate Students Graduate Students  Student Insurance Plan 313    Cathay Medical Insurance /  National Health Insurance  3,000 / 4,956  (500*6 months, for new students who don’t have NHI card) /  (826*6 months, for', '(Except for Department of  Psychology/Communications/Information  Management/Athletic Sports)      30,400      17,854      48,254  For undergraduate students who delay their study period or graduate students who enroll  from the 5th  to the last semesters, they shall pay the miscellaneous fees 20,106 and the credit  fees (3,015 per credit) with no more than 9 credits; if they take 10 credits and more then  they  shall pay for the total tuition and miscellaneous fees.    Currency Unit: NT (NT$28.89=US$1)  based on the rate on 2025/7/03          Pre-departure Checklist  2.2 Estimated Fees and Expenses  (per semester)    9           Item Undergraduate Students Graduate Students  Student Insurance Plan 313    Cathay Medical Insurance /  National Health Insurance  3,000 / 4,956  (500*6 months, for new students who don’t have NHI card) /  (826*6 months, for new students who have NHI card already)  Rent   a    room  On-campus  Accommodation Fee : 7,530  (Deposit 1,600 & Electricity Fees  2,000 per semester)']","The retrieved context does not provide information about the percentage of NHI premium subsidized by the Ministry of Health and Welfare for international students. Sorry, I am not sure about it. Maybe you could turn to OIA for help.",0.3333333333333333,0.0,0.0,Qwen3_no_think
Who is responsible for applying for the NHI card on behalf of a newly enrolled international student for the first time?,"['Once you are eligible, the university will assist you with the NHI application.\n\nThe Office of Student Affairs will notify you by email and ask you to provide your residence permit information and a 2-inch half-body photo in digital format. The school will then apply for the NHI IC card on your behalf.', 'These documents are used to apply for or produce your NHI IC card.', 'For self-enrollment in NHI, you usually need to fill out an NHI IC card application form.\n\nYou should also prepare the original and a copy of your residence permit, as well as one recent 2-inch color photo with a white background.']","The university will apply for the NHI IC card on your behalf. The Office of Student Affairs will notify you by email and ask for your residence permit information and a 2-inch half-body photo in digital format. The school will then apply for the NHI IC card on your behalf. You need to prepare the original and a copy of your residence permit, as well as one recent 2-inch color photo with a white background.",0.8571428571428571,0.7772874114301329,0.9999999999,Qwen3_no_think
What are the ways a student can apply for a replacement or reissuance of their NHI card?,"['If your NHI IC card is lost, damaged, or needs to be replaced due to changes in personal information or your photo, you can apply for a replacement or reissuance through the NHI authority.', 'These documents are used to apply for or produce your NHI IC card.', 'Once you are eligible, the university will assist you with the NHI application.\n\nThe Office of Student Affairs will notify you by email and ask you to provide your residence permit information and a 2-inch half-body photo in digital format. The school will then apply for the NHI IC card on your behalf.']","Students can apply for a replacement or reissuance of their NHI card through the NHI authority if the card is lost, damaged, or needs updates due to personal information or photo changes. The university will assist with the application once eligible. The Office of Student Affairs notifies via email, requesting residence permit info and a 2-inch digital photo. The school then applies for the NHI IC card on behalf of the student.",1.0,0.9375773740984021,0.0,Qwen3_no_think
Within how many days of entering Taiwan must a student who entered on a Resident Visa apply for an ARC?,"['apply for a Resident VISA before coming to Taiwan, it is necessary that you apply for a  Resident VISA on your own and then the ARC.    For international students, the Alien Resident Certificate (ARC) serves as their temporary  ID card which can prove their resident status in Taiwan. Please remember to apply for the  Alien Resident Certificate at the local office of Ministry of Interior National Immigration  Agency on the next day upon arrival or within 30 days of the issue of your resident visa.  International students must apply for ARC extension within three months before the  expiration date. If the ARC expires during the summer vacation (from July to September),  students are allowed to apply for extension from the 1st of April. For over -staying  foreigners who did not apply for ARC extension, their residence will be ceased by the  authorized agency, and they may be expelled from Taiwan.    I. Required documents for applying Resident  Visa  1. A signed application form  2. The original and photocopy', 'apply for a Resident VISA before coming to Taiwan, it is necessary that you apply for a  Resident VISA on your own and then the ARC.    For international students, the Alien Resident Certificate (ARC) serves as their temporary  ID card which can prove their resident status in Taiwan. Please remember to apply for the  Alien Resident Certificate at the local office of Ministry of Interior National Immigration  Agency on the next day upon arrival or within 30 days of the issue of your resident visa.  International students must apply for ARC extension within three months before the  expiration date. If the ARC expires during the summer vacation (from July to September),  students are allowed to apply for extension from the 1st of April. For over -staying  foreigners who did not apply for ARC extension, their residence will be ceased by the  authorized agency, and they may be expelled from Taiwan.    I. Required documents for applying Resident  Visa  1. A signed application form  2. The original and photocopy', 'VISA before coming to Taiwan, it is necessary that you apply for a  Resident VISA on your own and then the ARC.    For international students, the Alien Resident Certificate (ARC) serves as their temporary  ID card which can prove their resident status in Taiwan. Please remember to apply for the  Alien Resident Certificate at the local office of Ministry of Interior National Immigration  Agency on the next day upon arrival or within 30 days of the issue of your resident visa.  International students must apply for ARC extension within three months before the  expiration date. If the ARC expires during the summer vacation (from July to September),  students are allowed to apply for extension from the 1st of April. For over -staying  foreigners who did not apply for ARC extension, their residence will be ceased by the  authorized agency, and they may be expelled from Taiwan.    I. Required documents for applying Resident  Visa  1. A signed application form  2. The original and photocopy of your passport  3.']","Within 30 days of the issue of your resident visa, you must apply for the Alien Resident Certificate (ARC). International students should apply for the ARC at the local office of the Ministry of Interior National Immigration Agency either on the next day upon arrival or within 30 days of the issue of your resident visa.",1.0,0.7262918058050277,0.9999999999666667,Qwen3_no_think
What is the fine range for failing to apply for an ARC within the required period after arriving in Taiwan on a Resident Visa?,"['International students must apply for an ARC 15 to 30 days before their Visitor Visa expires. This time window is very important. If you apply after the visa has expired, it may affect your residency status and could even require you to leave Taiwan and reapply.', 'VISA before coming to Taiwan, it is necessary that you apply for a  Resident VISA on your own and then the ARC.    For international students, the Alien Resident Certificate (ARC) serves as their temporary  ID card which can prove their resident status in Taiwan. Please remember to apply for the  Alien Resident Certificate at the local office of Ministry of Interior National Immigration  Agency on the next day upon arrival or within 30 days of the issue of your resident visa.  International students must apply for ARC extension within three months before the  expiration date. If the ARC expires during the summer vacation (from July to September),  students are allowed to apply for extension from the 1st of April. For over -staying  foreigners who did not apply for ARC extension, their residence will be ceased by the  authorized agency, and they may be expelled from Taiwan.    I. Required documents for applying Resident  Visa  1. A signed application form  2. The original and photocopy of your passport  3.', 'apply for a Resident VISA before coming to Taiwan, it is necessary that you apply for a  Resident VISA on your own and then the ARC.    For international students, the Alien Resident Certificate (ARC) serves as their temporary  ID card which can prove their resident status in Taiwan. Please remember to apply for the  Alien Resident Certificate at the local office of Ministry of Interior National Immigration  Agency on the next day upon arrival or within 30 days of the issue of your resident visa.  International students must apply for ARC extension within three months before the  expiration date. If the ARC expires during the summer vacation (from July to September),  students are allowed to apply for extension from the 1st of April. For over -staying  foreigners who did not apply for ARC extension, their residence will be ceased by the  authorized agency, and they may be expelled from Taiwan.    I. Required documents for applying Resident  Visa  1. A signed application form  2. The original and photocopy']","The fine range for failing to apply for an ARC within the required period is not specified in the retrieved context. However, it mentions that over-staying foreigners who did not apply for ARC extension may be expelled from Taiwan. For detailed information on fines, you may need to consult the official authorities.",0.6666666666666666,0.0,0.0,Qwen3_no_think
What must a student entering Taiwan on a Visitor Visa do before applying for an ARC?,"['VISA before coming to Taiwan, it is necessary that you apply for a  Resident VISA on your own and then the ARC.    For international students, the Alien Resident Certificate (ARC) serves as their temporary  ID card which can prove their resident status in Taiwan. Please remember to apply for the  Alien Resident Certificate at the local office of Ministry of Interior National Immigration  Agency on the next day upon arrival or within 30 days of the issue of your resident visa.  International students must apply for ARC extension within three months before the  expiration date. If the ARC expires during the summer vacation (from July to September),  students are allowed to apply for extension from the 1st of April. For over -staying  foreigners who did not apply for ARC extension, their residence will be ceased by the  authorized agency, and they may be expelled from Taiwan.    I. Required documents for applying Resident  Visa  1. A signed application form  2. The original and photocopy of your passport  3.', 'International students must apply for an ARC 15 to 30 days before their Visitor Visa expires. This time window is very important. If you apply after the visa has expired, it may affect your residency status and could even require you to leave Taiwan and reapply.', 'Any international student who has been formally admitted to and is enrolled in a university or college approved by Taiwan’s Ministry of Education to admit international students is eligible to apply for converting a Visitor Visa to an ARC. National Chung Cheng University is an MOE-approved institution, so international students who are officially enrolled are generally eligible to']","Before applying for an ARC, a student entering Taiwan on a Visitor Visa must first apply for a Resident Visa on their own. They must apply for the ARC within 15 to 30 days before their Visitor Visa expires. The ARC application should be done at the local office of the Ministry of Interior National Immigration Agency within 30 days of the Resident Visa issuance. Failure to apply on time may result in over-staying and potential expulsion.",0.8333333333333334,0.9571741189286217,0.99999999995,Qwen3_no_think
How much does it cost to apply for an ARC when converting from a Visitor Visa in Taiwan?,"['The basic ARC fee is NT$1,000 per year. However, if you are converting from visa-free entry or a Visitor Visa to an ARC, an additional NT$2,200 is charged according to official regulations.', 'will be ceased by the  authorized agency, and they may be expelled from Taiwan.    I. Required documents for applying Resident  Visa  1. A signed application form  2. The original and photocopy of your passport  3. The original and photocopy of the student ID card or the enrollment certificate  4. The satisfactory health examination report  5. 2 photos (4.5cm × 3.5cm)  6. Visa fee (https://www.boca.gov.tw/mp-2.html)  For more information on VISA application, please refer to the Bureau of Consular  Affairs, Ministry of Foreign Affairs Website: https://www.boca.gov.tw/mp-2.html    II. Required documents for applying Alien Resident Certificate (ARC)  1. The original and photocopy of your passport and Resident Visa  2. The original and photocopy of the student ID card with the right registered  stamp or the enrollment certificate  3. Application fee NT$1,000  4. Photo   5. ARC Application System:   https://coa.immigration.gov.tw/coa-frontend/student/entry?lang=en    Currently we have changed the application way,', 'will be ceased by the  authorized agency, and they may be expelled from Taiwan.    I. Required documents for applying Resident  Visa  1. A signed application form  2. The original and photocopy of your passport  3. The original and photocopy of the student ID card or the enrollment certificate  4. The satisfactory health examination report  5. 2 photos (4.5cm × 3.5cm)  6. Visa fee (https://www.boca.gov.tw/mp-2.html)  For more information on VISA application, please refer to the Bureau of Consular  Affairs, Ministry of Foreign Affairs Website: https://www.boca.gov.tw/mp-2.html    II. Required documents for applying Alien Resident Certificate (ARC)  1. The original and photocopy of your passport and Resident Visa  2. The original and photocopy of the student ID card with the right registered  stamp or the enrollment certificate  3. Application fee NT$1,000  4. Photo   5. ARC Application System:   https://coa.immigration.gov.tw/coa-frontend/student/entry?lang=en    Currently we have changed the application way,']","The cost to apply for an ARC when converting from a Visitor Visa in Taiwan includes an additional fee of NT$2,200 according to official regulations. The basic ARC fee is NT$1,000 per year. You must also pay the visa fee as specified on the Bureau of Consular Affairs website. For detailed information, refer to the provided links.",0.75,0.9852332757259541,0.9999999999666667,Qwen3_no_think
"What is the fine range for overstaying your ARC (Alien Resident Certificate) in Taiwan as of March 1, 2024?","['VISA before coming to Taiwan, it is necessary that you apply for a  Resident VISA on your own and then the ARC.    For international students, the Alien Resident Certificate (ARC) serves as their temporary  ID card which can prove their resident status in Taiwan. Please remember to apply for the  Alien Resident Certificate at the local office of Ministry of Interior National Immigration  Agency on the next day upon arrival or within 30 days of the issue of your resident visa.  International students must apply for ARC extension within three months before the  expiration date. If the ARC expires during the summer vacation (from July to September),  students are allowed to apply for extension from the 1st of April. For over -staying  foreigners who did not apply for ARC extension, their residence will be ceased by the  authorized agency, and they may be expelled from Taiwan.    I. Required documents for applying Resident  Visa  1. A signed application form  2. The original and photocopy of your passport  3.', 'apply for a Resident VISA before coming to Taiwan, it is necessary that you apply for a  Resident VISA on your own and then the ARC.    For international students, the Alien Resident Certificate (ARC) serves as their temporary  ID card which can prove their resident status in Taiwan. Please remember to apply for the  Alien Resident Certificate at the local office of Ministry of Interior National Immigration  Agency on the next day upon arrival or within 30 days of the issue of your resident visa.  International students must apply for ARC extension within three months before the  expiration date. If the ARC expires during the summer vacation (from July to September),  students are allowed to apply for extension from the 1st of April. For over -staying  foreigners who did not apply for ARC extension, their residence will be ceased by the  authorized agency, and they may be expelled from Taiwan.    I. Required documents for applying Resident  Visa  1. A signed application form  2. The original and photocopy', 'apply for a Resident VISA before coming to Taiwan, it is necessary that you apply for a  Resident VISA on your own and then the ARC.    For international students, the Alien Resident Certificate (ARC) serves as their temporary  ID card which can prove their resident status in Taiwan. Please remember to apply for the  Alien Resident Certificate at the local office of Ministry of Interior National Immigration  Agency on the next day upon arrival or within 30 days of the issue of your resident visa.  International students must apply for ARC extension within three months before the  expiration date. If the ARC expires during the summer vacation (from July to September),  students are allowed to apply for extension from the 1st of April. For over -staying  foreigners who did not apply for ARC extension, their residence will be ceased by the  authorized agency, and they may be expelled from Taiwan.    I. Required documents for applying Resident  Visa  1. A signed application form  2. The original and photocopy']","The Retrieved Context does not specify the fine range for overstaying an ARC in Taiwan as of March 1, 2024. It mentions consequences like expulsion but does not provide financial penalties.",1.0,0.0,0.0,Qwen3_no_think
How much is the fine for overstaying between 1 to 10 days in Taiwan?,"['khi hết thời hạn cư trú thành 3 tháng trước khi thẻ cư trú hết hạn.  放寬外人申請延期居留 期間 外國人申請延期居留 ， 由居留期限屆滿前 30日 內，放寬為3個月內可以 申請。台灣簽證 Visa Đài Loan 家人要來臺灣觀光，必須先申請臺 灣簽證! Nếu  người  thân  ở  Việt  Nam muốn  đến  tham  quan  Đài  Loan, trước  tiên  phải  xin  visa  Đài  Loan nhé! 記得要注意數字 3(停留期限 )，這 是家人來到臺灣可以住的天數，如 果逾期，同樣會被罰臺幣1萬元到5 萬元的罰鍰，而且最長7年不能再 來臺灣。 Lưu  ý  mục  số  3  (thời  hạn  lưu  trú),  đây là  số  ngày  mà  người  thân  được  phép ở  lại  khi  đến  Đài  Loan .  Nếu  quá  thời hạn,  cũng  sẽ  bị  phạt  từ  10 . 000  đến 50 . 000  Đài  tệ,  đồng  thời  trong  vòng tối  đa  7  năm  không  được  phép  đến Đài  Loan . 提醒：學生常見的觸犯法律行為 請注意!觸犯法律遭判刑會影響居留權 ，也會影響讀書。很多學生認為自己 不會犯法，但你知道嗎?酒後騎車是犯法、把銀行帳戶借給別人犯罪觸犯詐 欺罪、吵架氣憤與人互相毆打的傷害罪、吸食或販賣毒品案件等等，都是過 去曾經發生的犯法行為，這些NG行為都會害你不能留在臺灣! Nhắc nhở: một số hành vi vi phạm pháp luật sinh viên thường mắc phải Hãy chú ý! Việc bị kết án do vi phạm pháp luật sẽ ảnh hưởng đến quyền cư trú và việc học của bạn. Có rất nhiều sinh viên cho rằng bản thân không vi phạm pháp luật, tuy nhiên bạn có biết', 'khi hết thời hạn cư trú thành 3 tháng trước khi thẻ cư trú hết hạn.  放寬外人申請延期居留 期間 外國人申請延期居留 ， 由居留期限屆滿前 30日 內，放寬為3個月內可以 申請。台灣簽證 Visa Đài Loan 家人要來臺灣觀光，必須先申請臺 灣簽證! Nếu  người  thân  ở  Việt  Nam muốn  đến  tham  quan  Đài  Loan, trước  tiên  phải  xin  visa  Đài  Loan nhé! 記得要注意數字 3(停留期限 )，這 是家人來到臺灣可以住的天數，如 果逾期，同樣會被罰臺幣1萬元到5 萬元的罰鍰，而且最長7年不能再 來臺灣。 Lưu  ý  mục  số  3  (thời  hạn  lưu  trú),  đây là  số  ngày  mà  người  thân  được  phép ở  lại  khi  đến  Đài  Loan .  Nếu  quá  thời hạn,  cũng  sẽ  bị  phạt  từ  10 . 000  đến 50 . 000  Đài  tệ,  đồng  thời  trong  vòng tối  đa  7  năm  không  được  phép  đến Đài  Loan . 提醒：學生常見的觸犯法律行為 請注意!觸犯法律遭判刑會影響居留權 ，也會影響讀書。很多學生認為自己 不會犯法，但你知道嗎?酒後騎車是犯法、把銀行帳戶借給別人犯罪觸犯詐 欺罪、吵架氣憤與人互相毆打的傷害罪、吸食或販賣毒品案件等等，都是過 去曾經發生的犯法行為，這些NG行為都會害你不能留在臺灣! Nhắc nhở: một số hành vi vi phạm pháp luật sinh viên thường mắc phải Hãy chú ý! Việc bị kết án do vi phạm pháp luật sẽ ảnh hưởng đến quyền cư trú và việc học của bạn. Có rất nhiều sinh viên cho rằng bản thân không vi phạm pháp luật, tuy nhiên bạn có biết', 'Please note that requirements may vary slightly by bank. Some banks may require you to have stayed in Taiwan for a certain period, such as more than six months. Actual conditions are subject to each bank’s regulations.']","The fine for overstaying between 1 to 10 days in Taiwan is from NT$10,000 to NT$50,000. Additionally, the individual may be prohibited from entering Taiwan for up to 7 years.",0.5,0.9689725393978704,0.99999999995,Qwen3_no_think
What two items on an ARC can result in a fine if not kept up to date?,"['An ARC application must include a Health Certificate for Residence or Settlement. This is a basic requirement set by the Taiwanese government for long-term foreign residents, to ensure that applicants do not have infectious diseases that could affect public health. The health check must be conducted at a designated hospital, and both the examination items and the certificate format', '(Trạm Phục vụ số 1 Thành phố Đài Nam)  2.所有更正 (護照、地址、姓名等) 都可以線上申請。 Tất cả thay đổi (hộ chiếu, địa chỉ, họ tên, …) đều có thể thực hiện trực tuyến. 3. 請填寫正確電子信箱。 Vui lòng điền địa chỉ email chí nhxác.7 申請人於接獲申請案件審查核准待繳費 通知 email 後，可於線上進行線上繳費 扣款功能。 完成付款後 ，申請人會收到電子郵件通 知。 請列印收據並攜帶舊ARC，並在3 個工作日後前往服務站領取新ARC Người nộp đơn sau khi nhận được email thông báo đơn xin đã được thông qua, vui lòng tiến hành đóng phítrên hệ thống trực tuyến. Sau khi hoàn thành đóng phí, chúng tôi sẽ gửi email thông báo. Vui lòng in hóa đơn và mang theo thẻ cư trú cũ đến Trạm phục vụ để nhận thẻ mới sau 3 ngày làm việc. 重點 Lưu ý ARC  居留證 Thẻ cư trú 重點 Lưu ý  NT$   10,000 - 50,000臺南市第一服務站 10 Phạt cư trú quá hạn (hiện tại)重點 Lưu ý  罰鍰金額 Mức phạt dao động NT$  2,000 to 10,000 在臺灣居住後如果因故變更居留地 ，務必於事實發生 後30日內到移民署辦理住址變更。 Nếu có thay đổi địa chỉ cư trú trong thời gian cư trú tại Đài Loan, bắt buộc phải đến Cục Di dân làm thủ tục thay đổi địa chỉ trong vòng 30 ngày kể từ sau ngày đổi nơi ở.如何出國 ? Làm  thế  nào  khi  ra  nước  ngoài ? 準備居留證及護照 Chuẩn', '(Trạm Phục vụ số 1 Thành phố Đài Nam)  2.所有更正 (護照、地址、姓名等) 都可以線上申請。 Tất cả thay đổi (hộ chiếu, địa chỉ, họ tên, …) đều có thể thực hiện trực tuyến. 3. 請填寫正確電子信箱。 Vui lòng điền địa chỉ email chí nhxác.7 申請人於接獲申請案件審查核准待繳費 通知 email 後，可於線上進行線上繳費 扣款功能。 完成付款後 ，申請人會收到電子郵件通 知。 請列印收據並攜帶舊ARC，並在3 個工作日後前往服務站領取新ARC Người nộp đơn sau khi nhận được email thông báo đơn xin đã được thông qua, vui lòng tiến hành đóng phítrên hệ thống trực tuyến. Sau khi hoàn thành đóng phí, chúng tôi sẽ gửi email thông báo. Vui lòng in hóa đơn và mang theo thẻ cư trú cũ đến Trạm phục vụ để nhận thẻ mới sau 3 ngày làm việc. 重點 Lưu ý ARC  居留證 Thẻ cư trú 重點 Lưu ý  NT$   10,000 - 50,000臺南市第一服務站 10 Phạt cư trú quá hạn (hiện tại)重點 Lưu ý  罰鍰金額 Mức phạt dao động NT$  2,000 to 10,000 在臺灣居住後如果因故變更居留地 ，務必於事實發生 後30日內到移民署辦理住址變更。 Nếu có thay đổi địa chỉ cư trú trong thời gian cư trú tại Đài Loan, bắt buộc phải đến Cục Di dân làm thủ tục thay đổi địa chỉ trong vòng 30 ngày kể từ sau ngày đổi nơi ở.如何出國 ? Làm  thế  nào  khi  ra  nước  ngoài ? 準備居留證及護照 Chuẩn']","The two items on an ARC that can result in a fine if not kept up to date are: 1) Health Certificate for Residence or Settlement, and 2) Address change. Failure to update these may lead to penalties ranging from NT$2,000 to NT$10,000.",0.25,0.9612238214728169,0.9999999999,Qwen3_no_think
Within how many days must a foreign resident notify the Immigration Agency after changing their residential address in Taiwan?,"['Newly arrived international students or overseas Chinese students must have resided in Taiwan continuously for six months before becoming eligible to join NHI.\n\nThe six-month period is calculated from the date the residence permit is issued. During this period, you may leave Taiwan only once, and the total number of days abroad must not exceed 29 days in total.', '(Trạm Phục vụ số 1 Thành phố Đài Nam)  2.所有更正 (護照、地址、姓名等) 都可以線上申請。 Tất cả thay đổi (hộ chiếu, địa chỉ, họ tên, …) đều có thể thực hiện trực tuyến. 3. 請填寫正確電子信箱。 Vui lòng điền địa chỉ email chí nhxác.7 申請人於接獲申請案件審查核准待繳費 通知 email 後，可於線上進行線上繳費 扣款功能。 完成付款後 ，申請人會收到電子郵件通 知。 請列印收據並攜帶舊ARC，並在3 個工作日後前往服務站領取新ARC Người nộp đơn sau khi nhận được email thông báo đơn xin đã được thông qua, vui lòng tiến hành đóng phítrên hệ thống trực tuyến. Sau khi hoàn thành đóng phí, chúng tôi sẽ gửi email thông báo. Vui lòng in hóa đơn và mang theo thẻ cư trú cũ đến Trạm phục vụ để nhận thẻ mới sau 3 ngày làm việc. 重點 Lưu ý ARC  居留證 Thẻ cư trú 重點 Lưu ý  NT$   10,000 - 50,000臺南市第一服務站 10 Phạt cư trú quá hạn (hiện tại)重點 Lưu ý  罰鍰金額 Mức phạt dao động NT$  2,000 to 10,000 在臺灣居住後如果因故變更居留地 ，務必於事實發生 後30日內到移民署辦理住址變更。 Nếu có thay đổi địa chỉ cư trú trong thời gian cư trú tại Đài Loan, bắt buộc phải đến Cục Di dân làm thủ tục thay đổi địa chỉ trong vòng 30 ngày kể từ sau ngày đổi nơi ở.如何出國 ? Làm  thế  nào  khi  ra  nước  ngoài ? 準備居留證及護照 Chuẩn', '(Trạm Phục vụ số 1 Thành phố Đài Nam)  2.所有更正 (護照、地址、姓名等) 都可以線上申請。 Tất cả thay đổi (hộ chiếu, địa chỉ, họ tên, …) đều có thể thực hiện trực tuyến. 3. 請填寫正確電子信箱。 Vui lòng điền địa chỉ email chí nhxác.7 申請人於接獲申請案件審查核准待繳費 通知 email 後，可於線上進行線上繳費 扣款功能。 完成付款後 ，申請人會收到電子郵件通 知。 請列印收據並攜帶舊ARC，並在3 個工作日後前往服務站領取新ARC Người nộp đơn sau khi nhận được email thông báo đơn xin đã được thông qua, vui lòng tiến hành đóng phítrên hệ thống trực tuyến. Sau khi hoàn thành đóng phí, chúng tôi sẽ gửi email thông báo. Vui lòng in hóa đơn và mang theo thẻ cư trú cũ đến Trạm phục vụ để nhận thẻ mới sau 3 ngày làm việc. 重點 Lưu ý ARC  居留證 Thẻ cư trú 重點 Lưu ý  NT$   10,000 - 50,000臺南市第一服務站 10 Phạt cư trú quá hạn (hiện tại)重點 Lưu ý  罰鍰金額 Mức phạt dao động NT$  2,000 to 10,000 在臺灣居住後如果因故變更居留地 ，務必於事實發生 後30日內到移民署辦理住址變更。 Nếu có thay đổi địa chỉ cư trú trong thời gian cư trú tại Đài Loan, bắt buộc phải đến Cục Di dân làm thủ tục thay đổi địa chỉ trong vòng 30 ngày kể từ sau ngày đổi nơi ở.如何出國 ? Làm  thế  nào  khi  ra  nước  ngoài ? 準備居留證及護照 Chuẩn']","Within 30 days after changing their residential address in Taiwan, a foreign resident must notify the Immigration Agency. This applies if they have resided in Taiwan and changed their place of residence due to certain reasons. The notification should be made within 30 days from the date the change occurred.",0.6666666666666666,0.8889836290124177,0.5833333333041666,Qwen3_no_think
What documents do you need to carry when traveling in and out of Taiwan as a foreign student?,"['will be ceased by the  authorized agency, and they may be expelled from Taiwan.    I. Required documents for applying Resident  Visa  1. A signed application form  2. The original and photocopy of your passport  3. The original and photocopy of the student ID card or the enrollment certificate  4. The satisfactory health examination report  5. 2 photos (4.5cm × 3.5cm)  6. Visa fee (https://www.boca.gov.tw/mp-2.html)  For more information on VISA application, please refer to the Bureau of Consular  Affairs, Ministry of Foreign Affairs Website: https://www.boca.gov.tw/mp-2.html    II. Required documents for applying Alien Resident Certificate (ARC)  1. The original and photocopy of your passport and Resident Visa  2. The original and photocopy of the student ID card with the right registered  stamp or the enrollment certificate  3. Application fee NT$1,000  4. Photo   5. ARC Application System:   https://coa.immigration.gov.tw/coa-frontend/student/entry?lang=en    Currently we have changed the application way,', 'will be ceased by the  authorized agency, and they may be expelled from Taiwan.    I. Required documents for applying Resident  Visa  1. A signed application form  2. The original and photocopy of your passport  3. The original and photocopy of the student ID card or the enrollment certificate  4. The satisfactory health examination report  5. 2 photos (4.5cm × 3.5cm)  6. Visa fee (https://www.boca.gov.tw/mp-2.html)  For more information on VISA application, please refer to the Bureau of Consular  Affairs, Ministry of Foreign Affairs Website: https://www.boca.gov.tw/mp-2.html    II. Required documents for applying Alien Resident Certificate (ARC)  1. The original and photocopy of your passport and Resident Visa  2. The original and photocopy of the student ID card with the right registered  stamp or the enrollment certificate  3. Application fee NT$1,000  4. Photo   5. ARC Application System:   https://coa.immigration.gov.tw/coa-frontend/student/entry?lang=en    Currently we have changed the application way,', 'authorized agency, and they may be expelled from Taiwan.    I. Required documents for applying Resident  Visa  1. A signed application form  2. The original and photocopy of your passport  3. The original and photocopy of the student ID card or the enrollment certificate  4. The satisfactory health examination report  5. 2 photos (4.5cm × 3.5cm)  6. Visa fee (https://www.boca.gov.tw/mp-2.html)  For more information on VISA application, please refer to the Bureau of Consular  Affairs, Ministry of Foreign Affairs Website: https://www.boca.gov.tw/mp-2.html    II. Required documents for applying Alien Resident Certificate (ARC)  1. The original and photocopy of your passport and Resident Visa  2. The original and photocopy of the student ID card with the right registered  stamp or the enrollment certificate  3. Application fee NT$1,000  4. Photo   5. ARC Application System:   https://coa.immigration.gov.tw/coa-frontend/student/entry?lang=en    Currently we have changed the application way, please apply directly']","When traveling in and out of Taiwan as a foreign student, you need to carry the following documents:

1. Original and photocopy of your passport.
2. Original and photocopy of the student ID card with the right registered stamp or enrollment certificate.
3. Resident Visa (if applicable) and its photocopy.
4. Satisfactory health examination report.
5. 2 photos (4.5cm × 3.5cm).
6. Visa fee receipt (if applicable).
7. Alien Resident Certificate (ARC) application documents if required.

For detailed information, refer to the provided links.",0.7777777777777778,0.9858746901719173,0.9999999999666667,Qwen3_no_think
What is the maximum validity period of an ARC for foreign students under the new regulations?,"['International students must apply for an ARC 15 to 30 days before their Visitor Visa expires. This time window is very important. If you apply after the visa has expired, it may affect your residency status and could even require you to leave Taiwan and reapply.', 'VISA before coming to Taiwan, it is necessary that you apply for a  Resident VISA on your own and then the ARC.    For international students, the Alien Resident Certificate (ARC) serves as their temporary  ID card which can prove their resident status in Taiwan. Please remember to apply for the  Alien Resident Certificate at the local office of Ministry of Interior National Immigration  Agency on the next day upon arrival or within 30 days of the issue of your resident visa.  International students must apply for ARC extension within three months before the  expiration date. If the ARC expires during the summer vacation (from July to September),  students are allowed to apply for extension from the 1st of April. For over -staying  foreigners who did not apply for ARC extension, their residence will be ceased by the  authorized agency, and they may be expelled from Taiwan.    I. Required documents for applying Resident  Visa  1. A signed application form  2. The original and photocopy of your passport  3.', 'The ARC application and issuance must be completed within the validity period of your original visa, so it is strongly recommended that students prepare the required documents as early as possible after the semester begins, rather than waiting until the last minute.']","The maximum validity period of an ARC for foreign students under the new regulations is not explicitly mentioned in the retrieved context. However, it is emphasized that the ARC application must be completed within the validity period of the original visa, and extensions should be applied for three months before expiration. Students are advised to apply promptly to avoid issues with residency status.",1.0,0.0,0.0,Qwen3_no_think
How long after graduation can a foreign student extend their ARC in total?,"['VISA before coming to Taiwan, it is necessary that you apply for a  Resident VISA on your own and then the ARC.    For international students, the Alien Resident Certificate (ARC) serves as their temporary  ID card which can prove their resident status in Taiwan. Please remember to apply for the  Alien Resident Certificate at the local office of Ministry of Interior National Immigration  Agency on the next day upon arrival or within 30 days of the issue of your resident visa.  International students must apply for ARC extension within three months before the  expiration date. If the ARC expires during the summer vacation (from July to September),  students are allowed to apply for extension from the 1st of April. For over -staying  foreigners who did not apply for ARC extension, their residence will be ceased by the  authorized agency, and they may be expelled from Taiwan.    I. Required documents for applying Resident  Visa  1. A signed application form  2. The original and photocopy of your passport  3.', 'apply for a Resident VISA before coming to Taiwan, it is necessary that you apply for a  Resident VISA on your own and then the ARC.    For international students, the Alien Resident Certificate (ARC) serves as their temporary  ID card which can prove their resident status in Taiwan. Please remember to apply for the  Alien Resident Certificate at the local office of Ministry of Interior National Immigration  Agency on the next day upon arrival or within 30 days of the issue of your resident visa.  International students must apply for ARC extension within three months before the  expiration date. If the ARC expires during the summer vacation (from July to September),  students are allowed to apply for extension from the 1st of April. For over -staying  foreigners who did not apply for ARC extension, their residence will be ceased by the  authorized agency, and they may be expelled from Taiwan.    I. Required documents for applying Resident  Visa  1. A signed application form  2. The original and photocopy', 'apply for a Resident VISA before coming to Taiwan, it is necessary that you apply for a  Resident VISA on your own and then the ARC.    For international students, the Alien Resident Certificate (ARC) serves as their temporary  ID card which can prove their resident status in Taiwan. Please remember to apply for the  Alien Resident Certificate at the local office of Ministry of Interior National Immigration  Agency on the next day upon arrival or within 30 days of the issue of your resident visa.  International students must apply for ARC extension within three months before the  expiration date. If the ARC expires during the summer vacation (from July to September),  students are allowed to apply for extension from the 1st of April. For over -staying  foreigners who did not apply for ARC extension, their residence will be ceased by the  authorized agency, and they may be expelled from Taiwan.    I. Required documents for applying Resident  Visa  1. A signed application form  2. The original and photocopy']","The maximum total extension period for a foreign student's ARC is not explicitly stated in the retrieved context. However, it mentions that extensions must be applied for within three months before expiration, with special provisions during summer vacation. Overstaying without extension may lead to expulsion. For precise details, consult OIA.",0.8,0.0,0.0,Qwen3_no_think
How many months before ARC expiration can a foreign student now apply for an extension under the new rules?,"['VISA before coming to Taiwan, it is necessary that you apply for a  Resident VISA on your own and then the ARC.    For international students, the Alien Resident Certificate (ARC) serves as their temporary  ID card which can prove their resident status in Taiwan. Please remember to apply for the  Alien Resident Certificate at the local office of Ministry of Interior National Immigration  Agency on the next day upon arrival or within 30 days of the issue of your resident visa.  International students must apply for ARC extension within three months before the  expiration date. If the ARC expires during the summer vacation (from July to September),  students are allowed to apply for extension from the 1st of April. For over -staying  foreigners who did not apply for ARC extension, their residence will be ceased by the  authorized agency, and they may be expelled from Taiwan.    I. Required documents for applying Resident  Visa  1. A signed application form  2. The original and photocopy of your passport  3.', 'apply for a Resident VISA before coming to Taiwan, it is necessary that you apply for a  Resident VISA on your own and then the ARC.    For international students, the Alien Resident Certificate (ARC) serves as their temporary  ID card which can prove their resident status in Taiwan. Please remember to apply for the  Alien Resident Certificate at the local office of Ministry of Interior National Immigration  Agency on the next day upon arrival or within 30 days of the issue of your resident visa.  International students must apply for ARC extension within three months before the  expiration date. If the ARC expires during the summer vacation (from July to September),  students are allowed to apply for extension from the 1st of April. For over -staying  foreigners who did not apply for ARC extension, their residence will be ceased by the  authorized agency, and they may be expelled from Taiwan.    I. Required documents for applying Resident  Visa  1. A signed application form  2. The original and photocopy', 'apply for a Resident VISA before coming to Taiwan, it is necessary that you apply for a  Resident VISA on your own and then the ARC.    For international students, the Alien Resident Certificate (ARC) serves as their temporary  ID card which can prove their resident status in Taiwan. Please remember to apply for the  Alien Resident Certificate at the local office of Ministry of Interior National Immigration  Agency on the next day upon arrival or within 30 days of the issue of your resident visa.  International students must apply for ARC extension within three months before the  expiration date. If the ARC expires during the summer vacation (from July to September),  students are allowed to apply for extension from the 1st of April. For over -staying  foreigners who did not apply for ARC extension, their residence will be ceased by the  authorized agency, and they may be expelled from Taiwan.    I. Required documents for applying Resident  Visa  1. A signed application form  2. The original and photocopy']","Under the new rules, international students must apply for an ARC extension within three months before the expiration date. If the ARC expires during the summer vacation (July to September), students can apply for an extension starting from April 1st.",1.0,0.9015250306825501,0.9999999999666667,Qwen3_no_think
What is the hotline number for foreigners living in Taiwan to get assistance in multiple languages?,"[""Invested or Established by Overseas  Chinese or Foreigner(s), C. School teacher, D. Full -time Foreign Teacher in  Cram School, E. Sports Coaching or Athlete, F. Arts and Performing Arts, G.  Contracting Foreigners.          47    Work Information    2. Contact TAIWAN: https://contacttaiwan.tw/MainOne/Home.aspx?lang=2  Contact TAIWAN is an online job-matching platform for Taiwanese companies  and international professionals. In addition to providing online job -matching  services and personalized consulting, the Contact TAIWAN website also offers  information on Taiwan's talent acquisition policies. Furthermore, it organizes  domestic and international talent recruitment events, using diverse channels  to help Taiwanese companies attract international professionals.            48    Work Information  3. Network for International Student Advisors:  https://www.nisa.moe.gov.tw/index  The support system plan for overseas student counselors in colleges and  universities provides a  real-time information inquiry"", ""Invested or Established by Overseas  Chinese or Foreigner(s), C. School teacher, D. Full -time Foreign Teacher in  Cram School, E. Sports Coaching or Athlete, F. Arts and Performing Arts, G.  Contracting Foreigners.          47    Work Information    2. Contact TAIWAN: https://contacttaiwan.tw/MainOne/Home.aspx?lang=2  Contact TAIWAN is an online job-matching platform for Taiwanese companies  and international professionals. In addition to providing online job -matching  services and personalized consulting, the Contact TAIWAN website also offers  information on Taiwan's talent acquisition policies. Furthermore, it organizes  domestic and international talent recruitment events, using diverse channels  to help Taiwanese companies attract international professionals.            48    Work Information  3. Network for International Student Advisors:  https://www.nisa.moe.gov.tw/index  The support system plan for overseas student counselors in colleges and  universities provides a  real-time information inquiry"", 'Language Center)  □ 課業輔導助教 (Teaching Assistant)。  □ 其他 (Others)                學生 (Student)：      日期 (Date)：   Attachment III    44          國立中正大學外國學生協助轉介單      姓名: 性別: 男 □ 女 □ 出生日期:  年 月 日  系所: 系（所）  年級  學號: 收案日期:  年 月 日  現在住址: 電話:  轉介原因 輔導建議     轉介單位： 職稱： 姓名：  受理轉介單位： 職稱： 姓名：  45    07    Information On  Employment In  Taiwan        46    Work Information    If you have the need for staying Taiwan for long time and seeking for job,  there are some work information websites for you reference.    1. Ezworktaiwan: https://ezworktaiwan.wda.gov.tw/en/  The area provides necessary information for foreign professionals to work in  Taiwan. The approved works that foreign professionals can apply for include  7 categories such as: A. Specialized or Technical Works, B. The Director or  Manager of an Approved Business Invested or Established by Overseas  Chinese or Foreigner(s), C. School teacher, D. Full -time Foreign Teacher in  Cram School, E. Sports Coaching or Athlete, F. Arts and Performing Arts, G.']","Sorry, I am not sure about it. Maybe you could turn to OIA for help.",0.0,0.0,0.0,Qwen3_no_think
"If a foreign student withdraws or takes a leave of absence from school, within how many days should they contact the Immigration Agency to arrange departure?","['mắc phải Hãy chú ý! Việc bị kết án do vi phạm pháp luật sẽ ảnh hưởng đến quyền cư trú và việc học của bạn. Có rất nhiều sinh viên cho rằng bản thân không vi phạm pháp luật, tuy nhiên bạn có biết không? Lái xe sau khi uống rượu là phạm pháp, cho người khác mượn tài khoản ngân hàng phạm tội lừa đảo, cãi nhau tức giận mà đánh nhau là phạm tội gây thương tí ch,sử dụng hoặc buôn bán chất gây nghiện, ... đều là những hành vi vi phạm pháp luật từng xảy ra trong quá khứ. Những hành vi không tốt này đều sẽ khiến cho bạn không thể tiếp tục ở lại Đài Loan!1.中、英、日語：24小時、全年無休。 2.越南語、印尼語、泰國語、柬埔寨語：每週一至週五(不含國定例 假日及其他休息日)上午9時至下午5時。大專院校夥伴經常致電移民署諮詢的問題 Q1.華語中心:同樣是華語中心學生，請問為何有些同學是電子居留證， 有些同學是IC卡居留證? A1.華語中心多為短期在臺之外國學生，通常核發電子居留證(A4紙張， 於系統中自行列印，不用跑服務站領取)，若有核發IC卡居留證，多屬 誤發。 Q2.外籍學生休退學多久後必須離境? A2.學校將休退學資料上傳校育部系統，移民署大約1~2週內會交換資 訊，並致電學生盡速繳回居留證離境，否則將廢止居留許可並註銷外 僑居留證，以學校端而言，建議學生辦理休退學，即明確告知應盡速 於7日內找移民署辦理出境手續。線上送件溝通事項1 • 路徑選錯 1. 例如簽證為停留簽證，卻點選成居留簽證 2. 還沒完成繳費註冊，卻選成「已註冊」，請注意， 如果還沒繳費註冊，就只能點選「已錄取未註冊」 3. 如果點選「已錄取未註冊」，請記住!這是只有「半', 'mắc phải Hãy chú ý! Việc bị kết án do vi phạm pháp luật sẽ ảnh hưởng đến quyền cư trú và việc học của bạn. Có rất nhiều sinh viên cho rằng bản thân không vi phạm pháp luật, tuy nhiên bạn có biết không? Lái xe sau khi uống rượu là phạm pháp, cho người khác mượn tài khoản ngân hàng phạm tội lừa đảo, cãi nhau tức giận mà đánh nhau là phạm tội gây thương tí ch,sử dụng hoặc buôn bán chất gây nghiện, ... đều là những hành vi vi phạm pháp luật từng xảy ra trong quá khứ. Những hành vi không tốt này đều sẽ khiến cho bạn không thể tiếp tục ở lại Đài Loan!1.中、英、日語：24小時、全年無休。 2.越南語、印尼語、泰國語、柬埔寨語：每週一至週五(不含國定例 假日及其他休息日)上午9時至下午5時。大專院校夥伴經常致電移民署諮詢的問題 Q1.華語中心:同樣是華語中心學生，請問為何有些同學是電子居留證， 有些同學是IC卡居留證? A1.華語中心多為短期在臺之外國學生，通常核發電子居留證(A4紙張， 於系統中自行列印，不用跑服務站領取)，若有核發IC卡居留證，多屬 誤發。 Q2.外籍學生休退學多久後必須離境? A2.學校將休退學資料上傳校育部系統，移民署大約1~2週內會交換資 訊，並致電學生盡速繳回居留證離境，否則將廢止居留許可並註銷外 僑居留證，以學校端而言，建議學生辦理休退學，即明確告知應盡速 於7日內找移民署辦理出境手續。線上送件溝通事項1 • 路徑選錯 1. 例如簽證為停留簽證，卻點選成居留簽證 2. 還沒完成繳費註冊，卻選成「已註冊」，請注意， 如果還沒繳費註冊，就只能點選「已錄取未註冊」 3. 如果點選「已錄取未註冊」，請記住!這是只有「半', '訊，並致電學生盡速繳回居留證離境，否則將廢止居留許可並註銷外 僑居留證，以學校端而言，建議學生辦理休退學，即明確告知應盡速 於7日內找移民署辦理出境手續。線上送件溝通事項1 • 路徑選錯 1. 例如簽證為停留簽證，卻點選成居留簽證 2. 還沒完成繳費註冊，卻選成「已註冊」，請注意， 如果還沒繳費註冊，就只能點選「已錄取未註冊」 3. 如果點選「已錄取未註冊」，請記住!這是只有「半 年效期」的「電子居留證」(一張A4紙，可自行下 載列印的電子證)，千萬要記得，註冊完畢並拿到在 學證明後，務必於系統再次換發卡式居留證，不然， 同樣會逾期罰錢線上送件溝通事項1 線上送件溝通事項2 • 居留證延期，系統卻點選「遺失補發」或「資料異 動」 請注意!「延期」選項，包括異動資料，如更新地址、 護照號碼等等 ，但是「資料異動」不能夠同時申請延 期 • 紙本電子居留證更換成 IC卡居留證，需選取「居留 證換證」選項，不能選延期線上送件溝通事項2 線上送件溝通事項3 • 學校以團件線上申請 ，請區分「停留簽證」、「居 留簽證」!首次申請「性別」也建議分開，減少混淆 不同簽證類別混在同一團送件 ，移民署一定會退件!至 於性別，「第1次」申請攸關統一證號的配賦號碼，因 此除非相當有自信不會點錯 ，否則也建議將男女分開 申請(延期就沒有這種問題) • 中文姓名請於系統送出之前詳加核對用字 若是製卡後要再修正，會有新臺幣500元費用問題，若 是行政助理輸入錯誤，就可能需要自掏腰包了! 線上送件溝通事項4 • 延期最久可申請延長3年(3千元)，休退學無法退費! 學校可統一律定，但3年後的居留證屆期日，很有可能 面臨行政助理換人或其他狀況 ，務必做好人員交接 ， 一旦逾期，都是整批學生，若有15位學生逾期1天，罰 鍰就是15萬元，逾期11天，罰鍰就是30萬元 • 在學證明必須是當學期1個月內 假設今年這批學生都是明年 10月15日居留證到期，那 麼最早7月15日之後就可辦理延期!']","If a foreign student withdraws or takes a leave of absence from school, they should contact the Immigration Agency to arrange departure within 7 days. The school advises students to promptly handle the exit procedures with the Immigration Agency within 7 days after withdrawing or taking a leave of absence.",1.0,0.8584406652549831,0.9999999999666667,Qwen3_no_think
What is the fine range for failing to update your residential address on your ARC within the required period?,"['(Trạm Phục vụ số 1 Thành phố Đài Nam)  2.所有更正 (護照、地址、姓名等) 都可以線上申請。 Tất cả thay đổi (hộ chiếu, địa chỉ, họ tên, …) đều có thể thực hiện trực tuyến. 3. 請填寫正確電子信箱。 Vui lòng điền địa chỉ email chí nhxác.7 申請人於接獲申請案件審查核准待繳費 通知 email 後，可於線上進行線上繳費 扣款功能。 完成付款後 ，申請人會收到電子郵件通 知。 請列印收據並攜帶舊ARC，並在3 個工作日後前往服務站領取新ARC Người nộp đơn sau khi nhận được email thông báo đơn xin đã được thông qua, vui lòng tiến hành đóng phítrên hệ thống trực tuyến. Sau khi hoàn thành đóng phí, chúng tôi sẽ gửi email thông báo. Vui lòng in hóa đơn và mang theo thẻ cư trú cũ đến Trạm phục vụ để nhận thẻ mới sau 3 ngày làm việc. 重點 Lưu ý ARC  居留證 Thẻ cư trú 重點 Lưu ý  NT$   10,000 - 50,000臺南市第一服務站 10 Phạt cư trú quá hạn (hiện tại)重點 Lưu ý  罰鍰金額 Mức phạt dao động NT$  2,000 to 10,000 在臺灣居住後如果因故變更居留地 ，務必於事實發生 後30日內到移民署辦理住址變更。 Nếu có thay đổi địa chỉ cư trú trong thời gian cư trú tại Đài Loan, bắt buộc phải đến Cục Di dân làm thủ tục thay đổi địa chỉ trong vòng 30 ngày kể từ sau ngày đổi nơi ở.如何出國 ? Làm  thế  nào  khi  ra  nước  ngoài ? 準備居留證及護照 Chuẩn', '(Trạm Phục vụ số 1 Thành phố Đài Nam)  2.所有更正 (護照、地址、姓名等) 都可以線上申請。 Tất cả thay đổi (hộ chiếu, địa chỉ, họ tên, …) đều có thể thực hiện trực tuyến. 3. 請填寫正確電子信箱。 Vui lòng điền địa chỉ email chí nhxác.7 申請人於接獲申請案件審查核准待繳費 通知 email 後，可於線上進行線上繳費 扣款功能。 完成付款後 ，申請人會收到電子郵件通 知。 請列印收據並攜帶舊ARC，並在3 個工作日後前往服務站領取新ARC Người nộp đơn sau khi nhận được email thông báo đơn xin đã được thông qua, vui lòng tiến hành đóng phítrên hệ thống trực tuyến. Sau khi hoàn thành đóng phí, chúng tôi sẽ gửi email thông báo. Vui lòng in hóa đơn và mang theo thẻ cư trú cũ đến Trạm phục vụ để nhận thẻ mới sau 3 ngày làm việc. 重點 Lưu ý ARC  居留證 Thẻ cư trú 重點 Lưu ý  NT$   10,000 - 50,000臺南市第一服務站 10 Phạt cư trú quá hạn (hiện tại)重點 Lưu ý  罰鍰金額 Mức phạt dao động NT$  2,000 to 10,000 在臺灣居住後如果因故變更居留地 ，務必於事實發生 後30日內到移民署辦理住址變更。 Nếu có thay đổi địa chỉ cư trú trong thời gian cư trú tại Đài Loan, bắt buộc phải đến Cục Di dân làm thủ tục thay đổi địa chỉ trong vòng 30 ngày kể từ sau ngày đổi nơi ở.如何出國 ? Làm  thế  nào  khi  ra  nước  ngoài ? 準備居留證及護照 Chuẩn', 'International students must apply for an ARC 15 to 30 days before their Visitor Visa expires. This time window is very important. If you apply after the visa has expired, it may affect your residency status and could even require you to leave Taiwan and reapply.']","The fine for failing to update your residential address on your ARC within the required period is NT$ 2,000 to NT$ 10,000. You must update your address within 30 days of changing it. Failure to do so may result in penalties.",1.0,0.9657510823190977,0.99999999995,Qwen3_no_think
When does the CCU Spring Semester 2026 begin?,"['to CCU and we are looking forward to seeing you on campus soon.    Best regards,    Office of International Affairs  National Chung Cheng University        Welcome to CCU!          3    01  CCU’s Calendar  for  Spring Semester  2026  CCU’s Calendar for Spring Semester 2026 國立中正大學 114 學年度第 2 學期行事曆  4  The academic calendar for CCU(114 學年度行事曆) is available at this website.  https://oia.ccu.edu.tw/p/405-1008-63090,c1425.php?Lang=en  Date 日期 Event  行事  2026.02.20 (Mon.)  Spring semester begins 第 2 學期開始 Dormitory move-in day 學生宿舍進住日  2026.02.23 (Mon.) New Student Registration 新生註冊  2026.02.23 (Mon.) ~ 2026.03.06 (Fri.)  First Course Selection for New Students (including Special Programs) 新生(含專班)第一階段選課  2026.02.25 (Wed.) 2026 Spring welcome orientation for international students 新生說明會  2026.02.27 (Fri.) ~ 2026.02.28 (Sat.)  Peace Memorial Day (day off) 二二八和平紀念日(放假)  2026.03.16 (Mon.)  Deadline for Students to Submit ""Waiver of Student Group Insurance"" 繳交「不參加學生團體保險切結書」截止日  2026.04.01 (Wed.)  Deadline for', 'to CCU and we are looking forward to seeing you on campus soon.    Best regards,    Office of International Affairs  National Chung Cheng University        Welcome to CCU!          3    01  CCU’s Calendar  for  Spring Semester  2026  CCU’s Calendar for Spring Semester 2026 國立中正大學 114 學年度第 2 學期行事曆  4  The academic calendar for CCU(114 學年度行事曆) is available at this website.  https://oia.ccu.edu.tw/p/405-1008-63090,c1425.php?Lang=en  Date 日期 Event  行事  2026.02.20 (Mon.)  Spring semester begins 第 2 學期開始 Dormitory move-in day 學生宿舍進住日  2026.02.23 (Mon.) New Student Registration 新生註冊  2026.02.23 (Mon.) ~ 2026.03.06 (Fri.)  First Course Selection for New Students (including Special Programs) 新生(含專班)第一階段選課  2026.02.25 (Wed.) 2026 Spring welcome orientation for international students 新生說明會  2026.02.27 (Fri.) ~ 2026.02.28 (Sat.)  Peace Memorial Day (day off) 二二八和平紀念日(放假)  2026.03.16 (Mon.)  Deadline for Students to Submit ""Waiver of Student Group Insurance"" 繳交「不參加學生團體保險切結書」截止日  2026.04.01 (Wed.)  Deadline for', '(Sat.)  Peace Memorial Day (day off) 二二八和平紀念日(放假)  2026.03.16 (Mon.)  Deadline for Students to Submit ""Waiver of Student Group Insurance"" 繳交「不參加學生團體保險切結書」截止日  2026.04.01 (Wed.)  Deadline for Registration (Upon Reaching 1/3 of Semester Classes)  註冊截止日(上課達 1/3 基準日)  2026.04.03 (Fri.) ~ 2026.04.06 (Mon.)  Make-up Holiday for Children\'s Day and Tomb-Sweeping Day 兒童節、民族掃墓節  2026.04.07(Tue.) ~ 2026.04.08(Wed.)  Inter-University Activities (Classes Suspended; Instructors to Schedule  Make-up Classes Independently)  校際活動（停課，課程由教師自行擇期補課）  2026.04.20(Mon.) ~ 2026.04.26(Sun.)  Midterm Exam Week 期中考試週  2026.04.27(Mon.) ~ 2026.05.25(Mon.)  Course drop-out application period 棄選申請  2026.05.01(Fri.)  Labor Day 勞動節 CCU’s Calendar for Spring Semester 2026  國立中正大學 114 學年度第 2 學期行事曆     5   Date 日期 Event  行事  2026.05.15 (Fri.)  Calculation Date for Student Withdrawal/Leave of Absence and  Tuition Refund (Upon Reaching 2/3 of Semester Classes)  學生申請休、退學退費上課達 2/3 基準日  2026.05.29 (Fri.)  Deadline for Early Graduation Application']","The Spring Semester 2026 at National Chung Cheng University begins on **February 20, 2026**.  
Key dates include:  
- Dormitory move-in day: February 20  
- New Student Registration: February 23  
- First Course Selection: February 23–March 6  
- International Student Welcome Orientation: February 25  
- Peace Memorial Day (day off): February 27–28  
- Midterm Exam Week: April 20–26  
- Course drop-out application period: April 27–May 25",1.0,0.7065432165268394,0.9999999999666667,Qwen3_no_think
What is the dormitory move-in day for the Spring Semester 2026?,"['to CCU and we are looking forward to seeing you on campus soon.    Best regards,    Office of International Affairs  National Chung Cheng University        Welcome to CCU!          3    01  CCU’s Calendar  for  Spring Semester  2026  CCU’s Calendar for Spring Semester 2026 國立中正大學 114 學年度第 2 學期行事曆  4  The academic calendar for CCU(114 學年度行事曆) is available at this website.  https://oia.ccu.edu.tw/p/405-1008-63090,c1425.php?Lang=en  Date 日期 Event  行事  2026.02.20 (Mon.)  Spring semester begins 第 2 學期開始 Dormitory move-in day 學生宿舍進住日  2026.02.23 (Mon.) New Student Registration 新生註冊  2026.02.23 (Mon.) ~ 2026.03.06 (Fri.)  First Course Selection for New Students (including Special Programs) 新生(含專班)第一階段選課  2026.02.25 (Wed.) 2026 Spring welcome orientation for international students 新生說明會  2026.02.27 (Fri.) ~ 2026.02.28 (Sat.)  Peace Memorial Day (day off) 二二八和平紀念日(放假)  2026.03.16 (Mon.)  Deadline for Students to Submit ""Waiver of Student Group Insurance"" 繳交「不參加學生團體保險切結書」截止日  2026.04.01 (Wed.)  Deadline for', 'to CCU and we are looking forward to seeing you on campus soon.    Best regards,    Office of International Affairs  National Chung Cheng University        Welcome to CCU!          3    01  CCU’s Calendar  for  Spring Semester  2026  CCU’s Calendar for Spring Semester 2026 國立中正大學 114 學年度第 2 學期行事曆  4  The academic calendar for CCU(114 學年度行事曆) is available at this website.  https://oia.ccu.edu.tw/p/405-1008-63090,c1425.php?Lang=en  Date 日期 Event  行事  2026.02.20 (Mon.)  Spring semester begins 第 2 學期開始 Dormitory move-in day 學生宿舍進住日  2026.02.23 (Mon.) New Student Registration 新生註冊  2026.02.23 (Mon.) ~ 2026.03.06 (Fri.)  First Course Selection for New Students (including Special Programs) 新生(含專班)第一階段選課  2026.02.25 (Wed.) 2026 Spring welcome orientation for international students 新生說明會  2026.02.27 (Fri.) ~ 2026.02.28 (Sat.)  Peace Memorial Day (day off) 二二八和平紀念日(放假)  2026.03.16 (Mon.)  Deadline for Students to Submit ""Waiver of Student Group Insurance"" 繳交「不參加學生團體保險切結書」截止日  2026.04.01 (Wed.)  Deadline for', 'Festival 端午節  2026.06.20 (Sat.) ~  2026.06.26 (Fri.)  Final Exam Week (General Courses, Week 18); Flexible Teaching  Courses follow Course Syllabus  一般課程期末考試(彈性教學課程依課程大綱辦理)  2026.07.05 (Sun.) Dormitory move-out deadline  退宿截止日  2026.07.31 (Fri.) End of the spring semester 第 2 學期結束     6     02        Pre-departure Checklist Pre-departure Checklist    7   2.1 Pre-departure Checklist       Event Check  1 Valid Resident VISA & Health Certificate for Alien Residence Certificate(ARC)   2 Passport (Original and 3 photocopies)   3  Personal photos*4 & the digital file  The photo should be a color photo with a glossy finish taken with a white background  within the last six months. The photo should be 4.5cm × 3.5cm with an image of the  head that should be no shorter than 3.2 cm or longer  than 3.6 cm from the top of the head to the chin.  The photo should be with clear and identifiable  facial features without wearing a hat or a pair of  color glasses. Please refer to the sample photo.  If you are worried that the']","The dormitory move-in day for the Spring Semester 2026 is on Monday, February 20, 2026.",1.0,0.9944453980966905,0.99999999995,Qwen3_no_think
When is the New Student Registration for Spring Semester 2026?,"['to CCU and we are looking forward to seeing you on campus soon.    Best regards,    Office of International Affairs  National Chung Cheng University        Welcome to CCU!          3    01  CCU’s Calendar  for  Spring Semester  2026  CCU’s Calendar for Spring Semester 2026 國立中正大學 114 學年度第 2 學期行事曆  4  The academic calendar for CCU(114 學年度行事曆) is available at this website.  https://oia.ccu.edu.tw/p/405-1008-63090,c1425.php?Lang=en  Date 日期 Event  行事  2026.02.20 (Mon.)  Spring semester begins 第 2 學期開始 Dormitory move-in day 學生宿舍進住日  2026.02.23 (Mon.) New Student Registration 新生註冊  2026.02.23 (Mon.) ~ 2026.03.06 (Fri.)  First Course Selection for New Students (including Special Programs) 新生(含專班)第一階段選課  2026.02.25 (Wed.) 2026 Spring welcome orientation for international students 新生說明會  2026.02.27 (Fri.) ~ 2026.02.28 (Sat.)  Peace Memorial Day (day off) 二二八和平紀念日(放假)  2026.03.16 (Mon.)  Deadline for Students to Submit ""Waiver of Student Group Insurance"" 繳交「不參加學生團體保險切結書」截止日  2026.04.01 (Wed.)  Deadline for', 'to CCU and we are looking forward to seeing you on campus soon.    Best regards,    Office of International Affairs  National Chung Cheng University        Welcome to CCU!          3    01  CCU’s Calendar  for  Spring Semester  2026  CCU’s Calendar for Spring Semester 2026 國立中正大學 114 學年度第 2 學期行事曆  4  The academic calendar for CCU(114 學年度行事曆) is available at this website.  https://oia.ccu.edu.tw/p/405-1008-63090,c1425.php?Lang=en  Date 日期 Event  行事  2026.02.20 (Mon.)  Spring semester begins 第 2 學期開始 Dormitory move-in day 學生宿舍進住日  2026.02.23 (Mon.) New Student Registration 新生註冊  2026.02.23 (Mon.) ~ 2026.03.06 (Fri.)  First Course Selection for New Students (including Special Programs) 新生(含專班)第一階段選課  2026.02.25 (Wed.) 2026 Spring welcome orientation for international students 新生說明會  2026.02.27 (Fri.) ~ 2026.02.28 (Sat.)  Peace Memorial Day (day off) 二二八和平紀念日(放假)  2026.03.16 (Mon.)  Deadline for Students to Submit ""Waiver of Student Group Insurance"" 繳交「不參加學生團體保險切結書」截止日  2026.04.01 (Wed.)  Deadline for', '(Sat.)  Peace Memorial Day (day off) 二二八和平紀念日(放假)  2026.03.16 (Mon.)  Deadline for Students to Submit ""Waiver of Student Group Insurance"" 繳交「不參加學生團體保險切結書」截止日  2026.04.01 (Wed.)  Deadline for Registration (Upon Reaching 1/3 of Semester Classes)  註冊截止日(上課達 1/3 基準日)  2026.04.03 (Fri.) ~ 2026.04.06 (Mon.)  Make-up Holiday for Children\'s Day and Tomb-Sweeping Day 兒童節、民族掃墓節  2026.04.07(Tue.) ~ 2026.04.08(Wed.)  Inter-University Activities (Classes Suspended; Instructors to Schedule  Make-up Classes Independently)  校際活動（停課，課程由教師自行擇期補課）  2026.04.20(Mon.) ~ 2026.04.26(Sun.)  Midterm Exam Week 期中考試週  2026.04.27(Mon.) ~ 2026.05.25(Mon.)  Course drop-out application period 棄選申請  2026.05.01(Fri.)  Labor Day 勞動節 CCU’s Calendar for Spring Semester 2026  國立中正大學 114 學年度第 2 學期行事曆     5   Date 日期 Event  行事  2026.05.15 (Fri.)  Calculation Date for Student Withdrawal/Leave of Absence and  Tuition Refund (Upon Reaching 2/3 of Semester Classes)  學生申請休、退學退費上課達 2/3 基準日  2026.05.29 (Fri.)  Deadline for Early Graduation Application']",The New Student Registration for Spring Semester 2026 is on 2026.02.23 (Mon.).,1.0,0.9529971706115279,0.99999999995,Qwen3_no_think
When is the 2026 Spring welcome orientation for international students?,"['to CCU and we are looking forward to seeing you on campus soon.    Best regards,    Office of International Affairs  National Chung Cheng University        Welcome to CCU!          3    01  CCU’s Calendar  for  Spring Semester  2026  CCU’s Calendar for Spring Semester 2026 國立中正大學 114 學年度第 2 學期行事曆  4  The academic calendar for CCU(114 學年度行事曆) is available at this website.  https://oia.ccu.edu.tw/p/405-1008-63090,c1425.php?Lang=en  Date 日期 Event  行事  2026.02.20 (Mon.)  Spring semester begins 第 2 學期開始 Dormitory move-in day 學生宿舍進住日  2026.02.23 (Mon.) New Student Registration 新生註冊  2026.02.23 (Mon.) ~ 2026.03.06 (Fri.)  First Course Selection for New Students (including Special Programs) 新生(含專班)第一階段選課  2026.02.25 (Wed.) 2026 Spring welcome orientation for international students 新生說明會  2026.02.27 (Fri.) ~ 2026.02.28 (Sat.)  Peace Memorial Day (day off) 二二八和平紀念日(放假)  2026.03.16 (Mon.)  Deadline for Students to Submit ""Waiver of Student Group Insurance"" 繳交「不參加學生團體保險切結書」截止日  2026.04.01 (Wed.)  Deadline for', 'to CCU and we are looking forward to seeing you on campus soon.    Best regards,    Office of International Affairs  National Chung Cheng University        Welcome to CCU!          3    01  CCU’s Calendar  for  Spring Semester  2026  CCU’s Calendar for Spring Semester 2026 國立中正大學 114 學年度第 2 學期行事曆  4  The academic calendar for CCU(114 學年度行事曆) is available at this website.  https://oia.ccu.edu.tw/p/405-1008-63090,c1425.php?Lang=en  Date 日期 Event  行事  2026.02.20 (Mon.)  Spring semester begins 第 2 學期開始 Dormitory move-in day 學生宿舍進住日  2026.02.23 (Mon.) New Student Registration 新生註冊  2026.02.23 (Mon.) ~ 2026.03.06 (Fri.)  First Course Selection for New Students (including Special Programs) 新生(含專班)第一階段選課  2026.02.25 (Wed.) 2026 Spring welcome orientation for international students 新生說明會  2026.02.27 (Fri.) ~ 2026.02.28 (Sat.)  Peace Memorial Day (day off) 二二八和平紀念日(放假)  2026.03.16 (Mon.)  Deadline for Students to Submit ""Waiver of Student Group Insurance"" 繳交「不參加學生團體保險切結書」截止日  2026.04.01 (Wed.)  Deadline for', 'Festival 端午節  2026.06.20 (Sat.) ~  2026.06.26 (Fri.)  Final Exam Week (General Courses, Week 18); Flexible Teaching  Courses follow Course Syllabus  一般課程期末考試(彈性教學課程依課程大綱辦理)  2026.07.05 (Sun.) Dormitory move-out deadline  退宿截止日  2026.07.31 (Fri.) End of the spring semester 第 2 學期結束     6     02        Pre-departure Checklist Pre-departure Checklist    7   2.1 Pre-departure Checklist       Event Check  1 Valid Resident VISA & Health Certificate for Alien Residence Certificate(ARC)   2 Passport (Original and 3 photocopies)   3  Personal photos*4 & the digital file  The photo should be a color photo with a glossy finish taken with a white background  within the last six months. The photo should be 4.5cm × 3.5cm with an image of the  head that should be no shorter than 3.2 cm or longer  than 3.6 cm from the top of the head to the chin.  The photo should be with clear and identifiable  facial features without wearing a hat or a pair of  color glasses. Please refer to the sample photo.  If you are worried that the']",The 2026 Spring welcome orientation for international students is on 2026.02.25 (Wed.).,1.0,0.9958267255016643,0.99999999995,Qwen3_no_think
What is the deadline for university registration (upon reaching 1/3 of semester classes)?,"['Date for Student Withdrawal/Leave of Absence and  Tuition Refund (Upon Reaching 2/3 of Semester Classes)  學生申請休、退學退費上課達 2/3 基準日  2026.05.29 (Fri.)  Deadline for Early Graduation Application (Undergraduate Students)   學士班學生提前畢業申請截止日  2026.06.01 (Mon.) Application for department transfer, minor, or double major for  undergraduate students. 學士班申請轉系、輔系、雙主修      2026.06.06 (Sat.) Graduation Ceremony  畢業典禮  2026.06.08 (Mon.) ~  2026.06.12 (Fri.)  Phase 1 Course Selection (1st Semester, AY 115)  115 學年第 1 學期第一階段選課  2026.06.08 (Mon.) ~  2026.06.14 (Sun.)  Final Exam Week (Flexible Teaching Period for Instructors)  因應彈性教學教師可規劃課程於第 16 週期末考試  2026.06.15 (Mon.) ~  2026.06.26 (Fri.)  Flexible Teaching Period for Instructors 教師彈性教學  2026.06.18 (Thu.) Last Day of Classes for 2nd Semester 第 2 學期上課最後一天  2026.06.19 (Fri.) Dragon Boat Festival 端午節  2026.06.20 (Sat.) ~  2026.06.26 (Fri.)  Final Exam Week (General Courses, Week 18); Flexible Teaching  Courses follow Course Syllabus  一般課程期末考試(彈性教學課程依課程大綱辦理)  2026.07.05 (Sun.)', 'Date for Student Withdrawal/Leave of Absence and  Tuition Refund (Upon Reaching 2/3 of Semester Classes)  學生申請休、退學退費上課達 2/3 基準日  2026.05.29 (Fri.)  Deadline for Early Graduation Application (Undergraduate Students)   學士班學生提前畢業申請截止日  2026.06.01 (Mon.) Application for department transfer, minor, or double major for  undergraduate students. 學士班申請轉系、輔系、雙主修      2026.06.06 (Sat.) Graduation Ceremony  畢業典禮  2026.06.08 (Mon.) ~  2026.06.12 (Fri.)  Phase 1 Course Selection (1st Semester, AY 115)  115 學年第 1 學期第一階段選課  2026.06.08 (Mon.) ~  2026.06.14 (Sun.)  Final Exam Week (Flexible Teaching Period for Instructors)  因應彈性教學教師可規劃課程於第 16 週期末考試  2026.06.15 (Mon.) ~  2026.06.26 (Fri.)  Flexible Teaching Period for Instructors 教師彈性教學  2026.06.18 (Thu.) Last Day of Classes for 2nd Semester 第 2 學期上課最後一天  2026.06.19 (Fri.) Dragon Boat Festival 端午節  2026.06.20 (Sat.) ~  2026.06.26 (Fri.)  Final Exam Week (General Courses, Week 18); Flexible Teaching  Courses follow Course Syllabus  一般課程期末考試(彈性教學課程依課程大綱辦理)  2026.07.05 (Sun.)', 'students’credits  新生(含專班)抵免學分申請  2025.09.03 (Wed.) On-campus health examination for freshman 校內新生體檢  2025.09.03 (Wed.) ~  2025.09.05 (Fri.)  First Course Selection for New Students (including Special Programs)新生 (含專班)第一階段選課  2025.09.05 (Fri.)  Deadline of applying full refund in the First semester (For expelled and  drop-out students). 第 1 學期學生申請休、退學全額退費截止日  2025.09.08 (Mon.)  Class begins. 第 1 學期上課開始  Registration deadline for all current and new students. 註冊截止日  Application for Degree Examination of Graduate Student Starts 研究生學 位考試申請開始  2025.09.08 (Mon.) ~  2025.09.19 (Fri.)  2nd Course Selection for Fall Semester 2025  114-1 學期第二階段選課  2025.09.19 (Fri.) National Disaster Prevention Day 國家防災日演習  2025.10.06 (Mon.) Mid-Autumn Festival (day off) 中秋節 (放假一天)  2025.10.10 (Fri.) National Day (day off) 國慶日 (放假一天)  2025.10.15 (Wed.)  Deadline for submitting “Cut-off book for not participating in students  group insurance”  繳交「不參加學生團體保險切結書」截止日  2025.10.17 (Fri.) Standard of one-third school days.  學生申請休、退學退費上課達 1/3']",The deadline for university registration upon reaching 1/3 of semester classes is 2025.10.17 (Fri.).,0.0,0.9954302742563449,0.3333333333,Qwen3_no_think
When is the Midterm Exam Week for Spring Semester 2026?,"['(Sat.)  Peace Memorial Day (day off) 二二八和平紀念日(放假)  2026.03.16 (Mon.)  Deadline for Students to Submit ""Waiver of Student Group Insurance"" 繳交「不參加學生團體保險切結書」截止日  2026.04.01 (Wed.)  Deadline for Registration (Upon Reaching 1/3 of Semester Classes)  註冊截止日(上課達 1/3 基準日)  2026.04.03 (Fri.) ~ 2026.04.06 (Mon.)  Make-up Holiday for Children\'s Day and Tomb-Sweeping Day 兒童節、民族掃墓節  2026.04.07(Tue.) ~ 2026.04.08(Wed.)  Inter-University Activities (Classes Suspended; Instructors to Schedule  Make-up Classes Independently)  校際活動（停課，課程由教師自行擇期補課）  2026.04.20(Mon.) ~ 2026.04.26(Sun.)  Midterm Exam Week 期中考試週  2026.04.27(Mon.) ~ 2026.05.25(Mon.)  Course drop-out application period 棄選申請  2026.05.01(Fri.)  Labor Day 勞動節 CCU’s Calendar for Spring Semester 2026  國立中正大學 114 學年度第 2 學期行事曆     5   Date 日期 Event  行事  2026.05.15 (Fri.)  Calculation Date for Student Withdrawal/Leave of Absence and  Tuition Refund (Upon Reaching 2/3 of Semester Classes)  學生申請休、退學退費上課達 2/3 基準日  2026.05.29 (Fri.)  Deadline for Early Graduation Application', '(Sat.)  Peace Memorial Day (day off) 二二八和平紀念日(放假)  2026.03.16 (Mon.)  Deadline for Students to Submit ""Waiver of Student Group Insurance"" 繳交「不參加學生團體保險切結書」截止日  2026.04.01 (Wed.)  Deadline for Registration (Upon Reaching 1/3 of Semester Classes)  註冊截止日(上課達 1/3 基準日)  2026.04.03 (Fri.) ~ 2026.04.06 (Mon.)  Make-up Holiday for Children\'s Day and Tomb-Sweeping Day 兒童節、民族掃墓節  2026.04.07(Tue.) ~ 2026.04.08(Wed.)  Inter-University Activities (Classes Suspended; Instructors to Schedule  Make-up Classes Independently)  校際活動（停課，課程由教師自行擇期補課）  2026.04.20(Mon.) ~ 2026.04.26(Sun.)  Midterm Exam Week 期中考試週  2026.04.27(Mon.) ~ 2026.05.25(Mon.)  Course drop-out application period 棄選申請  2026.05.01(Fri.)  Labor Day 勞動節 CCU’s Calendar for Spring Semester 2026  國立中正大學 114 學年度第 2 學期行事曆     5   Date 日期 Event  行事  2026.05.15 (Fri.)  Calculation Date for Student Withdrawal/Leave of Absence and  Tuition Refund (Upon Reaching 2/3 of Semester Classes)  學生申請休、退學退費上課達 2/3 基準日  2026.05.29 (Fri.)  Deadline for Early Graduation Application', '2025.12.26 (Fri.)  First course selection for Spring Semester 2026  第 2 學期第一階段選課  2025.12.22 (Mon.) ~  2025.12.28 (Sun.)  Instructors at CCU can arrange their classes to accommodate flexible  teaching practices in relation to the final exams scheduled in the 16th  week. 因應彈性教學教師可規劃課程於第 16 週期末考試 2025.12.29 (Mon.) ~  2026.01.09 (Fri.)  Flexible teaching period for the 2025 Fall Semester 教師彈性教學  2025.12.31 (Wed.) Deadline of applying for graduating beforehand (For undergraduate  students) 學士班學生提前畢業申請截止日  2026.01.01 (Thu.) Anniversary of the Founding of R. O. C. (day off) 中華民國開國紀念日(放假)  2026.01.02 (Fri.)  Last lecture day. Deadline of applying for dropping out in the 2025 Fall  Semester.  第 1 學期上課最後一天，第 1 學期休學申請截止日  2026.01.03 (Sat.) ~  2026.01.09 (Fri.)  Final examination period 期末考週  2026.01.13 (Tues.) Dormitory move-out deadline 退宿截止日  2026.01.28 (Wed.)  Deadline for Graduate Students Degree Examination in Fall Semester  第 1 學期研究生學位考試截止日  2026.01.31 (Sat.) End of the first semester 第 1 學期結束   6     02']",The Midterm Exam Week for Spring Semester 2026 is from 2026.04.20 (Mon.) to 2026.04.26 (Sun.).,1.0,0.9632356728236298,0.99999999995,Qwen3_no_think
When is the Graduation Ceremony for Spring Semester 2026?,"['Date for Student Withdrawal/Leave of Absence and  Tuition Refund (Upon Reaching 2/3 of Semester Classes)  學生申請休、退學退費上課達 2/3 基準日  2026.05.29 (Fri.)  Deadline for Early Graduation Application (Undergraduate Students)   學士班學生提前畢業申請截止日  2026.06.01 (Mon.) Application for department transfer, minor, or double major for  undergraduate students. 學士班申請轉系、輔系、雙主修      2026.06.06 (Sat.) Graduation Ceremony  畢業典禮  2026.06.08 (Mon.) ~  2026.06.12 (Fri.)  Phase 1 Course Selection (1st Semester, AY 115)  115 學年第 1 學期第一階段選課  2026.06.08 (Mon.) ~  2026.06.14 (Sun.)  Final Exam Week (Flexible Teaching Period for Instructors)  因應彈性教學教師可規劃課程於第 16 週期末考試  2026.06.15 (Mon.) ~  2026.06.26 (Fri.)  Flexible Teaching Period for Instructors 教師彈性教學  2026.06.18 (Thu.) Last Day of Classes for 2nd Semester 第 2 學期上課最後一天  2026.06.19 (Fri.) Dragon Boat Festival 端午節  2026.06.20 (Sat.) ~  2026.06.26 (Fri.)  Final Exam Week (General Courses, Week 18); Flexible Teaching  Courses follow Course Syllabus  一般課程期末考試(彈性教學課程依課程大綱辦理)  2026.07.05 (Sun.)', 'Date for Student Withdrawal/Leave of Absence and  Tuition Refund (Upon Reaching 2/3 of Semester Classes)  學生申請休、退學退費上課達 2/3 基準日  2026.05.29 (Fri.)  Deadline for Early Graduation Application (Undergraduate Students)   學士班學生提前畢業申請截止日  2026.06.01 (Mon.) Application for department transfer, minor, or double major for  undergraduate students. 學士班申請轉系、輔系、雙主修      2026.06.06 (Sat.) Graduation Ceremony  畢業典禮  2026.06.08 (Mon.) ~  2026.06.12 (Fri.)  Phase 1 Course Selection (1st Semester, AY 115)  115 學年第 1 學期第一階段選課  2026.06.08 (Mon.) ~  2026.06.14 (Sun.)  Final Exam Week (Flexible Teaching Period for Instructors)  因應彈性教學教師可規劃課程於第 16 週期末考試  2026.06.15 (Mon.) ~  2026.06.26 (Fri.)  Flexible Teaching Period for Instructors 教師彈性教學  2026.06.18 (Thu.) Last Day of Classes for 2nd Semester 第 2 學期上課最後一天  2026.06.19 (Fri.) Dragon Boat Festival 端午節  2026.06.20 (Sat.) ~  2026.06.26 (Fri.)  Final Exam Week (General Courses, Week 18); Flexible Teaching  Courses follow Course Syllabus  一般課程期末考試(彈性教學課程依課程大綱辦理)  2026.07.05 (Sun.)', 'Festival 端午節  2026.06.20 (Sat.) ~  2026.06.26 (Fri.)  Final Exam Week (General Courses, Week 18); Flexible Teaching  Courses follow Course Syllabus  一般課程期末考試(彈性教學課程依課程大綱辦理)  2026.07.05 (Sun.) Dormitory move-out deadline  退宿截止日  2026.07.31 (Fri.) End of the spring semester 第 2 學期結束     6     02        Pre-departure Checklist Pre-departure Checklist    7   2.1 Pre-departure Checklist       Event Check  1 Valid Resident VISA & Health Certificate for Alien Residence Certificate(ARC)   2 Passport (Original and 3 photocopies)   3  Personal photos*4 & the digital file  The photo should be a color photo with a glossy finish taken with a white background  within the last six months. The photo should be 4.5cm × 3.5cm with an image of the  head that should be no shorter than 3.2 cm or longer  than 3.6 cm from the top of the head to the chin.  The photo should be with clear and identifiable  facial features without wearing a hat or a pair of  color glasses. Please refer to the sample photo.  If you are worried that the']",The Graduation Ceremony for Spring Semester 2026 is scheduled from 2026.06.08 (Mon.) to 2026.06.12 (Fri.).,1.0,0.9439454565477016,0.99999999995,Qwen3_no_think
What is the last day of classes for the 2nd Semester 2026?,"['Date for Student Withdrawal/Leave of Absence and  Tuition Refund (Upon Reaching 2/3 of Semester Classes)  學生申請休、退學退費上課達 2/3 基準日  2026.05.29 (Fri.)  Deadline for Early Graduation Application (Undergraduate Students)   學士班學生提前畢業申請截止日  2026.06.01 (Mon.) Application for department transfer, minor, or double major for  undergraduate students. 學士班申請轉系、輔系、雙主修      2026.06.06 (Sat.) Graduation Ceremony  畢業典禮  2026.06.08 (Mon.) ~  2026.06.12 (Fri.)  Phase 1 Course Selection (1st Semester, AY 115)  115 學年第 1 學期第一階段選課  2026.06.08 (Mon.) ~  2026.06.14 (Sun.)  Final Exam Week (Flexible Teaching Period for Instructors)  因應彈性教學教師可規劃課程於第 16 週期末考試  2026.06.15 (Mon.) ~  2026.06.26 (Fri.)  Flexible Teaching Period for Instructors 教師彈性教學  2026.06.18 (Thu.) Last Day of Classes for 2nd Semester 第 2 學期上課最後一天  2026.06.19 (Fri.) Dragon Boat Festival 端午節  2026.06.20 (Sat.) ~  2026.06.26 (Fri.)  Final Exam Week (General Courses, Week 18); Flexible Teaching  Courses follow Course Syllabus  一般課程期末考試(彈性教學課程依課程大綱辦理)  2026.07.05 (Sun.)', 'Date for Student Withdrawal/Leave of Absence and  Tuition Refund (Upon Reaching 2/3 of Semester Classes)  學生申請休、退學退費上課達 2/3 基準日  2026.05.29 (Fri.)  Deadline for Early Graduation Application (Undergraduate Students)   學士班學生提前畢業申請截止日  2026.06.01 (Mon.) Application for department transfer, minor, or double major for  undergraduate students. 學士班申請轉系、輔系、雙主修      2026.06.06 (Sat.) Graduation Ceremony  畢業典禮  2026.06.08 (Mon.) ~  2026.06.12 (Fri.)  Phase 1 Course Selection (1st Semester, AY 115)  115 學年第 1 學期第一階段選課  2026.06.08 (Mon.) ~  2026.06.14 (Sun.)  Final Exam Week (Flexible Teaching Period for Instructors)  因應彈性教學教師可規劃課程於第 16 週期末考試  2026.06.15 (Mon.) ~  2026.06.26 (Fri.)  Flexible Teaching Period for Instructors 教師彈性教學  2026.06.18 (Thu.) Last Day of Classes for 2nd Semester 第 2 學期上課最後一天  2026.06.19 (Fri.) Dragon Boat Festival 端午節  2026.06.20 (Sat.) ~  2026.06.26 (Fri.)  Final Exam Week (General Courses, Week 18); Flexible Teaching  Courses follow Course Syllabus  一般課程期末考試(彈性教學課程依課程大綱辦理)  2026.07.05 (Sun.)', '(Sat.)  Peace Memorial Day (day off) 二二八和平紀念日(放假)  2026.03.16 (Mon.)  Deadline for Students to Submit ""Waiver of Student Group Insurance"" 繳交「不參加學生團體保險切結書」截止日  2026.04.01 (Wed.)  Deadline for Registration (Upon Reaching 1/3 of Semester Classes)  註冊截止日(上課達 1/3 基準日)  2026.04.03 (Fri.) ~ 2026.04.06 (Mon.)  Make-up Holiday for Children\'s Day and Tomb-Sweeping Day 兒童節、民族掃墓節  2026.04.07(Tue.) ~ 2026.04.08(Wed.)  Inter-University Activities (Classes Suspended; Instructors to Schedule  Make-up Classes Independently)  校際活動（停課，課程由教師自行擇期補課）  2026.04.20(Mon.) ~ 2026.04.26(Sun.)  Midterm Exam Week 期中考試週  2026.04.27(Mon.) ~ 2026.05.25(Mon.)  Course drop-out application period 棄選申請  2026.05.01(Fri.)  Labor Day 勞動節 CCU’s Calendar for Spring Semester 2026  國立中正大學 114 學年度第 2 學期行事曆     5   Date 日期 Event  行事  2026.05.15 (Fri.)  Calculation Date for Student Withdrawal/Leave of Absence and  Tuition Refund (Upon Reaching 2/3 of Semester Classes)  學生申請休、退學退費上課達 2/3 基準日  2026.05.29 (Fri.)  Deadline for Early Graduation Application']",The last day of classes for the 2nd Semester 2026 is 2026.06.18 (Thu.).,1.0,0.9999999999999994,0.99999999995,Qwen3_no_think
When is the dormitory move-out deadline for Spring Semester 2026?,"['Festival 端午節  2026.06.20 (Sat.) ~  2026.06.26 (Fri.)  Final Exam Week (General Courses, Week 18); Flexible Teaching  Courses follow Course Syllabus  一般課程期末考試(彈性教學課程依課程大綱辦理)  2026.07.05 (Sun.) Dormitory move-out deadline  退宿截止日  2026.07.31 (Fri.) End of the spring semester 第 2 學期結束     6     02        Pre-departure Checklist Pre-departure Checklist    7   2.1 Pre-departure Checklist       Event Check  1 Valid Resident VISA & Health Certificate for Alien Residence Certificate(ARC)   2 Passport (Original and 3 photocopies)   3  Personal photos*4 & the digital file  The photo should be a color photo with a glossy finish taken with a white background  within the last six months. The photo should be 4.5cm × 3.5cm with an image of the  head that should be no shorter than 3.2 cm or longer  than 3.6 cm from the top of the head to the chin.  The photo should be with clear and identifiable  facial features without wearing a hat or a pair of  color glasses. Please refer to the sample photo.  If you are worried that the', 'Festival 端午節  2026.06.20 (Sat.) ~  2026.06.26 (Fri.)  Final Exam Week (General Courses, Week 18); Flexible Teaching  Courses follow Course Syllabus  一般課程期末考試(彈性教學課程依課程大綱辦理)  2026.07.05 (Sun.) Dormitory move-out deadline  退宿截止日  2026.07.31 (Fri.) End of the spring semester 第 2 學期結束     6     02        Pre-departure Checklist Pre-departure Checklist    7   2.1 Pre-departure Checklist       Event Check  1 Valid Resident VISA & Health Certificate for Alien Residence Certificate(ARC)   2 Passport (Original and 3 photocopies)   3  Personal photos*4 & the digital file  The photo should be a color photo with a glossy finish taken with a white background  within the last six months. The photo should be 4.5cm × 3.5cm with an image of the  head that should be no shorter than 3.2 cm or longer  than 3.6 cm from the top of the head to the chin.  The photo should be with clear and identifiable  facial features without wearing a hat or a pair of  color glasses. Please refer to the sample photo.  If you are worried that the', '(Sat.)  Peace Memorial Day (day off) 二二八和平紀念日(放假)  2026.03.16 (Mon.)  Deadline for Students to Submit ""Waiver of Student Group Insurance"" 繳交「不參加學生團體保險切結書」截止日  2026.04.01 (Wed.)  Deadline for Registration (Upon Reaching 1/3 of Semester Classes)  註冊截止日(上課達 1/3 基準日)  2026.04.03 (Fri.) ~ 2026.04.06 (Mon.)  Make-up Holiday for Children\'s Day and Tomb-Sweeping Day 兒童節、民族掃墓節  2026.04.07(Tue.) ~ 2026.04.08(Wed.)  Inter-University Activities (Classes Suspended; Instructors to Schedule  Make-up Classes Independently)  校際活動（停課，課程由教師自行擇期補課）  2026.04.20(Mon.) ~ 2026.04.26(Sun.)  Midterm Exam Week 期中考試週  2026.04.27(Mon.) ~ 2026.05.25(Mon.)  Course drop-out application period 棄選申請  2026.05.01(Fri.)  Labor Day 勞動節 CCU’s Calendar for Spring Semester 2026  國立中正大學 114 學年度第 2 學期行事曆     5   Date 日期 Event  行事  2026.05.15 (Fri.)  Calculation Date for Student Withdrawal/Leave of Absence and  Tuition Refund (Upon Reaching 2/3 of Semester Classes)  學生申請休、退學退費上課達 2/3 基準日  2026.05.29 (Fri.)  Deadline for Early Graduation Application']",The dormitory move-out deadline for the Spring Semester 2026 is 2026.07.05 (Sun.).,1.0,0.9967046830386291,0.99999999995,Qwen3_no_think
How many passport photocopies are required in the pre-departure checklist?,"['deadline 退宿截止日  2026.01.28 (Wed.)  Deadline for Graduate Students Degree Examination in Fall Semester  第 1 學期研究生學位考試截止日  2026.01.31 (Sat.) End of the first semester 第 1 學期結束   6     02        Pre-departure Checklist Pre-departure Checklist    7   2.1 Pre-departure Checklist       Event Check  1 Valid Resident VISA & Health Certificate for Alien Residence Certificate(ARC)   2 Passport (Original and 3 photocopies)                   3  Personal photos*4 & the digital file  The photo should be a color photo with a glossy finish taken with a white background  within the last six months. The photo should be 4.5cm × 3.5cm with an image of the  head that should be no shorter than 3.2 cm or longer  than 3.6 cm from the top of the head to the chin.  The photo should be with clear and identifiable  facial features without wearing a hat or a pair of  color glasses. Please refer to the sample photo.  If you are worried that the photos taken in  your country may not meet the requirement,  you can take a new photo at CCU', 'Festival 端午節  2026.06.20 (Sat.) ~  2026.06.26 (Fri.)  Final Exam Week (General Courses, Week 18); Flexible Teaching  Courses follow Course Syllabus  一般課程期末考試(彈性教學課程依課程大綱辦理)  2026.07.05 (Sun.) Dormitory move-out deadline  退宿截止日  2026.07.31 (Fri.) End of the spring semester 第 2 學期結束     6     02        Pre-departure Checklist Pre-departure Checklist    7   2.1 Pre-departure Checklist       Event Check  1 Valid Resident VISA & Health Certificate for Alien Residence Certificate(ARC)   2 Passport (Original and 3 photocopies)   3  Personal photos*4 & the digital file  The photo should be a color photo with a glossy finish taken with a white background  within the last six months. The photo should be 4.5cm × 3.5cm with an image of the  head that should be no shorter than 3.2 cm or longer  than 3.6 cm from the top of the head to the chin.  The photo should be with clear and identifiable  facial features without wearing a hat or a pair of  color glasses. Please refer to the sample photo.  If you are worried that the', 'Festival 端午節  2026.06.20 (Sat.) ~  2026.06.26 (Fri.)  Final Exam Week (General Courses, Week 18); Flexible Teaching  Courses follow Course Syllabus  一般課程期末考試(彈性教學課程依課程大綱辦理)  2026.07.05 (Sun.) Dormitory move-out deadline  退宿截止日  2026.07.31 (Fri.) End of the spring semester 第 2 學期結束     6     02        Pre-departure Checklist Pre-departure Checklist    7   2.1 Pre-departure Checklist       Event Check  1 Valid Resident VISA & Health Certificate for Alien Residence Certificate(ARC)   2 Passport (Original and 3 photocopies)   3  Personal photos*4 & the digital file  The photo should be a color photo with a glossy finish taken with a white background  within the last six months. The photo should be 4.5cm × 3.5cm with an image of the  head that should be no shorter than 3.2 cm or longer  than 3.6 cm from the top of the head to the chin.  The photo should be with clear and identifiable  facial features without wearing a hat or a pair of  color glasses. Please refer to the sample photo.  If you are worried that the']",The pre-departure checklist requires 3 passport photocopies.,1.0,0.9946470799733079,0.9999999999666667,Qwen3_no_think
What are the required dimensions for the personal ID photo in the pre-departure checklist?,"['Festival 端午節  2026.06.20 (Sat.) ~  2026.06.26 (Fri.)  Final Exam Week (General Courses, Week 18); Flexible Teaching  Courses follow Course Syllabus  一般課程期末考試(彈性教學課程依課程大綱辦理)  2026.07.05 (Sun.) Dormitory move-out deadline  退宿截止日  2026.07.31 (Fri.) End of the spring semester 第 2 學期結束     6     02        Pre-departure Checklist Pre-departure Checklist    7   2.1 Pre-departure Checklist       Event Check  1 Valid Resident VISA & Health Certificate for Alien Residence Certificate(ARC)   2 Passport (Original and 3 photocopies)   3  Personal photos*4 & the digital file  The photo should be a color photo with a glossy finish taken with a white background  within the last six months. The photo should be 4.5cm × 3.5cm with an image of the  head that should be no shorter than 3.2 cm or longer  than 3.6 cm from the top of the head to the chin.  The photo should be with clear and identifiable  facial features without wearing a hat or a pair of  color glasses. Please refer to the sample photo.  If you are worried that the', 'Festival 端午節  2026.06.20 (Sat.) ~  2026.06.26 (Fri.)  Final Exam Week (General Courses, Week 18); Flexible Teaching  Courses follow Course Syllabus  一般課程期末考試(彈性教學課程依課程大綱辦理)  2026.07.05 (Sun.) Dormitory move-out deadline  退宿截止日  2026.07.31 (Fri.) End of the spring semester 第 2 學期結束     6     02        Pre-departure Checklist Pre-departure Checklist    7   2.1 Pre-departure Checklist       Event Check  1 Valid Resident VISA & Health Certificate for Alien Residence Certificate(ARC)   2 Passport (Original and 3 photocopies)   3  Personal photos*4 & the digital file  The photo should be a color photo with a glossy finish taken with a white background  within the last six months. The photo should be 4.5cm × 3.5cm with an image of the  head that should be no shorter than 3.2 cm or longer  than 3.6 cm from the top of the head to the chin.  The photo should be with clear and identifiable  facial features without wearing a hat or a pair of  color glasses. Please refer to the sample photo.  If you are worried that the', 'deadline 退宿截止日  2026.01.28 (Wed.)  Deadline for Graduate Students Degree Examination in Fall Semester  第 1 學期研究生學位考試截止日  2026.01.31 (Sat.) End of the first semester 第 1 學期結束   6     02        Pre-departure Checklist Pre-departure Checklist    7   2.1 Pre-departure Checklist       Event Check  1 Valid Resident VISA & Health Certificate for Alien Residence Certificate(ARC)   2 Passport (Original and 3 photocopies)                   3  Personal photos*4 & the digital file  The photo should be a color photo with a glossy finish taken with a white background  within the last six months. The photo should be 4.5cm × 3.5cm with an image of the  head that should be no shorter than 3.2 cm or longer  than 3.6 cm from the top of the head to the chin.  The photo should be with clear and identifiable  facial features without wearing a hat or a pair of  color glasses. Please refer to the sample photo.  If you are worried that the photos taken in  your country may not meet the requirement,  you can take a new photo at CCU']","The required dimensions for the personal ID photo are 4.5cm × 3.5cm. The head should be between 3.2cm and 3.6cm from the top of the head to the chin. The photo must be color, glossy, with a white background, taken within the last six months, and show clear facial features without hats or colored glasses.",1.0,0.8486405888202522,0.9999999999666667,Qwen3_no_think
What is the suggested personal fund amount per semester for international students at CCU?,"['33,000 (3,500 ~ 5,500 per month)  Computer lab fee  Bachelor 1,155 / Master 460 per semester  only pay for it in the first year (two semesters)  Living Expenses  around 54,000 (9,000 per month)  *Actual expenses depend on consumption habits of each person.  Currency Unit: NT (NT$31.40=US$1)  based on the rate on 2026/12/29      10                                03  Accommodation Accommodation    11     1. On-campus accommodation is guaranteed for international students. The first- year-students don’t need to apply; the CCU Office of International Affairs will  arrange it for you . However, your dormitory room will be assigned ; you are  unable to choose your own rooms or roommates.  2. Your dormitory room is not equipped with mattress, pillow, and quilt.  3. Besides the dormitory fee, each one of you has to pay a residence deposit of  NT$1,600 and an electricity cha rge of NT$ 2,000, a total of NT$3, 600 (not  included in CCU scholarship). You will get an IC card saved with NT$1,000 to use  for the', '33,000 (3,500 ~ 5,500 per month)  Computer lab fee  Bachelor 1,155 / Master 460 per semester  only pay for it in the first year (two semesters)  Living Expenses  around 54,000 (9,000 per month)  *Actual expenses depend on consumption habits of each person.  Currency Unit: NT (NT$31.40=US$1)  based on the rate on 2026/12/29      10                                03  Accommodation Accommodation    11     1. On-campus accommodation is guaranteed for international students. The first- year-students don’t need to apply; the CCU Office of International Affairs will  arrange it for you . However, your dormitory room will be assigned ; you are  unable to choose your own rooms or roommates.  2. Your dormitory room is not equipped with mattress, pillow, and quilt.  3. Besides the dormitory fee, each one of you has to pay a residence deposit of  NT$1,600 and an electricity cha rge of NT$ 2,000, a total of NT$3, 600 (not  included in CCU scholarship). You will get an IC card saved with NT$1,000 to use  for the', 'Expenses  around 54,000 (9,000 per month)  *Actual expenses depend on consumption habits of each person.  Currency Unit: NT (NT$28.89=US$1)           based on the rate on 2025/7/03      10                                03  Accommodation Accommodation    11     1. On-campus accommodation is guaranteed for international students. The first- year-students don’t need to apply; the CCU Office of International Affairs will  arrange it for you . However, your dormitory room will be assigned ; you are  unable to choose your own rooms or roommates.  2. Your dormitory room is not equipped with mattress, pillow, and quilt.  3. Besides the dormitory fee, each one of  you has to pay a residence deposit of  NT$1,600 and an electricity cha rge of NT$ 2,000, a total of NT$3, 600 (not  included in CCU scholarship). You will get an IC card saved with NT$1,000 to use  for the electricity cost of your room. If the amount of NT$1,000 runs out, you  should go to the Dormitory Service Center, with your card & money, to recharge']","The suggested personal fund amount per semester for international students at CCU is NT$33,000 (approximately US$1,050). This includes living expenses of around NT$54,000 per semester (NT$9,000 per month) and other costs like computer lab fees (NT$1,155 for Bachelor’s, NT$460 for Master’s) and accommodation-related charges. Note that actual expenses vary based on individual consumption habits.",0.625,0.9910645407706017,0.9999999999666667,Qwen3_no_think
"What is the voltage used in Taiwan, and what type of plug is required?","['fund  A personal fund of NT $60,000 (approximately US $2,000) for per semester  is suggested.    10  Clothes and other personal belongings/medication  The voltage in Taiwan is 110 V, and the plug please  refer to the sample photo.    11  Telephone  The country code for Taiwan is “886”. This code is needed when someone wants to  make a call to Taiwan from other countries. To make an international phone call from  Taiwan, you will need to dial “019” + country code + area code + local number. Please  apply for the cellular service at the airport.    Pre-departure Checklist  2.2 Estimated Fees and Expenses  (per semester)    8             Item Tuition Miscellaneous Fees Total  College of Engineering 34,833 20,457 55,290  College of Sciences & Department of  Psychology/Communications/Information  Management/Athletic Sports    34,200    20,085    54,285  College of Management  (Except for Department of Information  Management)    31,033    18,226    49,259  Other Colleges  (Except for Department of', 'fund  A personal fund of NT $60,000 (approximately US $2,000) for per semester  is suggested.    10  Clothes and other personal belongings/medication  The voltage in Taiwan is 110 V, and the plug please  refer to the sample photo.    11  Telephone  The country code for Taiwan is “886”. This code is needed when someone wants to  make a call to Taiwan from other countries. To make an international phone call from  Taiwan, you will need to dial “019” + country code + area code + local number. Please  apply for the cellular service at the airport.    Pre-departure Checklist  2.2 Estimated Fees and Expenses  (per semester)    8             Item Tuition Miscellaneous Fees Total  College of Engineering 34,833 20,457 55,290  College of Sciences & Department of  Psychology/Communications/Information  Management/Athletic Sports    34,200    20,085    54,285  College of Management  (Except for Department of Information  Management)    31,033    18,226    49,259  Other Colleges  (Except for Department of', 'voltage in Taiwan is 110 V, and the plug please  refer to the sample photo.          9  Telephone  The country code for Taiwan is “886”. This code is needed when someone wants to  make a call to Taiwan from other countries. To make an international phone call  from Taiwan, you will need to dial “019” + country code + area code + local  number. Please apply for the cellular service at the airport.    Pre-departure Checklist  2.2 Estimated Fees and Expenses  (per semester)    8             Item Tuition Miscellaneous Fees Total  College of Engineering 34,833 20,457 55,290  College of Sciences & Department of  Psychology/Communications/Information  Management/Athletic Sports    34,200    20,085    54,285  College of Management  (Except for Department of Information  Management)    31,033    18,226    49,259  Other Colleges  (Except for Department of  Psychology/Communications/Information  Management/Athletic Sports)      30,400      17,854      48,254  For undergraduate students who delay their study period or']","The voltage in Taiwan is 110 V. The plug type is not specified in the text, but it mentions to refer to the sample photo for the plug type.",0.6666666666666666,0.9483687166230599,0.9999999999666667,Qwen3_no_think
What is the total tuition and fees per semester for a student in the College of Engineering?,"['fund  A personal fund of NT $60,000 (approximately US $2,000) for per semester  is suggested.    10  Clothes and other personal belongings/medication  The voltage in Taiwan is 110 V, and the plug please  refer to the sample photo.    11  Telephone  The country code for Taiwan is “886”. This code is needed when someone wants to  make a call to Taiwan from other countries. To make an international phone call from  Taiwan, you will need to dial “019” + country code + area code + local number. Please  apply for the cellular service at the airport.    Pre-departure Checklist  2.2 Estimated Fees and Expenses  (per semester)    8             Item Tuition Miscellaneous Fees Total  College of Engineering 34,833 20,457 55,290  College of Sciences & Department of  Psychology/Communications/Information  Management/Athletic Sports    34,200    20,085    54,285  College of Management  (Except for Department of Information  Management)    31,033    18,226    49,259  Other Colleges  (Except for Department of', 'fund  A personal fund of NT $60,000 (approximately US $2,000) for per semester  is suggested.    10  Clothes and other personal belongings/medication  The voltage in Taiwan is 110 V, and the plug please  refer to the sample photo.    11  Telephone  The country code for Taiwan is “886”. This code is needed when someone wants to  make a call to Taiwan from other countries. To make an international phone call from  Taiwan, you will need to dial “019” + country code + area code + local number. Please  apply for the cellular service at the airport.    Pre-departure Checklist  2.2 Estimated Fees and Expenses  (per semester)    8             Item Tuition Miscellaneous Fees Total  College of Engineering 34,833 20,457 55,290  College of Sciences & Department of  Psychology/Communications/Information  Management/Athletic Sports    34,200    20,085    54,285  College of Management  (Except for Department of Information  Management)    31,033    18,226    49,259  Other Colleges  (Except for Department of', 'don’t have NHI card) /  (826*6 months, for new students who have NHI card already)  Rent   a    room  On-campus  Accommodation Fee : 7,530  (Deposit 1,600 & Electricity Fees  2,000 per semester)  Accommodation Fee :  7,210 / 10,130  (Including Winter Vacation 1,100  / Summer Vacation 2,900 in the  payment sheet per semester)  (Deposit 1,600 & Electricity  Fees 2,000 per semester)  Winter Vacation : 1,130  (Deposit 600 & Electricity Fees 500)  Summer Vacation : 3,000  (Deposit 1,000 & Electricity Fees 1,000)  Network connection fees: 1,000  (per semester for on-campus dormitory)  300  (Fees for living in the dormitory during the Chinese New Year period)  Off-campus 21,000 ~ 33,000 (3,500 ~ 5,500 per month)  Computer lab fee  Bachelor 1,155 / Master 460 per semester  only pay for it in the first year (two semesters)  Living Expenses  around 54,000 (9,000 per month)  *Actual expenses depend on consumption habits of each person.  Currency Unit: NT (NT$28.89=US$1)           based on the rate on 2025/7/03      10']","The total tuition and fees per semester for a student in the College of Engineering is NT$55,290. This includes tuition of NT$34,833 and miscellaneous fees of NT$20,457.",1.0,0.9812851383424896,0.99999999995,Qwen3_no_think
How many students share a room in the undergraduate dormitory?,"['pay a residence deposit of  NT$1,600 and an electricity cha rge of NT$ 2,000, a total of NT$3, 600 (not  included in CCU scholarship). You will get an IC card saved with NT$1,000 to use  for the electricity cost of your room. If the amount of NT$1,000 runs out, you  should go to the Dormitory Service Center, with your card & money, to recharge  your card. The rest of NT$500 is reserved for the cost of public space. In the end  of every semester, the Dormitory Service Center will calculate the exact cost of  the electricity charge. If it is greater than the amount paid in the beginning of  semester, you will have to pay the difference.  4. The dormitory doesn’t supply the sheet for tenants. Furthermore, it doesn’t  include kitchen space, so please do not cook in your room.  5. Please ask the buddy assigned by OIA to help you regarding the check in  procedure at Dormitory Service Center.    3.1 Undergraduate student Dormitory  1. Undergraduate: 4 students share a room.  2. Each room is equipped with beds,', 'to help you regarding the check in  procedure at Dormitory Service Center.    3.1 Undergraduate student Dormitory  1. Undergraduate: 4 students share a room.  2. Each room is equipped with beds, L-shaped desks,  closets, telephone, lamps. Internet access is  available in all dormitories.  3. You can apply for dormitory network in the  Computer Center; the fee is NT$1,000 per  semester.    Accommodation    12     3.2 Graduate student Dormitory  1. Graduate: 2 students share a room.  2. Each room is equipped with beds, desks, chairs,  book shelf, closets, telephone. Internet access is  available in all dormitories.  3. You can apply for dormitory network in the  Computer Center; the fee is NT$1,000 per semester.    3.3 PhD student Dormitory  1. PhD: one to three students share a room.  2. Each room is equipped with beds, desks, chairs,  book shelf, closets, telephone. Internet access is  available in all dormitories.  3. You can apply for dormitory network in the  Computer Center; the fee is NT$1,000 per', 'to help you regarding the check in  procedure at Dormitory Service Center.    3.1 Undergraduate student Dormitory  1. Undergraduate: 4 students share a room.  2. Each room is equipped with beds, L-shaped desks,  closets, telephone, lamps. Internet access is  available in all dormitories.  3. You can apply for dormitory network in the  Computer Center; the fee is NT$1,000 per  semester.    Accommodation    12     3.2 Graduate student Dormitory  1. Graduate: 2 students share a room.  2. Each room is equipped with beds, desks, chairs,  book shelf, closets, telephone. Internet access is  available in all dormitories.  3. You can apply for dormitory network in the  Computer Center; the fee is NT$1,000 per semester.    3.3 PhD student Dormitory  1. PhD: one to three students share a room.  2. Each room is equipped with beds, desks, chairs,  book shelf, closets, telephone. Internet access is  available in all dormitories.  3. You can apply for dormitory network in the  Computer Center; the fee is NT$1,000 per']","Undergraduate students share a room with 4 other students. Each room is equipped with beds, L-shaped desks, closets, telephone, lamps, and internet access. The dormitory does not supply sheets, and cooking is not allowed in the room. The electricity charge and deposit details are separate from the scholarship.",0.9090909090909091,0.8048586326753803,0.9999999999666667,Qwen3_no_think
What items are NOT provided in the dormitory room that students must bring themselves?,"['pay a residence deposit of  NT$1,600 and an electricity cha rge of NT$ 2,000, a total of NT$3, 600 (not  included in CCU scholarship). You will get an IC card saved with NT$1,000 to use  for the electricity cost of your room. If the amount of NT$1,000 runs out, you  should go to the Dormitory Service Center, with your card & money, to recharge  your card. The rest of NT$500 is reserved for the cost of public space. In the end  of every semester, the Dormitory Service Center will calculate the exact cost of  the electricity charge. If it is greater than the amount paid in the beginning of  semester, you will have to pay the difference.  4. The dormitory doesn’t supply the sheet for tenants. Furthermore, it doesn’t  include kitchen space, so please do not cook in your room.  5. Please ask the buddy assigned by OIA to help you regarding the check in  procedure at Dormitory Service Center.    3.1 Undergraduate student Dormitory  1. Undergraduate: 4 students share a room.  2. Each room is equipped with beds,', 'pay a residence deposit of  NT$1,600 and an electricity cha rge of NT$ 2,000, a total of NT$3, 600 (not  included in CCU scholarship). You will get an IC card saved with NT$1,000 to use  for the electricity cost of your room. If the amount of NT$1,000 runs out, you  should go to the Dormitory Service Center, with your card & money, to recharge  your card. The rest of NT$500 is reserved for the cost of public space. In the end  of every semester, the Dormitory Service Center will calculate the exact cost of  the electricity charge. If it is greater than the amount paid in the beginning of  semester, you will have to pay the difference.  4. The dormitory doesn’t supply the sheet for tenants. Furthermore, it doesn’t  include kitchen space, so please do not cook in your room.  5. Please ask the buddy assigned by OIA to help you regarding the check in  procedure at Dormitory Service Center.    3.1 Undergraduate student Dormitory  1. Undergraduate: 4 students share a room.  2. Each room is equipped with beds,', 'On-campus dormitories at National Chung Cheng University only provide bed frames.\n\nStudents are required to prepare their own mattresses, blankets, pillows, and bed sheets.']","The dormitory does not provide sheets, mattresses, blankets, pillows, or kitchen space. Students must bring these items themselves. Additionally, cooking in the room is prohibited.",0.9090909090909091,0.921234278997756,0.9999999999666667,Qwen3_no_think
How much is the residence deposit and electricity charge that students must pay besides the dormitory fee?,"['pay a residence deposit of  NT$1,600 and an electricity cha rge of NT$ 2,000, a total of NT$3, 600 (not  included in CCU scholarship). You will get an IC card saved with NT$1,000 to use  for the electricity cost of your room. If the amount of NT$1,000 runs out, you  should go to the Dormitory Service Center, with your card & money, to recharge  your card. The rest of NT$500 is reserved for the cost of public space. In the end  of every semester, the Dormitory Service Center will calculate the exact cost of  the electricity charge. If it is greater than the amount paid in the beginning of  semester, you will have to pay the difference.  4. The dormitory doesn’t supply the sheet for tenants. Furthermore, it doesn’t  include kitchen space, so please do not cook in your room.  5. Please ask the buddy assigned by OIA to help you regarding the check in  procedure at Dormitory Service Center.    3.1 Undergraduate student Dormitory  1. Undergraduate: 4 students share a room.  2. Each room is equipped with beds,', 'pay a residence deposit of  NT$1,600 and an electricity cha rge of NT$ 2,000, a total of NT$3, 600 (not  included in CCU scholarship). You will get an IC card saved with NT$1,000 to use  for the electricity cost of your room. If the amount of NT$1,000 runs out, you  should go to the Dormitory Service Center, with your card & money, to recharge  your card. The rest of NT$500 is reserved for the cost of public space. In the end  of every semester, the Dormitory Service Center will calculate the exact cost of  the electricity charge. If it is greater than the amount paid in the beginning of  semester, you will have to pay the difference.  4. The dormitory doesn’t supply the sheet for tenants. Furthermore, it doesn’t  include kitchen space, so please do not cook in your room.  5. Please ask the buddy assigned by OIA to help you regarding the check in  procedure at Dormitory Service Center.    3.1 Undergraduate student Dormitory  1. Undergraduate: 4 students share a room.  2. Each room is equipped with beds,', 'don’t have NHI card) /  (826*6 months, for new students who have NHI card already)  Rent   a    room  On-campus  Accommodation Fee : 7,530  (Deposit 1,600 & Electricity Fees  2,000 per semester)  Accommodation Fee :  7,210 / 10,130  (Including Winter Vacation 1,100  / Summer Vacation 2,900 in the  payment sheet per semester)  (Deposit 1,600 & Electricity  Fees 2,000 per semester)  Winter Vacation : 1,130  (Deposit 600 & Electricity Fees 500)  Summer Vacation : 3,000  (Deposit 1,000 & Electricity Fees 1,000)  Network connection fees: 1,000  (per semester for on-campus dormitory)  300  (Fees for living in the dormitory during the Chinese New Year period)  Off-campus 21,000 ~ 33,000 (3,500 ~ 5,500 per month)  Computer lab fee  Bachelor 1,155 / Master 460 per semester  only pay for it in the first year (two semesters)  Living Expenses  around 54,000 (9,000 per month)  *Actual expenses depend on consumption habits of each person.  Currency Unit: NT (NT$28.89=US$1)           based on the rate on 2025/7/03      10']","The residence deposit is NT$1,600 and the electricity charge is NT$2,000 per semester, totaling NT$3,600. An IC card with NT$1,000 is provided for electricity use, with an additional NT$500 reserved for public space. If the actual electricity cost exceeds the initial payment, the difference must be covered.",1.0,0.7589268330606552,0.9999999999666667,Qwen3_no_think
Within how many days after entering Taiwan must an international student apply for an ARC?,"['International students must apply for an ARC 15 to 30 days before their Visitor Visa expires. This time window is very important. If you apply after the visa has expired, it may affect your residency status and could even require you to leave Taiwan and reapply.', 'VISA before coming to Taiwan, it is necessary that you apply for a  Resident VISA on your own and then the ARC.    For international students, the Alien Resident Certificate (ARC) serves as their temporary  ID card which can prove their resident status in Taiwan. Please remember to apply for the  Alien Resident Certificate at the local office of Ministry of Interior National Immigration  Agency on the next day upon arrival or within 30 days of the issue of your resident visa.  International students must apply for ARC extension within three months before the  expiration date. If the ARC expires during the summer vacation (from July to September),  students are allowed to apply for extension from the 1st of April. For over -staying  foreigners who did not apply for ARC extension, their residence will be ceased by the  authorized agency, and they may be expelled from Taiwan.    I. Required documents for applying Resident  Visa  1. A signed application form  2. The original and photocopy of your passport  3.', 'the first 6 months, we help you get medical insurance at first that  can cover your medical procedures in Taiwan.    II. National Health Insurance (NHI)  It is necessary to apply National Health Insurance for staying in Taiwan. According to  Taiwan National Health Insurance Act, only students who have stayed for more than 6  months are qualified for NHI. For example, if the date of issue on your ARC is on Mar ch  10th, the nearest date you can apply is Sep. 10th.    Registration  4.5 Applying for Resident Visa and  Alien Resident Certificate (ARC)    20     You are required to possess a Resident VISA and an ARC in order to stay in Taiwan for  studying. If you have obtained a Resident VISA before coming to Taiwan, you only need  to apply for an ARC when you arrive at CCU. This will make things easier. If you did  not  apply for a Resident VISA before coming to Taiwan, it is necessary that you apply for a  Resident VISA on your own and then the ARC.    For international students, the Alien Resident Certificate']","International students must apply for an ARC within 30 days of arriving in Taiwan. They should apply at the local office of the Ministry of Interior National Immigration Agency within 30 days of the issue of their resident visa. If the ARC expires during summer vacation (July to September), students can apply for an extension from April 1st.",0.6666666666666666,0.9119171970934531,0.49999999995,Qwen3_no_think
What is the application fee for the Alien Resident Certificate (ARC)?,"['The basic ARC fee is NT$1,000 per year. However, if you are converting from visa-free entry or a Visitor Visa to an ARC, an additional NT$2,200 is charged according to official regulations.', 'will be ceased by the  authorized agency, and they may be expelled from Taiwan.    I. Required documents for applying Resident  Visa  1. A signed application form  2. The original and photocopy of your passport  3. The original and photocopy of the student ID card or the enrollment certificate  4. The satisfactory health examination report  5. 2 photos (4.5cm × 3.5cm)  6. Visa fee (https://www.boca.gov.tw/mp-2.html)  For more information on VISA application, please refer to the Bureau of Consular  Affairs, Ministry of Foreign Affairs Website: https://www.boca.gov.tw/mp-2.html    II. Required documents for applying Alien Resident Certificate (ARC)  1. The original and photocopy of your passport and Resident Visa  2. The original and photocopy of the student ID card with the right registered  stamp or the enrollment certificate  3. Application fee NT$1,000  4. Photo   5. ARC Application System:   https://coa.immigration.gov.tw/coa-frontend/student/entry?lang=en    Currently we have changed the application way,', 'will be ceased by the  authorized agency, and they may be expelled from Taiwan.    I. Required documents for applying Resident  Visa  1. A signed application form  2. The original and photocopy of your passport  3. The original and photocopy of the student ID card or the enrollment certificate  4. The satisfactory health examination report  5. 2 photos (4.5cm × 3.5cm)  6. Visa fee (https://www.boca.gov.tw/mp-2.html)  For more information on VISA application, please refer to the Bureau of Consular  Affairs, Ministry of Foreign Affairs Website: https://www.boca.gov.tw/mp-2.html    II. Required documents for applying Alien Resident Certificate (ARC)  1. The original and photocopy of your passport and Resident Visa  2. The original and photocopy of the student ID card with the right registered  stamp or the enrollment certificate  3. Application fee NT$1,000  4. Photo   5. ARC Application System:   https://coa.immigration.gov.tw/coa-frontend/student/entry?lang=en    Currently we have changed the application way,']","The application fee for the Alien Resident Certificate (ARC) is NT$1,000. Additionally, if converting from visa-free entry or a Visitor Visa to an ARC, an extra NT$2,200 is charged.",1.0,0.9160111389132873,0.9999999999666667,Qwen3_no_think
What fine can an international student face for working off-campus without a work permit?,"['saved into your post bank account)    After getting bank account, remember to send the following documents to OIA  (ccuoiais@ccu.edu.tw)    Filled Personal Account Form    Bank of Passbook      Registration  4.7 Guides for Part-time Jobs  OFF/ON Campus    22        A. OFF Campus (Work permit required!)  International students who would like to work in Taiwan OFF campus, including  both full-time and part -time jobs, are required to obtain a work permit from  the Workforce Development Agency. Working without such an official work  permit, you will be subject to a fine of NT $30,000 to $150,000 . Further, only  degree-seeking students are allowed to apply for a work permit.     B. ON Campus (Requirement of work permit  depends on type of part-time job)  All part-time assistant jobs ON campus are classified into two types, namely (a)  Learning-Oriented Part-Time Assistant, for which there is no need to apply for  work permit, and (b) Labor-Oriented Part-Time Assistant, for which work permit  must be applied f', 'saved into your post bank account)    After getting bank account, remember to send the following documents to OIA  (ccuoiais@ccu.edu.tw)    Filled Personal Account Form    Bank of Passbook      Registration  4.7 Guides for Part-time Jobs  OFF/ON Campus    22        A. OFF Campus (Work permit required!)  International students who would like to work in Taiwan OFF campus, including  both full-time and part -time jobs, are required to obtain a work permit from  the Workforce Development Agency. Working without such an official work  permit, you will be subject to a fine of NT $30,000 to $150,000 . Further, only  degree-seeking students are allowed to apply for a work permit.     B. ON Campus (Requirement of work permit  depends on type of part-time job)  All part-time assistant jobs ON campus are classified into two types, namely (a)  Learning-Oriented Part-Time Assistant, for which there is no need to apply for  work permit, and (b) Labor-Oriented Part-Time Assistant, for which work permit  must be applied f', 'post bank account)    After getting bank account, remember to send the following documents to OIA  (ccuoiais@ccu.edu.tw)    Filled Personal Account Form    Bank of Passbook      Registration  4.7 Guides for Part-time Jobs  OFF/ON Campus    22        A. OFF Campus (Work permit required!)  International students who would like to work in Taiwan OFF campus, including  both full-time and part -time jobs, are required to obtain a work permit from  the Workforce Development Agency. Working without such an official work  permit, you will be subject to a fine of NT $30,000 to $150,000 . Further, only  degree-seeking students are allowed to apply for a work permit.     B. ON Campus (Requirement of work permit  depends on type of part-time job)  All part-time assistant jobs ON campus are classified into two types, namely (a)  Learning-Oriented Part-Time Assistant, for which there is no need to apply for  work permit, and (b) Labor-Oriented Part-Time Assistant, for which work permit  must be applied f rom the Workforce']","International students working off-campus without a work permit may face a fine of NT $30,000 to NT $150,000. Only degree-seeking students can apply for a work permit. Off-campus work requires a permit from the Workforce Development Agency. On-campus work is classified into Learning-Oriented and Labor-Oriented roles, with the latter requiring a permit.",1.0,0.859433908828549,0.9999999999666667,Qwen3_no_think
What is the maximum number of work hours permitted per week for international students with a work permit?,"['studying for a minimum of six months. 2. 申請方式： How to apply 工作許可有效期間最長為1年，工作時間每星期以20小時為限 (寒暑假除外) Work permits are valid for a maximum of one year. Applicants can  work up to 20 hours per week, with additional working hours allowed  during summer and winter vacations. 1', 'studying for a minimum of six months. 2. 申請方式： How to apply 工作許可有效期間最長為1年，工作時間每星期以20小時為限 (寒暑假除外) Work permits are valid for a maximum of one year. Applicants can  work up to 20 hours per week, with additional working hours allowed  during summer and winter vacations. 1', 'semester, the work permit is valid until September 30th of the same   year.  5. The maximum work hours are 20 hours per week , except during  summer and winter vacation.  6. Workforce Development Agency has the right to revoke the permit if  the applicants do not follow the regulations.  7. According to Employment Services Act, foreigners who work without a  work permit will be fined from NT 30,000 to NT150, 000.  8. Students should return the work permit (if valid) to the OIA if they  suspend or discontinue their schooling.    V. Application for Reissuing the Work Permit:  Please prepare the following documents, and repeat the procedure above:  1. Application form  2. Declaration to explain the reasons for renewal (with Stamp from your  Dept./Inst. Director, or OIA)  3. Copies of Valid Passport and ARC (Front and Back)   Registration  4.8 English E-course    25        E-course2 is an electronic course system, which creates a  single informational space. With this system, professors have the  opportunity']",The maximum number of work hours permitted per week for international students with a work permit is 20 hours. This restriction does not apply during summer and winter vacations. Work permits are valid for up to one year.,1.0,0.9504015097601508,0.9999999999666667,Qwen3_no_think
How long is the validity period of a student work permit at most?,"['studying for a minimum of six months. 2. 申請方式： How to apply 工作許可有效期間最長為1年，工作時間每星期以20小時為限 (寒暑假除外) Work permits are valid for a maximum of one year. Applicants can  work up to 20 hours per week, with additional working hours allowed  during summer and winter vacations. 1', 'studying for a minimum of six months. 2. 申請方式： How to apply 工作許可有效期間最長為1年，工作時間每星期以20小時為限 (寒暑假除外) Work permits are valid for a maximum of one year. Applicants can  work up to 20 hours per week, with additional working hours allowed  during summer and winter vacations. 1', 'regulation, please refer to - Ministry of Labor Employment Service  Act   Registration  4.7 Guides for Part-time Jobs  OFF/ON Campus    24       IV. Other Related Regulations:  1. The status of international students in Taiwan should be in accordance  with the regulations of Ministry of Education.  2. According to the “Regulations on the Permission and Administration of  the Employment of Foreign Workers”, the applicants can apply for the  student work permit only if they are officially enrolled as a degree  student in any university or have tak en one -year language course in  Taiwan.  3. The period validity of a work permit is six months at most.  4. For applications made in the Fall semester, the work permit is valid until  March 31st of the next semester; for applications made in the Spring  semester, the work permit is valid until September 30th of the same   year.  5. The maximum work hours are 20 hours per week , except during  summer and winter vacation.  6. Workforce Development Agency has the right']","The validity period of a student work permit is at most one year. However, for applications made in the Fall semester, the work permit is valid until March 31st of the next semester. For applications made in the Spring semester, it is valid until September 30th of the same year. The maximum work hours are 20 hours per week, except during summer and winter vacations.",0.8,0.9112389743863977,0.5833333333041666,Qwen3_no_think
What is the minimum deposit required to open a Post Office bank account at CCU?,"['CRS-I form, and   NTD 100 to the Post Office in CCU to apply for your financial   account of Post Office.', 'CRS-I form, and   NTD 100 to the Post Office in CCU to apply for your financial   account of Post Office.', 'The CCU Post Office is located on the first floor of the Activity Center.\n\nAt the post office, you can send letters and parcels, receive registered mail, and use basic financial services such as deposits, withdrawals, transfers, and bill payments. You can also purchase stamps and postal supplies.']",The minimum deposit required to open a Post Office bank account at CCU is NTD 100. You need to submit the CRS-I form and deposit NTD 100 at the Post Office in CCU to apply for your financial account. The CCU Post Office is located on the first floor of the Activity Center.,0.8,0.9849625942491742,0.99999999995,Qwen3_no_think
Which type of health insurance is available for international students who have stayed in Taiwan for more than 6 months?,"['Examination  4.4 Health Insurance    19      4.3 Health Examination     All new students are asked to do a simple health check on campus, even if you have  already done the Health Check that the Taipei Representative Office has required.   Notes:  If you wear glasses or contact lenses, please bring the glasses on the day of health  check so that your post-treatment eyesight can be tested.  4.4 Health Insurance    During your stay in Taiwan, you have to apply for health insurance for your own health  and well-being. There are two kinds of insurances available for international students.   The National Health Insurance is for the international students who have an ARC for  more than 6 months.  The Medical Insurance is for the international students who don’t have an ARC or  staying less than 6 months.  You only need to apply for either one of them. Please refer to the following website for  details: https://www.nhi.gov.tw/en/mp-2.html    I. Short-term Medical and Injury Insurance  According to Article 21 of', '19      4.3 Health Examination     All new students are asked to do a simple health check on campus, even if you have  already done the Health Check that the Taipei Representative Office has required.  Notes:  If you wear glasses or contact lenses, please bring the glasses on the day of health  check so that your post-treatment eyesight can be tested.  4.4 Health Insurance    During your stay in Taiwan, you have to apply for health insurance for your own health  and well-being. There are two kinds of insurances available for international students.   The National Health Insurance is for the international students who have an ARC for  more than 6 months.  The Medical Insurance is for the international students who don’t have an ARC or  staying less than 6 months.  You only need to apply for either one of them. Please refer to the following website for  details: https://www.nhi.gov.tw/en/mp-2.html    I. Short-term Medical and Injury Insurance  According to Article 21 of the MOE Regulations Regarding', 'Please refer to the following website for  details: https://www.nhi.gov.tw/en/mp-2.html    I. Short-term Medical and Injury Insurance  According to Article 21 of the MOE Regulations Regarding International Students  Undertaking Studies in Taiwan, ""At the time of re gistration a new international student  shall present proof of a medical and injury insurance policy which is valid for at least 6  months from the date the student enters Taiwan. Current student shall present written  proof that they have joined Taiwan’s the  National Health Insurance Plan. The above- mentioned written proof of insurance issued in foreign country shall be verified by the  ‘Overseas Agencies’.”  Since you can only get NHI after 6 months of your arrival, in order to safeguard your right  to health care during the first 6 months, we help you get medical insurance at first that  can cover your medical procedures in Taiwan.    II. National Health Insurance (NHI)  It is necessary to apply National Health Insurance for staying in']","For international students staying in Taiwan for more than 6 months, the National Health Insurance (NHI) is available. It requires having an Alien Resident Certificate (ARC) for over 6 months. You must apply for NHI to ensure healthcare coverage during your stay. Please refer to the official website for details: https://www.nhi.gov.tw/en/mp-2.html",0.75,0.8406768205092657,0.9999999999666667,Qwen3_no_think
What is the contact email address for the CCU Office of International Affairs?,"['experience in pursuing your academic study and research  at CCU.    Since this may be the first time you visit Taiwan or CCU, and there will be many  procedures and responsibilities you will soon have to work on, we have prepared  the Handbook for International Students to help you go through these tasks  smoothly.    In what follows, we first provide a guideline of items you need to prepare before  departure from your home country. We then provide a wide range of useful  information, including answer to many of the questions you may have when you  arrive at National Chung Cheng University. In case you still need any further support,  please feel free to contact our office or visit our English website at  https://oia.ccu.edu.tw/?Lang=en  .     E-mail: ccuoiais@ccu.edu.tw   Phone: 866-5-2720411, ext.17618    Again, welcome to CCU and we are looking forward to seeing you on campus soon.    Best regards,    Office of International Affairs  National Chung Cheng University        Welcome to CCU!          3    01', 'experience in pursuing your academic study and research  at CCU.    Since this may be the first time you visit Taiwan or CCU, and there will be many  procedures and responsibilities you will soon have to work on, we have prepared  the Handbook for International Students to help you go through these tasks  smoothly.    In what follows, we first provide a guideline of items you need to prepare before  departure from your home country. We then provide a wide range of useful  information, including answer to many of the questions you may have when you  arrive at National Chung Cheng University. In case you still need any further support,  please feel free to contact our office or visit our English website at  https://oia.ccu.edu.tw/?Lang=en  .     E-mail: ccuoiais@ccu.edu.tw   Phone: 866-5-2720411, ext.17618    Again, welcome to CCU and we are looking forward to seeing you on campus soon.    Best regards,    Office of International Affairs  National Chung Cheng University        Welcome to CCU!          3    01', 'experience in pursuing your academic study and research  at CCU.    Since this may be the first time you visit Taiwan or CCU, and there will be many  procedures and responsibilities you will soon have to work on, we have prepared  the Handbook for I nternational Students to help you go through these tasks  smoothly.    In what follows, we first provide a guideline of items you need to prepare before  departure from your home country. We then provide a wide range of useful  information, including answer to many of the questions you may have when you  arrive at National Chung Cheng University. In case you still need any further support,  please feel free to contact our office or visit our English website at  https://oia.ccu.edu.tw/?Lang=en  .     E-mail: ccuoiais@ccu.edu.tw   Phone: 866-5-2720411, ext.17616, 17618    Again, welcome to CCU and we are looking forward to seeing you on campus soon.    Best regards,    Office of International Affairs  National Chung Cheng University        Welcome to CCU!']",The contact email address for the CCU Office of International Affairs is ccuoiais@ccu.edu.tw.,1.0,0.9999999999999994,0.9999999999666667,Qwen3_no_think
What form must new students use to complete their health check-up at CCU?,"['Overseas Chinese Students:   They may need to complete additional health check-up items, specifically  the ""Residence or Settlement Health Check-up Items Form”.  You can find two kinds of form in handbook or the website.    Information for   Health Examination    52              6. Further Details:   For more information, please refer to the Health and Welfare Section\'s  webpage or follow their Facebook/Instagram.       Information for   Health Examination    53            On-campus health Examination    What When Remark  Do a health check to  complete the CCU  student Health  Examination  115.03.05 (Thu)  09:30-13:30    * Please come before  13:00.  Mandatory for every new student  Fees: NTD$630    Documents required:  ⚫ Your passport  ⚫ CCU student Health Examination form    If you miss the health check that we arrange  on campus, you must go to the hospital by  yourself. The fees will be more expensive.      Health Check-up Instructions  1. Please be sure to bring the health check-up form and fill out the', 'Overseas Chinese Students:   They may need to complete additional health check-up items, specifically  the ""Residence or Settlement Health Check-up Items Form”.  You can find two kinds of form in handbook or the website.    Information for   Health Examination    52              6. Further Details:   For more information, please refer to the Health and Welfare Section\'s  webpage or follow their Facebook/Instagram.       Information for   Health Examination    53            On-campus health Examination    What When Remark  Do a health check to  complete the CCU  student Health  Examination  115.03.05 (Thu)  09:30-13:30    * Please come before  13:00.  Mandatory for every new student  Fees: NTD$630    Documents required:  ⚫ Your passport  ⚫ CCU student Health Examination form    If you miss the health check that we arrange  on campus, you must go to the hospital by  yourself. The fees will be more expensive.      Health Check-up Instructions  1. Please be sure to bring the health check-up form and fill out the', 'items, specifically  the ""Residence or Settlement Health Check-up Items Form”.  You can find two kinds of form in handbook or the website.    Information for   Health Examination    52              6. Further Details:   For more information, please refer to the Health and Welfare Section\'s  webpage or follow their Facebook/Instagram.       Information for   Health Examination    53            On-campus health Examination    What When Remark  Do a health check to  complete the CCU  student Health  Examination  114.09.03 (Wed)  09:00-10:00    * Please come before  10:00.  Mandatory for every new student  Fees: NTD$630    Documents required:  ⚫ Your passport  ⚫ CCU student Health Examination form    If you miss the health check that we arrange  on campus, you must go to the hospital by  yourself. The fees will be more expensive.      Health Check-up Instructions  1. Please be sure to bring the health check-up form and fill out the self-reported  sections on the front. For the 3 days prior to the check-up,']","Overseas Chinese students must complete the ""Residence or Settlement Health Check-up Items Form"" in addition to the standard CCU student Health Examination form. Two types of forms are available in the handbook or on the website. Bring your passport and the CCU student Health Examination form to the on-campus health check, which is mandatory for all new students. The check-up date and time vary, and fees are NTD$630. If missed, self-arranged check-ups will incur higher costs.",0.8571428571428571,0.7783432078449205,0.9999999999666667,Qwen3_no_think
Where can the CCU Student Health Data Form be downloaded?,"['Overseas Chinese Students:   They may need to complete additional health check-up items, specifically  the ""Residence or Settlement Health Check-up Items Form”.  You can find two kinds of form in handbook or the website.    Information for   Health Examination    52              6. Further Details:   For more information, please refer to the Health and Welfare Section\'s  webpage or follow their Facebook/Instagram.       Information for   Health Examination    53            On-campus health Examination    What When Remark  Do a health check to  complete the CCU  student Health  Examination  115.03.05 (Thu)  09:30-13:30    * Please come before  13:00.  Mandatory for every new student  Fees: NTD$630    Documents required:  ⚫ Your passport  ⚫ CCU student Health Examination form    If you miss the health check that we arrange  on campus, you must go to the hospital by  yourself. The fees will be more expensive.      Health Check-up Instructions  1. Please be sure to bring the health check-up form and fill out the', 'Overseas Chinese Students:   They may need to complete additional health check-up items, specifically  the ""Residence or Settlement Health Check-up Items Form”.  You can find two kinds of form in handbook or the website.    Information for   Health Examination    52              6. Further Details:   For more information, please refer to the Health and Welfare Section\'s  webpage or follow their Facebook/Instagram.       Information for   Health Examination    53            On-campus health Examination    What When Remark  Do a health check to  complete the CCU  student Health  Examination  115.03.05 (Thu)  09:30-13:30    * Please come before  13:00.  Mandatory for every new student  Fees: NTD$630    Documents required:  ⚫ Your passport  ⚫ CCU student Health Examination form    If you miss the health check that we arrange  on campus, you must go to the hospital by  yourself. The fees will be more expensive.      Health Check-up Instructions  1. Please be sure to bring the health check-up form and fill out the', ""(or mail)  the documents to the Health and Welfare Section directly. Please do not  send them to other offices , as health check -up reports contain sensitive  personal information, and the school will not be responsible for any data  leaks or loss during the process.  Information for   Health Examination    55          5. Fasting Requirement:   Before going to the off -campus hospital, please ask the hospital's check -up  department whether fasting is required, as this could affect the check -up  process.             Click here to check hospitals near CCU Information for   Health Examination    56          Health Examination for CCU and ARC  In order to follow government policy, after you register in CCU, you have to  go to the hospital to do your health examination as soon as possible and  provide the health examination report to the Health Center of CCU. Also, in  order to apply for ARC , you must provide your health examination report.  Please complete both health examinations as soon as possible.""]","The CCU Student Health Data Form can be downloaded from the handbook or the university website. Overseas Chinese students need to complete the ""Residence or Settlement Health Check-up Items Form"" as well. For more details, visit the Health and Welfare Section's webpage or follow their social media.",1.0,0.8812682864009833,0.99999999995,Qwen3_no_think
On what type of paper and in what format should the health check-up form be printed?,"['Section webpage. Print it  on A4 paper, both sides, as one page. Fill in the basic personal information  and lifestyle details, and complete all required check-up items.    3. Leave of Absence or Deferred Admission:   New students who take a leave of absence or defer their enrollment in the  semester of admission are temporarily exempt from submitting the health  check-up report. They must submit the completed health check-up form to  the Health and Welfare Section on the first day of the semester when they  return to study. It is recommended to participate in the on -campus health  check-up that semester or to complete the check -up at an off -campus  medical institution in advance.    4. Check-up Method:   Students must choose either the on-campus or off-campus health check-up.    5. International Students and Overseas Chinese Students:   They may need to complete additional health check-up items, specifically  the ""Residence or Settlement Health Check-up Items Form”.  You can find two kinds of form in', 'Section webpage. Print it  on A4 paper, both sides, as one page. Fill in the basic personal information  and lifestyle details, and complete all required check-up items.    3. Leave of Absence or Deferred Admission:   New students who take a leave of absence or defer their enrollment in the  semester of admission are temporarily exempt from submitting the health  check-up report. They must submit the completed health check-up form to  the Health and Welfare Section on the first day of the semester when they  return to study. It is recommended to participate in the on -campus health  check-up that semester or to complete the check -up at an off -campus  medical institution in advance.    4. Check-up Method:   Students must choose either the on-campus or off-campus health check-up.    5. International Students and Overseas Chinese Students:   They may need to complete additional health check-up items, specifically  the ""Residence or Settlement Health Check-up Items Form”.  You can find two kinds of form in', 'more expensive.      Health Check-up Instructions  1. Please be sure to bring the health check-up form and fill out the self-reported  sections on the front. For the 3 days prior to the check-up, maintain a normal  routine and avoid overeating or drinking excessively.   2. On the day of the check -up, fasting is not required, but please inform the  testing staff if you have eaten before the blood draw. (Eating may affect test  items such as cholesterol).   3. Please avoid wearing contact lenses, as it will help with vision tests. If you  must wear them, please bring your contact lens case.   4. Avoid wearing clothing with metal items (buttons, necklaces, sequins, etc.) to  facilitate the chest X -ray. Pregnant women or those who might be pregnant  should inform the staff before the chest X-ray.   After approximately 45 days, please go to the department office to collect the  health check -up report. For domestic students under the age of 18, an  additional copy will be mailed to their legal guardian. No']","The health check-up form should be printed on A4 paper, both sides, as one page. Fill in basic personal information, lifestyle details, and complete all required check-up items. International students may need additional forms.",1.0,0.7295806234353853,0.99999999995,Qwen3_no_think
Are new students who defer their enrollment required to submit a health check-up report immediately?,"['in the basic personal information  and lifestyle details, and complete all required check-up items.    3. Leave of Absence or Deferred Admission:   New students who take a leave of absence or defer their enrollment in the  semester of admission are temporarily exempt from submitting the health  check-up report. They must submit the completed health check-up form to  the Health and Welfare Section on the first day of the semester when they  return to study. It is recommended to participate in the on -campus health  check-up that semester or to complete the check -up at an off -campus  medical institution in advance.    4. Check-up Method:   Students must choose either the on-campus or off-campus health check-up.    5. International Students and Overseas Chinese Students:   They may need to complete additional health check-up items, specifically  the ""Residence or Settlement Health Check-up Items Form”.  You can find two kinds of form in handbook or the website.    Information for   Health Examination    52', 'Section webpage. Print it  on A4 paper, both sides, as one page. Fill in the basic personal information  and lifestyle details, and complete all required check-up items.    3. Leave of Absence or Deferred Admission:   New students who take a leave of absence or defer their enrollment in the  semester of admission are temporarily exempt from submitting the health  check-up report. They must submit the completed health check-up form to  the Health and Welfare Section on the first day of the semester when they  return to study. It is recommended to participate in the on -campus health  check-up that semester or to complete the check -up at an off -campus  medical institution in advance.    4. Check-up Method:   Students must choose either the on-campus or off-campus health check-up.    5. International Students and Overseas Chinese Students:   They may need to complete additional health check-up items, specifically  the ""Residence or Settlement Health Check-up Items Form”.  You can find two kinds of form in', 'Section webpage. Print it  on A4 paper, both sides, as one page. Fill in the basic personal information  and lifestyle details, and complete all required check-up items.    3. Leave of Absence or Deferred Admission:   New students who take a leave of absence or defer their enrollment in the  semester of admission are temporarily exempt from submitting the health  check-up report. They must submit the completed health check-up form to  the Health and Welfare Section on the first day of the semester when they  return to study. It is recommended to participate in the on -campus health  check-up that semester or to complete the check -up at an off -campus  medical institution in advance.    4. Check-up Method:   Students must choose either the on-campus or off-campus health check-up.    5. International Students and Overseas Chinese Students:   They may need to complete additional health check-up items, specifically  the ""Residence or Settlement Health Check-up Items Form”.  You can find two kinds of form in']",New students who defer their enrollment are temporarily exempt from submitting the health check-up report immediately. They must submit the completed form to the Health and Welfare Section on the first day of the semester when they return to study. It is recommended to complete the check-up at an off-campus medical institution in advance or participate in the on-campus health check-up that semester.,1.0,0.9278122053553264,0.9999999999666667,Qwen3_no_think
What are the two methods students can choose for completing their health check-up?,"['in the basic personal information  and lifestyle details, and complete all required check-up items.    3. Leave of Absence or Deferred Admission:   New students who take a leave of absence or defer their enrollment in the  semester of admission are temporarily exempt from submitting the health  check-up report. They must submit the completed health check-up form to  the Health and Welfare Section on the first day of the semester when they  return to study. It is recommended to participate in the on -campus health  check-up that semester or to complete the check -up at an off -campus  medical institution in advance.    4. Check-up Method:   Students must choose either the on-campus or off-campus health check-up.    5. International Students and Overseas Chinese Students:   They may need to complete additional health check-up items, specifically  the ""Residence or Settlement Health Check-up Items Form”.  You can find two kinds of form in handbook or the website.    Information for   Health Examination    52', 'Section webpage. Print it  on A4 paper, both sides, as one page. Fill in the basic personal information  and lifestyle details, and complete all required check-up items.    3. Leave of Absence or Deferred Admission:   New students who take a leave of absence or defer their enrollment in the  semester of admission are temporarily exempt from submitting the health  check-up report. They must submit the completed health check-up form to  the Health and Welfare Section on the first day of the semester when they  return to study. It is recommended to participate in the on -campus health  check-up that semester or to complete the check -up at an off -campus  medical institution in advance.    4. Check-up Method:   Students must choose either the on-campus or off-campus health check-up.    5. International Students and Overseas Chinese Students:   They may need to complete additional health check-up items, specifically  the ""Residence or Settlement Health Check-up Items Form”.  You can find two kinds of form in', 'Section webpage. Print it  on A4 paper, both sides, as one page. Fill in the basic personal information  and lifestyle details, and complete all required check-up items.    3. Leave of Absence or Deferred Admission:   New students who take a leave of absence or defer their enrollment in the  semester of admission are temporarily exempt from submitting the health  check-up report. They must submit the completed health check-up form to  the Health and Welfare Section on the first day of the semester when they  return to study. It is recommended to participate in the on -campus health  check-up that semester or to complete the check -up at an off -campus  medical institution in advance.    4. Check-up Method:   Students must choose either the on-campus or off-campus health check-up.    5. International Students and Overseas Chinese Students:   They may need to complete additional health check-up items, specifically  the ""Residence or Settlement Health Check-up Items Form”.  You can find two kinds of form in']",The two methods students can choose for completing their health check-up are the on-campus health check-up and the off-campus health check-up.,0.3333333333333333,0.9999999999999991,0.9999999999666667,Qwen3_no_think
What additional health check-up form may international and overseas Chinese students need to complete?,"['Section webpage. Print it  on A4 paper, both sides, as one page. Fill in the basic personal information  and lifestyle details, and complete all required check-up items.    3. Leave of Absence or Deferred Admission:   New students who take a leave of absence or defer their enrollment in the  semester of admission are temporarily exempt from submitting the health  check-up report. They must submit the completed health check-up form to  the Health and Welfare Section on the first day of the semester when they  return to study. It is recommended to participate in the on -campus health  check-up that semester or to complete the check -up at an off -campus  medical institution in advance.    4. Check-up Method:   Students must choose either the on-campus or off-campus health check-up.    5. International Students and Overseas Chinese Students:   They may need to complete additional health check-up items, specifically  the ""Residence or Settlement Health Check-up Items Form”.  You can find two kinds of form in', 'in the basic personal information  and lifestyle details, and complete all required check-up items.    3. Leave of Absence or Deferred Admission:   New students who take a leave of absence or defer their enrollment in the  semester of admission are temporarily exempt from submitting the health  check-up report. They must submit the completed health check-up form to  the Health and Welfare Section on the first day of the semester when they  return to study. It is recommended to participate in the on -campus health  check-up that semester or to complete the check -up at an off -campus  medical institution in advance.    4. Check-up Method:   Students must choose either the on-campus or off-campus health check-up.    5. International Students and Overseas Chinese Students:   They may need to complete additional health check-up items, specifically  the ""Residence or Settlement Health Check-up Items Form”.  You can find two kinds of form in handbook or the website.    Information for   Health Examination    52', 'Overseas Chinese Students:   They may need to complete additional health check-up items, specifically  the ""Residence or Settlement Health Check-up Items Form”.  You can find two kinds of form in handbook or the website.    Information for   Health Examination    52              6. Further Details:   For more information, please refer to the Health and Welfare Section\'s  webpage or follow their Facebook/Instagram.       Information for   Health Examination    53            On-campus health Examination    What When Remark  Do a health check to  complete the CCU  student Health  Examination  115.03.05 (Thu)  09:30-13:30    * Please come before  13:00.  Mandatory for every new student  Fees: NTD$630    Documents required:  ⚫ Your passport  ⚫ CCU student Health Examination form    If you miss the health check that we arrange  on campus, you must go to the hospital by  yourself. The fees will be more expensive.      Health Check-up Instructions  1. Please be sure to bring the health check-up form and fill out the']","International students and overseas Chinese students may need to complete the ""Residence or Settlement Health Check-up Items Form"". This form can be found in the handbook or on the university's website. They should fill in basic personal information and lifestyle details, and complete all required check-up items. It is recommended to participate in the on-campus health check-up or complete the check-up at an off-campus medical institution in advance.",0.6666666666666666,0.7793206761924859,0.9999999999666667,Qwen3_no_think
What was the scheduled date and time for the on-campus health examination?,"['items, specifically  the ""Residence or Settlement Health Check-up Items Form”.  You can find two kinds of form in handbook or the website.    Information for   Health Examination    52              6. Further Details:   For more information, please refer to the Health and Welfare Section\'s  webpage or follow their Facebook/Instagram.       Information for   Health Examination    53            On-campus health Examination    What When Remark  Do a health check to  complete the CCU  student Health  Examination  114.09.03 (Wed)  09:00-10:00    * Please come before  10:00.  Mandatory for every new student  Fees: NTD$630    Documents required:  ⚫ Your passport  ⚫ CCU student Health Examination form    If you miss the health check that we arrange  on campus, you must go to the hospital by  yourself. The fees will be more expensive.      Health Check-up Instructions  1. Please be sure to bring the health check-up form and fill out the self-reported  sections on the front. For the 3 days prior to the check-up,', 'should inform the staff before the chest X-ray.   After approximately 45 days, please go to the department office to collect the  health check -up report. For domestic students under the age of 18, an  additional copy will be mailed to their legal guardian. No additional report  will be mailed to other individuals.    Information for   Health Examination    54          Off-Campus Health  For Off-Campus Hospitals:   1. Choosing a hospital:   Choose a hospital that is certified by the Ministry of Health and Welfare and  meets the new hospital evaluation standards (qualified, excellent, or  superior). You can check the list of certified hospitals on the Ministry’s  website or ask the hospital\'s health check-up department.   2. What to Bring:   ✓ Bring the ""National Chung Cheng University Health Check-up Form"" (printed  double-sided on A4 paper) to the hospital and remind the hospital to follow  the listed items for the check-up to avoid missing any items. If any items are  missed, you will need to undergo a', 'should inform the staff before the chest X-ray.   After approximately 45 days, please go to the department office to collect the  health check -up report. For domestic students under the age of 18, an  additional copy will be mailed to their legal guardian. No additional report  will be mailed to other individuals.    Information for   Health Examination    54          Off-Campus Health  For Off-Campus Hospitals:   1. Choosing a hospital:   Choose a hospital that is certified by the Ministry of Health and Welfare and  meets the new hospital evaluation standards (qualified, excellent, or  superior). You can check the list of certified hospitals on the Ministry’s  website or ask the hospital\'s health check-up department.   2. What to Bring:   ✓ Bring the ""National Chung Cheng University Health Check-up Form"" (printed  double-sided on A4 paper) to the hospital and remind the hospital to follow  the listed items for the check-up to avoid missing any items. If any items are  missed, you will need to undergo a']",The on-campus health examination is scheduled for 114.09.03 (Wednesday) from 09:00 to 10:00. Please arrive before 10:00. It is mandatory for every new student.,1.0,0.8625297729472265,0.9999999999,Qwen3_no_think
What is the fee for the on-campus health examination?,"['items, specifically  the ""Residence or Settlement Health Check-up Items Form”.  You can find two kinds of form in handbook or the website.    Information for   Health Examination    52              6. Further Details:   For more information, please refer to the Health and Welfare Section\'s  webpage or follow their Facebook/Instagram.       Information for   Health Examination    53            On-campus health Examination    What When Remark  Do a health check to  complete the CCU  student Health  Examination  114.09.03 (Wed)  09:00-10:00    * Please come before  10:00.  Mandatory for every new student  Fees: NTD$630    Documents required:  ⚫ Your passport  ⚫ CCU student Health Examination form    If you miss the health check that we arrange  on campus, you must go to the hospital by  yourself. The fees will be more expensive.      Health Check-up Instructions  1. Please be sure to bring the health check-up form and fill out the self-reported  sections on the front. For the 3 days prior to the check-up,', 'Overseas Chinese Students:   They may need to complete additional health check-up items, specifically  the ""Residence or Settlement Health Check-up Items Form”.  You can find two kinds of form in handbook or the website.    Information for   Health Examination    52              6. Further Details:   For more information, please refer to the Health and Welfare Section\'s  webpage or follow their Facebook/Instagram.       Information for   Health Examination    53            On-campus health Examination    What When Remark  Do a health check to  complete the CCU  student Health  Examination  115.03.05 (Thu)  09:30-13:30    * Please come before  13:00.  Mandatory for every new student  Fees: NTD$630    Documents required:  ⚫ Your passport  ⚫ CCU student Health Examination form    If you miss the health check that we arrange  on campus, you must go to the hospital by  yourself. The fees will be more expensive.      Health Check-up Instructions  1. Please be sure to bring the health check-up form and fill out the', 'Overseas Chinese Students:   They may need to complete additional health check-up items, specifically  the ""Residence or Settlement Health Check-up Items Form”.  You can find two kinds of form in handbook or the website.    Information for   Health Examination    52              6. Further Details:   For more information, please refer to the Health and Welfare Section\'s  webpage or follow their Facebook/Instagram.       Information for   Health Examination    53            On-campus health Examination    What When Remark  Do a health check to  complete the CCU  student Health  Examination  115.03.05 (Thu)  09:30-13:30    * Please come before  13:00.  Mandatory for every new student  Fees: NTD$630    Documents required:  ⚫ Your passport  ⚫ CCU student Health Examination form    If you miss the health check that we arrange  on campus, you must go to the hospital by  yourself. The fees will be more expensive.      Health Check-up Instructions  1. Please be sure to bring the health check-up form and fill out the']","The fee for the on-campus health examination is NTD$630. This applies to all new students. Overseas Chinese students may need to complete additional forms, specifically the ""Residence or Settlement Health Check-up Items Form."" The examination dates mentioned are 114.09.03 (Wed) 09:00-10:00 and 115.03.05 (Thu) 09:30-13:30. If you miss the on-campus check-up, you must go to the hospital yourself, with higher fees. Documents required include your passport and the CCU student Health Examination form.",1.0,0.8118537156608312,0.9999999999666667,Qwen3_no_think
What two documents must students bring to the on-campus health examination?,"['Overseas Chinese Students:   They may need to complete additional health check-up items, specifically  the ""Residence or Settlement Health Check-up Items Form”.  You can find two kinds of form in handbook or the website.    Information for   Health Examination    52              6. Further Details:   For more information, please refer to the Health and Welfare Section\'s  webpage or follow their Facebook/Instagram.       Information for   Health Examination    53            On-campus health Examination    What When Remark  Do a health check to  complete the CCU  student Health  Examination  115.03.05 (Thu)  09:30-13:30    * Please come before  13:00.  Mandatory for every new student  Fees: NTD$630    Documents required:  ⚫ Your passport  ⚫ CCU student Health Examination form    If you miss the health check that we arrange  on campus, you must go to the hospital by  yourself. The fees will be more expensive.      Health Check-up Instructions  1. Please be sure to bring the health check-up form and fill out the', 'Overseas Chinese Students:   They may need to complete additional health check-up items, specifically  the ""Residence or Settlement Health Check-up Items Form”.  You can find two kinds of form in handbook or the website.    Information for   Health Examination    52              6. Further Details:   For more information, please refer to the Health and Welfare Section\'s  webpage or follow their Facebook/Instagram.       Information for   Health Examination    53            On-campus health Examination    What When Remark  Do a health check to  complete the CCU  student Health  Examination  115.03.05 (Thu)  09:30-13:30    * Please come before  13:00.  Mandatory for every new student  Fees: NTD$630    Documents required:  ⚫ Your passport  ⚫ CCU student Health Examination form    If you miss the health check that we arrange  on campus, you must go to the hospital by  yourself. The fees will be more expensive.      Health Check-up Instructions  1. Please be sure to bring the health check-up form and fill out the', 'items, specifically  the ""Residence or Settlement Health Check-up Items Form”.  You can find two kinds of form in handbook or the website.    Information for   Health Examination    52              6. Further Details:   For more information, please refer to the Health and Welfare Section\'s  webpage or follow their Facebook/Instagram.       Information for   Health Examination    53            On-campus health Examination    What When Remark  Do a health check to  complete the CCU  student Health  Examination  114.09.03 (Wed)  09:00-10:00    * Please come before  10:00.  Mandatory for every new student  Fees: NTD$630    Documents required:  ⚫ Your passport  ⚫ CCU student Health Examination form    If you miss the health check that we arrange  on campus, you must go to the hospital by  yourself. The fees will be more expensive.      Health Check-up Instructions  1. Please be sure to bring the health check-up form and fill out the self-reported  sections on the front. For the 3 days prior to the check-up,']","The two documents required for the on-campus health examination are:

1. Your passport  
2. CCU student Health Examination form  

Overseas Chinese students may also need to complete the ""Residence or Settlement Health Check-up Items Form,"" but this is an additional item, not a mandatory document for the examination itself.",1.0,0.8222417838548867,0.9999999999666667,Qwen3_no_think
What happens if a student misses the on-campus health check arranged by the university?,"['Section webpage. Print it  on A4 paper, both sides, as one page. Fill in the basic personal information  and lifestyle details, and complete all required check-up items.    3. Leave of Absence or Deferred Admission:   New students who take a leave of absence or defer their enrollment in the  semester of admission are temporarily exempt from submitting the health  check-up report. They must submit the completed health check-up form to  the Health and Welfare Section on the first day of the semester when they  return to study. It is recommended to participate in the on -campus health  check-up that semester or to complete the check -up at an off -campus  medical institution in advance.    4. Check-up Method:   Students must choose either the on-campus or off-campus health check-up.    5. International Students and Overseas Chinese Students:   They may need to complete additional health check-up items, specifically  the ""Residence or Settlement Health Check-up Items Form”.  You can find two kinds of form in', 'Section webpage. Print it  on A4 paper, both sides, as one page. Fill in the basic personal information  and lifestyle details, and complete all required check-up items.    3. Leave of Absence or Deferred Admission:   New students who take a leave of absence or defer their enrollment in the  semester of admission are temporarily exempt from submitting the health  check-up report. They must submit the completed health check-up form to  the Health and Welfare Section on the first day of the semester when they  return to study. It is recommended to participate in the on -campus health  check-up that semester or to complete the check -up at an off -campus  medical institution in advance.    4. Check-up Method:   Students must choose either the on-campus or off-campus health check-up.    5. International Students and Overseas Chinese Students:   They may need to complete additional health check-up items, specifically  the ""Residence or Settlement Health Check-up Items Form”.  You can find two kinds of form in', 'in the basic personal information  and lifestyle details, and complete all required check-up items.    3. Leave of Absence or Deferred Admission:   New students who take a leave of absence or defer their enrollment in the  semester of admission are temporarily exempt from submitting the health  check-up report. They must submit the completed health check-up form to  the Health and Welfare Section on the first day of the semester when they  return to study. It is recommended to participate in the on -campus health  check-up that semester or to complete the check -up at an off -campus  medical institution in advance.    4. Check-up Method:   Students must choose either the on-campus or off-campus health check-up.    5. International Students and Overseas Chinese Students:   They may need to complete additional health check-up items, specifically  the ""Residence or Settlement Health Check-up Items Form”.  You can find two kinds of form in handbook or the website.    Information for   Health Examination    52']","If a student misses the on-campus health check, they must submit the completed health check-up form to the Health and Welfare Section on the first day of the semester they return to study. They are recommended to participate in the on-campus health check-up that semester or complete the check-up at an off-campus medical institution in advance. International students may need to complete additional forms.",1.0,0.9426215624759008,0.9999999999666667,Qwen3_no_think
Should students fast before the on-campus health check-up?,"['on campus, you must go to the hospital by  yourself. The fees will be more expensive.      Health Check-up Instructions  1. Please be sure to bring the health check-up form and fill out the self-reported  sections on the front. For the 3 days prior to the check-up, maintain a normal  routine and avoid overeating or drinking excessively.   2. On the day of the check -up, fasting is not required, but please inform the  testing staff if you have eaten before the blood draw. (Eating may affect test  items such as cholesterol).   3. Please avoid wearing contact lenses, as it will help with vision tests. If you  must wear them, please bring your contact lens case.   4. Avoid wearing clothing with metal items (buttons, necklaces, sequins, etc.) to  facilitate the chest X -ray. Pregnant women or those who might be pregnant  should inform the staff before the chest X-ray.   After approximately 45 days, please go to the department office to collect the  health check -up report. For domestic students under the age of', 'on campus, you must go to the hospital by  yourself. The fees will be more expensive.      Health Check-up Instructions  1. Please be sure to bring the health check-up form and fill out the self-reported  sections on the front. For the 3 days prior to the check-up, maintain a normal  routine and avoid overeating or drinking excessively.   2. On the day of the check -up, fasting is not required, but please inform the  testing staff if you have eaten before the blood draw. (Eating may affect test  items such as cholesterol).   3. Please avoid wearing contact lenses, as it will help with vision tests. If you  must wear them, please bring your contact lens case.   4. Avoid wearing clothing with metal items (buttons, necklaces, sequins, etc.) to  facilitate the chest X -ray. Pregnant women or those who might be pregnant  should inform the staff before the chest X-ray.   After approximately 45 days, please go to the department office to collect the  health check -up report. For domestic students under the age of', ""(or mail)  the documents to the Health and Welfare Section directly. Please do not  send them to other offices , as health check -up reports contain sensitive  personal information, and the school will not be responsible for any data  leaks or loss during the process.  Information for   Health Examination    55          5. Fasting Requirement:   Before going to the off -campus hospital, please ask the hospital's check -up  department whether fasting is required, as this could affect the check -up  process.             Click here to check hospitals near CCU Information for   Health Examination    56          Health Examination for CCU and ARC  In order to follow government policy, after you register in CCU, you have to  go to the hospital to do your health examination as soon as possible and  provide the health examination report to the Health Center of CCU. Also, in  order to apply for ARC , you must provide your health examination report.  Please complete both health examinations as soon as possible.""]","Students do not need to fast before the on-campus health check-up. However, if they have eaten before the blood draw, they should inform the testing staff, as eating may affect test results like cholesterol. For off-campus hospitals, students should ask beforehand whether fasting is required.",1.0,0.9194770095180093,0.9999999999666667,Qwen3_no_think
Why should students avoid wearing contact lenses on the day of the check-up?,"['more expensive.      Health Check-up Instructions  1. Please be sure to bring the health check-up form and fill out the self-reported  sections on the front. For the 3 days prior to the check-up, maintain a normal  routine and avoid overeating or drinking excessively.   2. On the day of the check -up, fasting is not required, but please inform the  testing staff if you have eaten before the blood draw. (Eating may affect test  items such as cholesterol).   3. Please avoid wearing contact lenses, as it will help with vision tests. If you  must wear them, please bring your contact lens case.   4. Avoid wearing clothing with metal items (buttons, necklaces, sequins, etc.) to  facilitate the chest X -ray. Pregnant women or those who might be pregnant  should inform the staff before the chest X-ray.   After approximately 45 days, please go to the department office to collect the  health check -up report. For domestic students under the age of 18, an  additional copy will be mailed to their legal guardian. No', 'on campus, you must go to the hospital by  yourself. The fees will be more expensive.      Health Check-up Instructions  1. Please be sure to bring the health check-up form and fill out the self-reported  sections on the front. For the 3 days prior to the check-up, maintain a normal  routine and avoid overeating or drinking excessively.   2. On the day of the check -up, fasting is not required, but please inform the  testing staff if you have eaten before the blood draw. (Eating may affect test  items such as cholesterol).   3. Please avoid wearing contact lenses, as it will help with vision tests. If you  must wear them, please bring your contact lens case.   4. Avoid wearing clothing with metal items (buttons, necklaces, sequins, etc.) to  facilitate the chest X -ray. Pregnant women or those who might be pregnant  should inform the staff before the chest X-ray.   After approximately 45 days, please go to the department office to collect the  health check -up report. For domestic students under the age of', 'on campus, you must go to the hospital by  yourself. The fees will be more expensive.      Health Check-up Instructions  1. Please be sure to bring the health check-up form and fill out the self-reported  sections on the front. For the 3 days prior to the check-up, maintain a normal  routine and avoid overeating or drinking excessively.   2. On the day of the check -up, fasting is not required, but please inform the  testing staff if you have eaten before the blood draw. (Eating may affect test  items such as cholesterol).   3. Please avoid wearing contact lenses, as it will help with vision tests. If you  must wear them, please bring your contact lens case.   4. Avoid wearing clothing with metal items (buttons, necklaces, sequins, etc.) to  facilitate the chest X -ray. Pregnant women or those who might be pregnant  should inform the staff before the chest X-ray.   After approximately 45 days, please go to the department office to collect the  health check -up report. For domestic students under the age of']","Students should avoid wearing contact lenses on the day of the check-up to ensure accurate vision tests. Wearing contact lenses may interfere with the testing process. If contact lenses are necessary, bring the contact lens case. This instruction is part of the health check-up guidelines provided.",1.0,0.8732489728966589,0.9999999999666667,Qwen3_no_think
Why should students avoid wearing clothing with metal items on check-up day?,"['more expensive.      Health Check-up Instructions  1. Please be sure to bring the health check-up form and fill out the self-reported  sections on the front. For the 3 days prior to the check-up, maintain a normal  routine and avoid overeating or drinking excessively.   2. On the day of the check -up, fasting is not required, but please inform the  testing staff if you have eaten before the blood draw. (Eating may affect test  items such as cholesterol).   3. Please avoid wearing contact lenses, as it will help with vision tests. If you  must wear them, please bring your contact lens case.   4. Avoid wearing clothing with metal items (buttons, necklaces, sequins, etc.) to  facilitate the chest X -ray. Pregnant women or those who might be pregnant  should inform the staff before the chest X-ray.   After approximately 45 days, please go to the department office to collect the  health check -up report. For domestic students under the age of 18, an  additional copy will be mailed to their legal guardian. No', 'on campus, you must go to the hospital by  yourself. The fees will be more expensive.      Health Check-up Instructions  1. Please be sure to bring the health check-up form and fill out the self-reported  sections on the front. For the 3 days prior to the check-up, maintain a normal  routine and avoid overeating or drinking excessively.   2. On the day of the check -up, fasting is not required, but please inform the  testing staff if you have eaten before the blood draw. (Eating may affect test  items such as cholesterol).   3. Please avoid wearing contact lenses, as it will help with vision tests. If you  must wear them, please bring your contact lens case.   4. Avoid wearing clothing with metal items (buttons, necklaces, sequins, etc.) to  facilitate the chest X -ray. Pregnant women or those who might be pregnant  should inform the staff before the chest X-ray.   After approximately 45 days, please go to the department office to collect the  health check -up report. For domestic students under the age of', 'on campus, you must go to the hospital by  yourself. The fees will be more expensive.      Health Check-up Instructions  1. Please be sure to bring the health check-up form and fill out the self-reported  sections on the front. For the 3 days prior to the check-up, maintain a normal  routine and avoid overeating or drinking excessively.   2. On the day of the check -up, fasting is not required, but please inform the  testing staff if you have eaten before the blood draw. (Eating may affect test  items such as cholesterol).   3. Please avoid wearing contact lenses, as it will help with vision tests. If you  must wear them, please bring your contact lens case.   4. Avoid wearing clothing with metal items (buttons, necklaces, sequins, etc.) to  facilitate the chest X -ray. Pregnant women or those who might be pregnant  should inform the staff before the chest X-ray.   After approximately 45 days, please go to the department office to collect the  health check -up report. For domestic students under the age of']","Students should avoid wearing clothing with metal items (e.g., buttons, necklaces, sequins) on check-up day to facilitate the chest X-ray. Metal items can interfere with the imaging process, potentially causing artifacts or unclear results. This ensures accurate diagnostic outcomes. Pregnant individuals should inform staff before the X-ray.",0.5714285714285714,0.7425888835809334,0.9999999999666667,Qwen3_no_think
Approximately how long does it take to receive the health check-up report after the on-campus check?,"['double-sided on A4 paper) to the hospital and remind the hospital to follow  the listed items for the check-up to avoid missing any items. If any items are  missed, you will need to undergo a supplementary check-up. The cost of the  check-up varies by hospital, so please inquire with each hospital.   3. Report Pickup Time:   The processing time for check -up reports at different hospitals varies, but it  usually takes 1-2 weeks to receive the report.  4. Report Submission:   ✓ Submit the ""Student Health Data Form"" and a photocopy of the off-campus  check-up report at the service desk during the on -campus check-up event  (at the Auditorium).   ✓ If any results are incomplete, you can pay for supplementary tests on-site at  the on-campus check-up.   ✓ If you are unable to attend the on-campus check-up, please submit (or mail)  the documents to the Health and Welfare Section directly. Please do not  send them to other offices , as health check -up reports contain sensitive  personal information, and the', 'double-sided on A4 paper) to the hospital and remind the hospital to follow  the listed items for the check-up to avoid missing any items. If any items are  missed, you will need to undergo a supplementary check-up. The cost of the  check-up varies by hospital, so please inquire with each hospital.   3. Report Pickup Time:   The processing time for check -up reports at different hospitals varies, but it  usually takes 1-2 weeks to receive the report.  4. Report Submission:   ✓ Submit the ""Student Health Data Form"" and a photocopy of the off-campus  check-up report at the service desk during the on -campus check-up event  (at the Auditorium).   ✓ If any results are incomplete, you can pay for supplementary tests on-site at  the on-campus check-up.   ✓ If you are unable to attend the on-campus check-up, please submit (or mail)  the documents to the Health and Welfare Section directly. Please do not  send them to other offices , as health check -up reports contain sensitive  personal information, and the', 'double-sided on A4 paper) to the hospital and remind the hospital to follow  the listed items for the check-up to avoid missing any items. If any items are  missed, you will need to undergo a supplementary check-up. The cost of the  check-up varies by hospital, so please inquire with each hospital.   3. Report Pickup Time:   The processing time for check -up reports at different hospitals varies, but it  usually takes 1 -2 weeks to receive the r eport. Please plan your check -up in  advance to ensure you can submit the report by September 22, 2025.   4. Report Submission:   ✓ Submit the ""Student Health Data Form"" and a photocopy of the off-campus  check-up report at the service desk during the on -campus check-up event  on September 03, 2025 (at the Auditorium).   ✓ If any results are incomplete, you can pay for supplementary tests on-site at  the on-campus check-up.   ✓ If you are unable to attend the on-campus check-up, please submit (or mail)  the documents to the Health and Welfare Section directly.']",It usually takes 1-2 weeks to receive the health check-up report after the on-campus check.,0.5,0.9910304469616316,0.9999999999666667,Qwen3_no_think
What standard must off-campus hospitals meet to be eligible for the CCU health check-up?,"[""(or mail)  the documents to the Health and Welfare Section directly. Please do not  send them to other offices , as health check -up reports contain sensitive  personal information, and the school will not be responsible for any data  leaks or loss during the process.  Information for   Health Examination    55          5. Fasting Requirement:   Before going to the off -campus hospital, please ask the hospital's check -up  department whether fasting is required, as this could affect the check -up  process.             Click here to check hospitals near CCU Information for   Health Examination    56          Health Examination for CCU and ARC  In order to follow government policy, after you register in CCU, you have to  go to the hospital to do your health examination as soon as possible and  provide the health examination report to the Health Center of CCU. Also, in  order to apply for ARC , you must provide your health examination report.  Please complete both health examinations as soon as possible."", ""(or mail)  the documents to the Health and Welfare Section directly. Please do not  send them to other offices , as health check -up reports contain sensitive  personal information, and the school will not be responsible for any data  leaks or loss during the process.  Information for   Health Examination    55          5. Fasting Requirement:   Before going to the off -campus hospital, please ask the hospital's check -up  department whether fasting is required, as this could affect the check -up  process.             Click here to check hospitals near CCU Information for   Health Examination    56          Health Examination for CCU and ARC  In order to follow government policy, after you register in CCU, you have to  go to the hospital to do your health examination as soon as possible and  provide the health examination report to the Health Center of CCU. Also, in  order to apply for ARC , you must provide your health examination report.  Please complete both health examinations as soon as possible."", ""supplementary tests on-site at  the on-campus check-up.   ✓ If you are unable to attend the on-campus check-up, please submit (or mail)  the documents to the Health and Welfare Section directly. Please do not  send them to other offices , as health check -up reports contain sensitive  personal information, and the schoo l will not be responsible for any data  leaks or loss during the process.   5. Fasting Requirement:   Before going to the off -campus hospital, please ask the hospital's check -up  department whether fasting is required, as this could affect the check -up  process.            Information for   Health Examination    56          Health Examination for CCU and ARC  In order to follow government policy, after you register in CCU, you have to  go to the hospital to do your health examination as soon as possible and  provide the health examination report to the Health Center of C CU. Also, in  order to apply for ARC , you must provide your health examination report.  Please complete both health""]","The off-campus hospitals must ensure that they can provide the required health examination reports, which include fasting requirements if applicable. Students should confirm with the hospital's check-up department about fasting needs before the examination. Reports must be submitted directly to the Health and Welfare Section to avoid data leaks. The hospital must comply with government policy and provide accurate reports for CCU and ARC applications.",0.42857142857142855,0.7650946092367309,0.0,Qwen3_no_think
How long does it typically take to receive a report from an off-campus hospital?,"['double-sided on A4 paper) to the hospital and remind the hospital to follow  the listed items for the check-up to avoid missing any items. If any items are  missed, you will need to undergo a supplementary check-up. The cost of the  check-up varies by hospital, so please inquire with each hospital.   3. Report Pickup Time:   The processing time for check -up reports at different hospitals varies, but it  usually takes 1 -2 weeks to receive the r eport. Please plan your check -up in  advance to ensure you can submit the report by September 22, 2025.   4. Report Submission:   ✓ Submit the ""Student Health Data Form"" and a photocopy of the off-campus  check-up report at the service desk during the on -campus check-up event  on September 03, 2025 (at the Auditorium).   ✓ If any results are incomplete, you can pay for supplementary tests on-site at  the on-campus check-up.   ✓ If you are unable to attend the on-campus check-up, please submit (or mail)  the documents to the Health and Welfare Section directly.', 'double-sided on A4 paper) to the hospital and remind the hospital to follow  the listed items for the check-up to avoid missing any items. If any items are  missed, you will need to undergo a supplementary check-up. The cost of the  check-up varies by hospital, so please inquire with each hospital.   3. Report Pickup Time:   The processing time for check -up reports at different hospitals varies, but it  usually takes 1-2 weeks to receive the report.  4. Report Submission:   ✓ Submit the ""Student Health Data Form"" and a photocopy of the off-campus  check-up report at the service desk during the on -campus check-up event  (at the Auditorium).   ✓ If any results are incomplete, you can pay for supplementary tests on-site at  the on-campus check-up.   ✓ If you are unable to attend the on-campus check-up, please submit (or mail)  the documents to the Health and Welfare Section directly. Please do not  send them to other offices , as health check -up reports contain sensitive  personal information, and the', 'double-sided on A4 paper) to the hospital and remind the hospital to follow  the listed items for the check-up to avoid missing any items. If any items are  missed, you will need to undergo a supplementary check-up. The cost of the  check-up varies by hospital, so please inquire with each hospital.   3. Report Pickup Time:   The processing time for check -up reports at different hospitals varies, but it  usually takes 1-2 weeks to receive the report.  4. Report Submission:   ✓ Submit the ""Student Health Data Form"" and a photocopy of the off-campus  check-up report at the service desk during the on -campus check-up event  (at the Auditorium).   ✓ If any results are incomplete, you can pay for supplementary tests on-site at  the on-campus check-up.   ✓ If you are unable to attend the on-campus check-up, please submit (or mail)  the documents to the Health and Welfare Section directly. Please do not  send them to other offices , as health check -up reports contain sensitive  personal information, and the']","The processing time for check-up reports at different hospitals varies, but it usually takes 1-2 weeks to receive the report. Please plan your check-up in advance to ensure you can submit the report by September 22, 2025.",0.75,0.7170598575556401,0.9999999999666667,Qwen3_no_think
Where should students submit their off-campus health check-up report during the on-campus event?,"['45 days, please go to the department office to collect the  health check -up report. For domestic students under the age of 18, an  additional copy will be mailed to their legal guardian. No additional report  will be mailed to other individuals.    Information for   Health Examination    54          Off-Campus Health  Designated Medical Institution for Off-Campus Health Check-up:   Taian Hospital, Shuangshifen Branch （台安醫院雙十分院——健康檢查中心）  1. Check-up Hospital:   Taian Hospital, Shuangshifen Branch – Health Check-up Center  Address: No. 29, Section 2, Shuangshi Road, Taichung City.   （台中市北區雙十路二段 29 號）  2. Reservation Phone Number:   (04) 2220-9636. Please make an appointment before going.   3. What to Bring:   ✓ The ""National Chung Cheng University Student Health Data Form""  (please fill out the self-report sections on the front).   ✓ The health check-up fee of NT$630. This amount should be paid directly  to the hospital.   4. Report Distribution:   The hospital will mail t he health check-up report to both', ""supplementary tests on-site at  the on-campus check-up.   ✓ If you are unable to attend the on-campus check-up, please submit (or mail)  the documents to the Health and Welfare Section directly. Please do not  send them to other offices , as health check -up reports contain sensitive  personal information, and the schoo l will not be responsible for any data  leaks or loss during the process.   5. Fasting Requirement:   Before going to the off -campus hospital, please ask the hospital's check -up  department whether fasting is required, as this could affect the check -up  process.            Information for   Health Examination    56          Health Examination for CCU and ARC  In order to follow government policy, after you register in CCU, you have to  go to the hospital to do your health examination as soon as possible and  provide the health examination report to the Health Center of C CU. Also, in  order to apply for ARC , you must provide your health examination report.  Please complete both health"", 'double-sided on A4 paper) to the hospital and remind the hospital to follow  the listed items for the check-up to avoid missing any items. If any items are  missed, you will need to undergo a supplementary check-up. The cost of the  check-up varies by hospital, so please inquire with each hospital.   3. Report Pickup Time:   The processing time for check -up reports at different hospitals varies, but it  usually takes 1 -2 weeks to receive the r eport. Please plan your check -up in  advance to ensure you can submit the report by September 22, 2025.   4. Report Submission:   ✓ Submit the ""Student Health Data Form"" and a photocopy of the off-campus  check-up report at the service desk during the on -campus check-up event  on September 03, 2025 (at the Auditorium).   ✓ If any results are incomplete, you can pay for supplementary tests on-site at  the on-campus check-up.   ✓ If you are unable to attend the on-campus check-up, please submit (or mail)  the documents to the Health and Welfare Section directly.']","Students should submit the off-campus health check-up report and the ""Student Health Data Form"" along with a photocopy of the report at the service desk during the on-campus check-up event on September 03, 2025, at the Auditorium.",1.0,0.7565863059448296,0.3333333333,Qwen3_no_think
Which hospital is specifically mentioned for the CCU and ARC health examination?,"['report to the Health Center of CCU. Also, in  order to apply for ARC , you must provide your health examination report.  Please complete both health examinations as soon as possible.    Hospital Information   Chia-Yi Christian Hospital(嘉義基督教醫院)    Tel: 05‑2765041 ext.\u202f2792 /\u202f2750–2751    Service hour: • Mon–Sat morning: 08:00–12:00    • Mon–Fri afternoon: 13:30–17:30    ※ Please call to make an appointment or inquire about your report.    Things to note    1. No need to fast    2. Bring the original residence permit or passport    3. Feces needs to be collected on site    4. Women who are pregnant or may be pregnant are not allowed to undergo  X-ray examination.    5. If you have been vaccinated against German measles and measles vaccine,  please bring the original and photocopy of your vaccination certificate.    6. No appointment required, on-site processing    7. ID photo   Information for   Health Examination    57       Information for   Health Examination    58       Information for   Health', 'report to the Health Center of CCU. Also, in  order to apply for ARC , you must provide your health examination report.  Please complete both health examinations as soon as possible.    Hospital Information   Chia-Yi Christian Hospital(嘉義基督教醫院)    Tel: 05‑2765041 ext.\u202f2792 /\u202f2750–2751    Service hour: • Mon–Sat morning: 08:00–12:00    • Mon–Fri afternoon: 13:30–17:30    ※ Please call to make an appointment or inquire about your report.    Things to note    1. No need to fast    2. Bring the original residence permit or passport    3. Feces needs to be collected on site    4. Women who are pregnant or may be pregnant are not allowed to undergo  X-ray examination.    5. If you have been vaccinated against German measles and measles vaccine,  please bring the original and photocopy of your vaccination certificate.    6. No appointment required, on-site processing    7. ID photo   Information for   Health Examination    57       Information for   Health Examination    58       Information for   Health', ""(or mail)  the documents to the Health and Welfare Section directly. Please do not  send them to other offices , as health check -up reports contain sensitive  personal information, and the school will not be responsible for any data  leaks or loss during the process.  Information for   Health Examination    55          5. Fasting Requirement:   Before going to the off -campus hospital, please ask the hospital's check -up  department whether fasting is required, as this could affect the check -up  process.             Click here to check hospitals near CCU Information for   Health Examination    56          Health Examination for CCU and ARC  In order to follow government policy, after you register in CCU, you have to  go to the hospital to do your health examination as soon as possible and  provide the health examination report to the Health Center of CCU. Also, in  order to apply for ARC , you must provide your health examination report.  Please complete both health examinations as soon as possible.""]","The hospital specifically mentioned for the CCU and ARC health examination is Chia-Yi Christian Hospital (嘉義基督教醫院). It provides health examination services required for both CCU enrollment and ARC application. The hospital's contact details and service hours are provided, along with necessary preparation guidelines.",1.0,0.9696264260128151,0.99999999995,Qwen3_no_think
What are the service hours of Chia-Yi Christian Hospital's check-up department?,"['report to the Health Center of CCU. Also, in  order to apply for ARC , you must provide your health examination report.  Please complete both health examinations as soon as possible.    Hospital Information   Chia-Yi Christian Hospital(嘉義基督教醫院)    Tel: 05‑2765041 ext.\u202f2792 /\u202f2750–2751    Service hour: • Mon–Sat morning: 08:00–12:00    • Mon–Fri afternoon: 13:30–17:30    ※ Please call to make an appointment or inquire about your report.    Things to note    1. No need to fast    2. Bring the original residence permit or passport    3. Feces needs to be collected on site    4. Women who are pregnant or may be pregnant are not allowed to undergo  X-ray examination.    5. If you have been vaccinated against German measles and measles vaccine,  please bring the original and photocopy of your vaccination certificate.    6. No appointment required, on-site processing    7. ID photo   Information for   Health Examination    57       Information for   Health Examination    58       Information for   Health', 'report to the Health Center of CCU. Also, in  order to apply for ARC , you must provide your health examination report.  Please complete both health examinations as soon as possible.    Hospital Information   Chia-Yi Christian Hospital(嘉義基督教醫院)    Tel: 05‑2765041 ext.\u202f2792 /\u202f2750–2751    Service hour: • Mon–Sat morning: 08:00–12:00    • Mon–Fri afternoon: 13:30–17:30    ※ Please call to make an appointment or inquire about your report.    Things to note    1. No need to fast    2. Bring the original residence permit or passport    3. Feces needs to be collected on site    4. Women who are pregnant or may be pregnant are not allowed to undergo  X-ray examination.    5. If you have been vaccinated against German measles and measles vaccine,  please bring the original and photocopy of your vaccination certificate.    6. No appointment required, on-site processing    7. ID photo   Information for   Health Examination    57       Information for   Health Examination    58       Information for   Health', 'possible and  provide the health examination report to the Health Center of C CU. Also, in  order to apply for ARC , you must provide your health examination report.  Please complete both health examinations as soon as possible.    Hospital Information   Chia-Yi Christian Hospital(嘉義基督教醫院)    Tel: 05‑2765041 ext.\u202f2792 /\u202f2750–2751    Service hour: • Mon–Sat morning: 08:00–12:00    • Mon–Fri afternoon: 13:30–17:30    ※ Please call to make an appointment or inquire about your report.    Things to note    1. No need to fast    2. Bring the original residence permit or passport    3. Feces needs to be collected on site    4. Women who are pregnant or may be pregnant are not allowed to undergo  X-ray examination.    5. If you have been vaccinated against German measles and measles vaccine,  please bring the original and photocopy of your vaccination certificate.    6. No appointment required, on-site processing    7. ID photo   Information for   Health Examination    57       Information for   Health Examination']","The service hours of Chia-Yi Christian Hospital's check-up department are as follows:  
• Monday to Saturday morning: 08:00–12:00  
• Monday to Friday afternoon: 13:30–17:30  
Please call to make an appointment or inquire about your report.",0.8,0.9999999999999994,0.9999999999666667,Qwen3_no_think
Is an appointment required at Chia-Yi Christian Hospital for the health examination?,"['report to the Health Center of CCU. Also, in  order to apply for ARC , you must provide your health examination report.  Please complete both health examinations as soon as possible.    Hospital Information   Chia-Yi Christian Hospital(嘉義基督教醫院)    Tel: 05‑2765041 ext.\u202f2792 /\u202f2750–2751    Service hour: • Mon–Sat morning: 08:00–12:00    • Mon–Fri afternoon: 13:30–17:30    ※ Please call to make an appointment or inquire about your report.    Things to note    1. No need to fast    2. Bring the original residence permit or passport    3. Feces needs to be collected on site    4. Women who are pregnant or may be pregnant are not allowed to undergo  X-ray examination.    5. If you have been vaccinated against German measles and measles vaccine,  please bring the original and photocopy of your vaccination certificate.    6. No appointment required, on-site processing    7. ID photo   Information for   Health Examination    57       Information for   Health Examination    58       Information for   Health', 'report to the Health Center of CCU. Also, in  order to apply for ARC , you must provide your health examination report.  Please complete both health examinations as soon as possible.    Hospital Information   Chia-Yi Christian Hospital(嘉義基督教醫院)    Tel: 05‑2765041 ext.\u202f2792 /\u202f2750–2751    Service hour: • Mon–Sat morning: 08:00–12:00    • Mon–Fri afternoon: 13:30–17:30    ※ Please call to make an appointment or inquire about your report.    Things to note    1. No need to fast    2. Bring the original residence permit or passport    3. Feces needs to be collected on site    4. Women who are pregnant or may be pregnant are not allowed to undergo  X-ray examination.    5. If you have been vaccinated against German measles and measles vaccine,  please bring the original and photocopy of your vaccination certificate.    6. No appointment required, on-site processing    7. ID photo   Information for   Health Examination    57       Information for   Health Examination    58       Information for   Health', 'possible and  provide the health examination report to the Health Center of C CU. Also, in  order to apply for ARC , you must provide your health examination report.  Please complete both health examinations as soon as possible.    Hospital Information   Chia-Yi Christian Hospital(嘉義基督教醫院)    Tel: 05‑2765041 ext.\u202f2792 /\u202f2750–2751    Service hour: • Mon–Sat morning: 08:00–12:00    • Mon–Fri afternoon: 13:30–17:30    ※ Please call to make an appointment or inquire about your report.    Things to note    1. No need to fast    2. Bring the original residence permit or passport    3. Feces needs to be collected on site    4. Women who are pregnant or may be pregnant are not allowed to undergo  X-ray examination.    5. If you have been vaccinated against German measles and measles vaccine,  please bring the original and photocopy of your vaccination certificate.    6. No appointment required, on-site processing    7. ID photo   Information for   Health Examination    57       Information for   Health Examination']","Based on the retrieved context, the health examination at Chia-Yi Christian Hospital does not require an appointment. The context explicitly states ""No appointment required, on-site processing."" However, it is recommended to call the hospital to make an appointment or inquire about the report. The service hours and contact details are provided for reference.",0.75,0.9892979029975505,0.9999999999666667,Qwen3_no_think
What are the three Taiwan sexual harassment-related laws mentioned in the document?,"['71    Sexual Assault, Sexual Harassment,  & Sexual Bully Prevention Regulations    10        Regulations Regulations  Sexual Assault, Sexual Harassment,  & Sexual Bully Prevention Regulations    72   National Chung Cheng University  Rules Governing Prevention of Gender-Related Incidents on Campuses         Approved at 3rd Gender Equity Education Committee Meeting of 2nd Semester of 2004 Academic Year on July 26, 2005  Revised at 303rd Executive Meeting on September 19, 2005  Revised at 63rd School Affairs Meeting on October 17, 2005  Revised at 332nd Executive Meeting on May 26, 2008  Revised at 77th School Affairs Meeting on June 9, 2008  Revised at 379th Executive Meeting on April 30, 2012  Revised at the 1st Gender Equity Education Committee Meeting of 2nd Semester of 2011 Academic Year on September 6, 2012  Revised at 386th Executive Meeting on November 26, 2012  Revised at 96th School Affairs Meeting on January 7, 2013  Revised at 392nd Executive Meeting on May 27, 2013  Revised at 98th School Affairs', '71    Sexual Assault, Sexual Harassment,  & Sexual Bully Prevention Regulations    10        Regulations Regulations  Sexual Assault, Sexual Harassment,  & Sexual Bully Prevention Regulations    72   National Chung Cheng University  Rules Governing Prevention of Gender-Related Incidents on Campuses         Approved at 3rd Gender Equity Education Committee Meeting of 2nd Semester of 2004 Academic Year on July 26, 2005  Revised at 303rd Executive Meeting on September 19, 2005  Revised at 63rd School Affairs Meeting on October 17, 2005  Revised at 332nd Executive Meeting on May 26, 2008  Revised at 77th School Affairs Meeting on June 9, 2008  Revised at 379th Executive Meeting on April 30, 2012  Revised at the 1st Gender Equity Education Committee Meeting of 2nd Semester of 2011 Academic Year on September 6, 2012  Revised at 386th Executive Meeting on November 26, 2012  Revised at 96th School Affairs Meeting on January 7, 2013  Revised at 392nd Executive Meeting on May 27, 2013  Revised at 98th School Affairs', 'Harassment  Information    70       71    Sexual Assault, Sexual Harassment,  & Sexual Bully Prevention Regulations    10        Regulations Regulations  Sexual Assault, Sexual Harassment,  & Sexual Bully Prevention Regulations    72   National Chung Cheng University  Rules Governing Prevention of Gender-Related Incidents on Campuses         Approved at 3rd Gender Equity Education Committee Meeting of 2nd Semester of 2004 Academic Year on July 26, 2005  Revised at 303rd Executive Meeting on September 19, 2005  Revised at 63rd School Affairs Meeting on October 17, 2005  Revised at 332nd Executive Meeting on May 26, 2008  Revised at 77th School Affairs Meeting on June 9, 2008  Revised at 379th Executive Meeting on April 30, 2012  Revised at the 1st Gender Equity Education Committee Meeting of 2nd Semester of 2011 Academic Year on September 6, 2012  Revised at 386th Executive Meeting on November 26, 2012  Revised at 96th School Affairs Meeting on January 7, 2013  Revised at 392nd Executive Meeting on May 27,']","The three Taiwan sexual harassment-related laws mentioned in the document are:

1. Sexual Assault, Sexual Harassment, & Sexual Bully Prevention Regulations  
2. National Chung Cheng University Rules Governing Prevention of Gender-Related Incidents on Campuses  
3. [Third law not explicitly named in the retrieved context]  

Sorry, I am not sure about it. Maybe you could turn to OIA for help.",0.2,0.0,0.0,Qwen3_no_think
What is the fine range for sexual harassment of others under the Sexual Harassment Prevention Act?,"['Assault Crime Prevention Act.  The sexual harassment as referred to in the Rules refers to any acts meeting one of the following  criteria but not constituting sexual assault:  Article 1  Article 2  Regulations  Sexual Assault, Sexual Harassment,  & Sexual Bully Prevention Regulations    73   1. Engaging in unwelcome  sex- or gender -related s peech or behavior, whether explicit or  implied, which adversely affect the other party’s personal dignity, learning, or work  opportunities or performance.  2. Sex- or gender-related behavior that serves as the condition for oneself or others to gain or  lose rights or interests in learning or work.  The sexual bullying as referred to in the Rules refers to  ridicule, attacks, or threats directed at  another person’s gender characteristics, gender temperaments, sexual orientation, or gender  identity by using verbal, physical or other forms of violence under the category of sexual bullying  not sexual harassment.     The applicable objects of the Rules include those', 'harassment as referred to in the Rules refers to any acts meeting one of the following  criteria but not constituting sexual assault:  Article 1  Article 2  Regulations  Sexual Assault, Sexual Harassment,  & Sexual Bully Prevention Regulations    73   1. Engaging in unwelcome  sex- or gender -related s peech or behavior, whether explicit or  implied, which adversely affect the other party’s personal dignity, learning, or work  opportunities or performance.  2. Sex- or gender-related behavior that serves as the condition for oneself or others to gain or  lose rights or interests in learning or work.  The sexual bullying as referred to in the Rules refers to  ridicule, attacks, or threats directed at  another person’s gender characteristics, gender temperaments, sexual orientation, or gender  identity by using verbal, physical or other forms of violence under the category of sexual bullying  not sexual harassment.     The applicable objects of the Rules include those in which one party of the gender-related', 'harassment as referred to in the Rules refers to any acts meeting one of the following  criteria but not constituting sexual assault:  Article 1  Article 2  Regulations  Sexual Assault, Sexual Harassment,  & Sexual Bully Prevention Regulations    73   1. Engaging in unwelcome  sex- or gender -related s peech or behavior, whether explicit or  implied, which adversely affect the other party’s personal dignity, learning, or work  opportunities or performance.  2. Sex- or gender-related behavior that serves as the condition for oneself or others to gain or  lose rights or interests in learning or work.  The sexual bullying as referred to in the Rules refers to  ridicule, attacks, or threats directed at  another person’s gender characteristics, gender temperaments, sexual orientation, or gender  identity by using verbal, physical or other forms of violence under the category of sexual bullying  not sexual harassment.     The applicable objects of the Rules include those in which one party of the gender-related']","The retrieved context does not specify the fine range for sexual harassment under the Sexual Harassment Prevention Act. It outlines definitions and categories of sexual harassment but does not mention penalties or fines. Therefore, I am not sure about it. Maybe you could turn to OIA for help.",0.8,0.0,0.0,Qwen3_no_think
What emergency numbers are listed for self-defense against sexual harassment?,"['6. No appointment required, on-site processing    7. ID photo   Information for   Health Examination    57       Information for   Health Examination    58       Information for   Health Examination    59      Information for   Health Examination    60      Information for   Health Examination    61         Information for   Health Examination    62         Information for   Health Examination    63         Information for   Health Examination    64         Information for   Health Examination    65       Information for   Health Examination    66    67    09                  Anti-Sexual Harassment  Information      Anti-sexual Harassment Information    68                                    Anti-sexual Harassment Information    69                                      Anti-sexual Harassment Information    70       71    Sexual Assault, Sexual Harassment,  & Sexual Bully Prevention Regulations    10        Regulations Regulations  Sexual Assault, Sexual Harassment,  & Sexual Bully Prevention Regulations', '6. No appointment required, on-site processing    7. ID photo   Information for   Health Examination    57       Information for   Health Examination    58       Information for   Health Examination    59      Information for   Health Examination    60      Information for   Health Examination    61         Information for   Health Examination    62         Information for   Health Examination    63         Information for   Health Examination    64         Information for   Health Examination    65       Information for   Health Examination    66    67    09                  Anti-Sexual Harassment  Information      Anti-sexual Harassment Information    68                                    Anti-sexual Harassment Information    69                                      Anti-sexual Harassment Information    70       71    Sexual Assault, Sexual Harassment,  & Sexual Bully Prevention Regulations    10        Regulations Regulations  Sexual Assault, Sexual Harassment,  & Sexual Bully Prevention Regulations', 'invited to assist in the investigation, the educational institution or the competent  authority shall avoid any face-to-face confrontation between them.  5. The name of any offender, victim, informant, or person invited to assist in the investigation,  and any other information sufficient to identify them, shall be kept confidential. This restriction  Article 24  Article 25 Regulations  Sexual Assault, Sexual Harassment,  & Sexual Bully Prevention Regulations    86   does not apply, however, if such details are required for the investigation or based on  considerations of public safety.  6. When, in accordance with the provisions of Paragraph 5, Article 33 of the Gender Equity  Education Act, written notification is given to the parties involved, and to associated personnel  or agencies to cooperate with an investigation and provide information , the notification shall  state the purpose of the investigation, the time and location, and the consequences of failure to  attend.  7. The notification referred to']","Sorry, I am not sure about it. Maybe you could turn to OIA for help.",0.0,0.0,0.0,Qwen3_no_think
What are the four self-defense measures listed for protecting oneself against sexual harassment?,"['Assault Crime Prevention Act.  The sexual harassment as referred to in the Rules refers to any acts meeting one of the following  criteria but not constituting sexual assault:  Article 1  Article 2  Regulations  Sexual Assault, Sexual Harassment,  & Sexual Bully Prevention Regulations    73   1. Engaging in unwelcome  sex- or gender -related s peech or behavior, whether explicit or  implied, which adversely affect the other party’s personal dignity, learning, or work  opportunities or performance.  2. Sex- or gender-related behavior that serves as the condition for oneself or others to gain or  lose rights or interests in learning or work.  The sexual bullying as referred to in the Rules refers to  ridicule, attacks, or threats directed at  another person’s gender characteristics, gender temperaments, sexual orientation, or gender  identity by using verbal, physical or other forms of violence under the category of sexual bullying  not sexual harassment.     The applicable objects of the Rules include those', 'harassment as referred to in the Rules refers to any acts meeting one of the following  criteria but not constituting sexual assault:  Article 1  Article 2  Regulations  Sexual Assault, Sexual Harassment,  & Sexual Bully Prevention Regulations    73   1. Engaging in unwelcome  sex- or gender -related s peech or behavior, whether explicit or  implied, which adversely affect the other party’s personal dignity, learning, or work  opportunities or performance.  2. Sex- or gender-related behavior that serves as the condition for oneself or others to gain or  lose rights or interests in learning or work.  The sexual bullying as referred to in the Rules refers to  ridicule, attacks, or threats directed at  another person’s gender characteristics, gender temperaments, sexual orientation, or gender  identity by using verbal, physical or other forms of violence under the category of sexual bullying  not sexual harassment.     The applicable objects of the Rules include those in which one party of the gender-related', 'harassment as referred to in the Rules refers to any acts meeting one of the following  criteria but not constituting sexual assault:  Article 1  Article 2  Regulations  Sexual Assault, Sexual Harassment,  & Sexual Bully Prevention Regulations    73   1. Engaging in unwelcome  sex- or gender -related s peech or behavior, whether explicit or  implied, which adversely affect the other party’s personal dignity, learning, or work  opportunities or performance.  2. Sex- or gender-related behavior that serves as the condition for oneself or others to gain or  lose rights or interests in learning or work.  The sexual bullying as referred to in the Rules refers to  ridicule, attacks, or threats directed at  another person’s gender characteristics, gender temperaments, sexual orientation, or gender  identity by using verbal, physical or other forms of violence under the category of sexual bullying  not sexual harassment.     The applicable objects of the Rules include those in which one party of the gender-related']","The four self-defense measures are not explicitly listed in the retrieved context. Sorry, I am not sure about it. Maybe you could turn to OIA for help.",0.3333333333333333,0.0,0.0,Qwen3_no_think
How long must CCU keep confidential documents related to campus gender-related incidents?,"['34 Regulations  Sexual Assault, Sexual Harassment,  & Sexual Bully Prevention Regulations    95       This University shall establish a file of campus gender -related incidents and offenders in  accordance with regulations, and the secretarial department shall keep it in confidential documents  for 25 years; if the database is preserved using electronic storage media, when necessary, an  electronic signature or encryption may be used for dealing with the data.  The database established in accordance with the provisions of the preceding paragraph shall be  divided into archives of original data and archives of report documents.  The content of the archives of the original data referred to in the preceding paragraph includes the  following information:  1. The time the incident occurred and its category.  2. The parties associated with the incident and the parties involved (the informant, the victim,  and the offender).  3. The personnel handling the case, and the process, and case records.  4. Text documents', '95       This University shall establish a file of campus gender -related incidents and offenders in  accordance with regulations, and the secretarial department shall keep it in confidential documents  for 25 years; if the database is preserved using electronic stora ge media, when necessary, an  electronic signature or encryption may be used for dealing with the data.  The database established in accordance with the provisions of the preceding paragraph shall be  divided into archives of original data and archives of report documents.  The content of the archives of the original data referred to in the preceding paragraph includes the  following information:  1. The time the incident occurred and its category.  2. The parties associated with the incident and the parties involved (the informant, the victim,  and the offender).  3. The personnel handling the case, and the process, and case records.  4. Text documents produced during the handling of the case, audio files of recorded interviews,  evidence', '95       This University shall establish a file of campus gender -related incidents and offenders in  accordance with regulations, and the secretarial department shall keep it in confidential documents  for 25 years; if the database is preserved using electronic stora ge media, when necessary, an  electronic signature or encryption may be used for dealing with the data.  The database established in accordance with the provisions of the preceding paragraph shall be  divided into archives of original data and archives of report documents.  The content of the archives of the original data referred to in the preceding paragraph includes the  following information:  1. The time the incident occurred and its category.  2. The parties associated with the incident and the parties involved (the informant, the victim,  and the offender).  3. The personnel handling the case, and the process, and case records.  4. Text documents produced during the handling of the case, audio files of recorded interviews,  evidence']","National Chung Cheng University must keep confidential documents related to campus gender-related incidents for 25 years. The secretarial department is responsible for maintaining these confidential records. If stored electronically, encryption or electronic signatures may be used to secure the data. The database is divided into original data archives and report documents archives, containing details such as incident time, parties involved, handling processes, and evidence.",1.0,0.7602106101404845,0.9999999999666667,Qwen3_no_think
