user_input,retrieved_contexts,response,faithfulness,answer_relevancy,llm_context_precision_without_reference,model
When does the 2025 Fall semester officially begin at CCU?,"['Again, welcome to CCU and we are looking forward to seeing you on campus soon.    Best regards,    Office of International Affairs  National Chung Cheng University        Welcome to CCU!          3    01  CCU’s Calendar  for  Fall Semester  2025  CCU’s Calendar for Fall Semester 2025  國立中正大學 114 學年度第 1 學期行事曆     4   The academic calendar for CCU(114 學年度行事曆) is available at this website.   https://oia.ccu.edu.tw/p/405-1008-63090,c1425.php?Lang=en    Date 日期 Event  行事  2025.08.29 (Fri.)  Leave-School Deadline for Graduate students who have passed the  Degree Examinations in the 2025 Spring semester  第 2 學期完成學位考試之研究生離校截止日  Dormitory move-in day 學生宿舍進住日  2025.09.01 (Mon.) ~  2025.09.05 (Fri.)  Registration week for new students 新生註冊週  2025.09.01 (Mon.) ~  2025.09.15 (Mon.)  Application of transferring new and in-service students’credits  新生(含專班)抵免學分申請  2025.09.03 (Wed.) On-campus health examination for freshman 校內新生體檢  2025.09.03 (Wed.) ~  2025.09.05 (Fri.)  First Course Selection for New Students (including', '(Wed.)  Deadline for submitting “Cut-off book for not participating in students  group insurance”  繳交「不參加學生團體保險切結書」截止日  2025.10.17 (Fri.) Standard of one-third school days.  學生申請休、退學退費上課達 1/3 基準日       CCU’s Calendar for Fall Semester 2025  國立中正大學 114 學年度第 1 學期行事曆     5   Date 日期 Event  行事  2025.10.25 (Sat.) Sports Day for the Celebration of CCU’s Anniversary 校慶運動會  2025.10.31 (Fri.)  Minor and double major application Cancellation.   放棄輔系、雙主修申請截止日  2025.11.03 (Mon.) ~  2025.11.9 (Sun.)  Midterm exam week 期中考週  2025.11.10(Mon.) ~  2025.12.08(Mon.)  Course drop-out application period for 2025 Fall semester 棄選申請  2025.11.28 (Fri.) Standard of two-thirds school days 學生申請休、退學退費上課達 2/3 基準日  2025.12.15 (Mon.)  Application for Graduate Students’ Degree Examination in Fall Semester  Ends.  第一學期研究生學位考試申請截止  2025.12.22 (Mon.)~  2025.12.26 (Fri.)  First course selection for Spring Semester 2026  第 2 學期第一階段選課  2025.12.22 (Mon.) ~  2025.12.28 (Sun.)  Instructors at CCU can arrange their classes to accommodate flexible', '2025.12.26 (Fri.)  First course selection for Spring Semester 2026  第 2 學期第一階段選課  2025.12.22 (Mon.) ~  2025.12.28 (Sun.)  Instructors at CCU can arrange their classes to accommodate flexible  teaching practices in relation to the final exams scheduled in the 16th  week. 因應彈性教學教師可規劃課程於第 16 週期末考試 2025.12.29 (Mon.) ~  2026.01.09 (Fri.)  Flexible teaching period for the 2025 Fall Semester 教師彈性教學  2025.12.31 (Wed.) Deadline of applying for graduating beforehand (For undergraduate  students) 學士班學生提前畢業申請截止日  2026.01.01 (Thu.) Anniversary of the Founding of R. O. C. (day off) 中華民國開國紀念日(放假)  2026.01.02 (Fri.)  Last lecture day. Deadline of applying for dropping out in the 2025 Fall  Semester.  第 1 學期上課最後一天，第 1 學期休學申請截止日  2026.01.03 (Sat.) ~  2026.01.09 (Fri.)  Final examination period 期末考週  2026.01.13 (Tues.) Dormitory move-out deadline 退宿截止日  2026.01.28 (Wed.)  Deadline for Graduate Students Degree Examination in Fall Semester  第 1 學期研究生學位考試截止日  2026.01.31 (Sat.) End of the first semester 第 1 學期結束   6     02']",The 2025 Fall semester officially begins at CCU on 2025.09.01 (Mon.).,0.5,0.9999999999999997,0.9999999999,Llama3.1
What is the last day to apply for a full refund after dropping out in the first semester?,"['students’credits  新生(含專班)抵免學分申請  2025.09.03 (Wed.) On-campus health examination for freshman 校內新生體檢  2025.09.03 (Wed.) ~  2025.09.05 (Fri.)  First Course Selection for New Students (including Special Programs)新生 (含專班)第一階段選課  2025.09.05 (Fri.)  Deadline of applying full refund in the First semester (For expelled and  drop-out students). 第 1 學期學生申請休、退學全額退費截止日  2025.09.08 (Mon.)  Class begins. 第 1 學期上課開始  Registration deadline for all current and new students. 註冊截止日  Application for Degree Examination of Graduate Student Starts 研究生學 位考試申請開始  2025.09.08 (Mon.) ~  2025.09.19 (Fri.)  2nd Course Selection for Fall Semester 2025  114-1 學期第二階段選課  2025.09.19 (Fri.) National Disaster Prevention Day 國家防災日演習  2025.10.06 (Mon.) Mid-Autumn Festival (day off) 中秋節 (放假一天)  2025.10.10 (Fri.) National Day (day off) 國慶日 (放假一天)  2025.10.15 (Wed.)  Deadline for submitting “Cut-off book for not participating in students  group insurance”  繳交「不參加學生團體保險切結書」截止日  2025.10.17 (Fri.) Standard of one-third school days.  學生申請休、退學退費上課達 1/3', 'Date for Student Withdrawal/Leave of Absence and  Tuition Refund (Upon Reaching 2/3 of Semester Classes)  學生申請休、退學退費上課達 2/3 基準日  2026.05.29 (Fri.)  Deadline for Early Graduation Application (Undergraduate Students)   學士班學生提前畢業申請截止日  2026.06.01 (Mon.) Application for department transfer, minor, or double major for  undergraduate students. 學士班申請轉系、輔系、雙主修      2026.06.06 (Sat.) Graduation Ceremony  畢業典禮  2026.06.08 (Mon.) ~  2026.06.12 (Fri.)  Phase 1 Course Selection (1st Semester, AY 115)  115 學年第 1 學期第一階段選課  2026.06.08 (Mon.) ~  2026.06.14 (Sun.)  Final Exam Week (Flexible Teaching Period for Instructors)  因應彈性教學教師可規劃課程於第 16 週期末考試  2026.06.15 (Mon.) ~  2026.06.26 (Fri.)  Flexible Teaching Period for Instructors 教師彈性教學  2026.06.18 (Thu.) Last Day of Classes for 2nd Semester 第 2 學期上課最後一天  2026.06.19 (Fri.) Dragon Boat Festival 端午節  2026.06.20 (Sat.) ~  2026.06.26 (Fri.)  Final Exam Week (General Courses, Week 18); Flexible Teaching  Courses follow Course Syllabus  一般課程期末考試(彈性教學課程依課程大綱辦理)  2026.07.05 (Sun.)', 'Date for Student Withdrawal/Leave of Absence and  Tuition Refund (Upon Reaching 2/3 of Semester Classes)  學生申請休、退學退費上課達 2/3 基準日  2026.05.29 (Fri.)  Deadline for Early Graduation Application (Undergraduate Students)   學士班學生提前畢業申請截止日  2026.06.01 (Mon.) Application for department transfer, minor, or double major for  undergraduate students. 學士班申請轉系、輔系、雙主修      2026.06.06 (Sat.) Graduation Ceremony  畢業典禮  2026.06.08 (Mon.) ~  2026.06.12 (Fri.)  Phase 1 Course Selection (1st Semester, AY 115)  115 學年第 1 學期第一階段選課  2026.06.08 (Mon.) ~  2026.06.14 (Sun.)  Final Exam Week (Flexible Teaching Period for Instructors)  因應彈性教學教師可規劃課程於第 16 週期末考試  2026.06.15 (Mon.) ~  2026.06.26 (Fri.)  Flexible Teaching Period for Instructors 教師彈性教學  2026.06.18 (Thu.) Last Day of Classes for 2nd Semester 第 2 學期上課最後一天  2026.06.19 (Fri.) Dragon Boat Festival 端午節  2026.06.20 (Sat.) ~  2026.06.26 (Fri.)  Final Exam Week (General Courses, Week 18); Flexible Teaching  Courses follow Course Syllabus  一般課程期末考試(彈性教學課程依課程大綱辦理)  2026.07.05 (Sun.)']",The last day to apply for a full refund after dropping out in the first semester is 2025.09.08 (Mon.).,0.5,0.9999999999999992,0.9999999999,Llama3.1
When is the midterm exam week during the 2025 Fall semester?,"['(Wed.)  Deadline for submitting “Cut-off book for not participating in students  group insurance”  繳交「不參加學生團體保險切結書」截止日  2025.10.17 (Fri.) Standard of one-third school days.  學生申請休、退學退費上課達 1/3 基準日       CCU’s Calendar for Fall Semester 2025  國立中正大學 114 學年度第 1 學期行事曆     5   Date 日期 Event  行事  2025.10.25 (Sat.) Sports Day for the Celebration of CCU’s Anniversary 校慶運動會  2025.10.31 (Fri.)  Minor and double major application Cancellation.   放棄輔系、雙主修申請截止日  2025.11.03 (Mon.) ~  2025.11.9 (Sun.)  Midterm exam week 期中考週  2025.11.10(Mon.) ~  2025.12.08(Mon.)  Course drop-out application period for 2025 Fall semester 棄選申請  2025.11.28 (Fri.) Standard of two-thirds school days 學生申請休、退學退費上課達 2/3 基準日  2025.12.15 (Mon.)  Application for Graduate Students’ Degree Examination in Fall Semester  Ends.  第一學期研究生學位考試申請截止  2025.12.22 (Mon.)~  2025.12.26 (Fri.)  First course selection for Spring Semester 2026  第 2 學期第一階段選課  2025.12.22 (Mon.) ~  2025.12.28 (Sun.)  Instructors at CCU can arrange their classes to accommodate flexible', '2025.12.26 (Fri.)  First course selection for Spring Semester 2026  第 2 學期第一階段選課  2025.12.22 (Mon.) ~  2025.12.28 (Sun.)  Instructors at CCU can arrange their classes to accommodate flexible  teaching practices in relation to the final exams scheduled in the 16th  week. 因應彈性教學教師可規劃課程於第 16 週期末考試 2025.12.29 (Mon.) ~  2026.01.09 (Fri.)  Flexible teaching period for the 2025 Fall Semester 教師彈性教學  2025.12.31 (Wed.) Deadline of applying for graduating beforehand (For undergraduate  students) 學士班學生提前畢業申請截止日  2026.01.01 (Thu.) Anniversary of the Founding of R. O. C. (day off) 中華民國開國紀念日(放假)  2026.01.02 (Fri.)  Last lecture day. Deadline of applying for dropping out in the 2025 Fall  Semester.  第 1 學期上課最後一天，第 1 學期休學申請截止日  2026.01.03 (Sat.) ~  2026.01.09 (Fri.)  Final examination period 期末考週  2026.01.13 (Tues.) Dormitory move-out deadline 退宿截止日  2026.01.28 (Wed.)  Deadline for Graduate Students Degree Examination in Fall Semester  第 1 學期研究生學位考試截止日  2026.01.31 (Sat.) End of the first semester 第 1 學期結束   6     02', 'students’credits  新生(含專班)抵免學分申請  2025.09.03 (Wed.) On-campus health examination for freshman 校內新生體檢  2025.09.03 (Wed.) ~  2025.09.05 (Fri.)  First Course Selection for New Students (including Special Programs)新生 (含專班)第一階段選課  2025.09.05 (Fri.)  Deadline of applying full refund in the First semester (For expelled and  drop-out students). 第 1 學期學生申請休、退學全額退費截止日  2025.09.08 (Mon.)  Class begins. 第 1 學期上課開始  Registration deadline for all current and new students. 註冊截止日  Application for Degree Examination of Graduate Student Starts 研究生學 位考試申請開始  2025.09.08 (Mon.) ~  2025.09.19 (Fri.)  2nd Course Selection for Fall Semester 2025  114-1 學期第二階段選課  2025.09.19 (Fri.) National Disaster Prevention Day 國家防災日演習  2025.10.06 (Mon.) Mid-Autumn Festival (day off) 中秋節 (放假一天)  2025.10.10 (Fri.) National Day (day off) 國慶日 (放假一天)  2025.10.15 (Wed.)  Deadline for submitting “Cut-off book for not participating in students  group insurance”  繳交「不參加學生團體保險切結書」截止日  2025.10.17 (Fri.) Standard of one-third school days.  學生申請休、退學退費上課達 1/3']",The midterm exam week is from 2025.11.03 (Mon.) to 2025.11.9 (Sun.).,1.0,0.837708327249307,0.9999999999,Llama3.1
What is the dormitory move-out deadline at the end of the Fall 2025 semester?,"['2025.12.26 (Fri.)  First course selection for Spring Semester 2026  第 2 學期第一階段選課  2025.12.22 (Mon.) ~  2025.12.28 (Sun.)  Instructors at CCU can arrange their classes to accommodate flexible  teaching practices in relation to the final exams scheduled in the 16th  week. 因應彈性教學教師可規劃課程於第 16 週期末考試 2025.12.29 (Mon.) ~  2026.01.09 (Fri.)  Flexible teaching period for the 2025 Fall Semester 教師彈性教學  2025.12.31 (Wed.) Deadline of applying for graduating beforehand (For undergraduate  students) 學士班學生提前畢業申請截止日  2026.01.01 (Thu.) Anniversary of the Founding of R. O. C. (day off) 中華民國開國紀念日(放假)  2026.01.02 (Fri.)  Last lecture day. Deadline of applying for dropping out in the 2025 Fall  Semester.  第 1 學期上課最後一天，第 1 學期休學申請截止日  2026.01.03 (Sat.) ~  2026.01.09 (Fri.)  Final examination period 期末考週  2026.01.13 (Tues.) Dormitory move-out deadline 退宿截止日  2026.01.28 (Wed.)  Deadline for Graduate Students Degree Examination in Fall Semester  第 1 學期研究生學位考試截止日  2026.01.31 (Sat.) End of the first semester 第 1 學期結束   6     02', 'Festival 端午節  2026.06.20 (Sat.) ~  2026.06.26 (Fri.)  Final Exam Week (General Courses, Week 18); Flexible Teaching  Courses follow Course Syllabus  一般課程期末考試(彈性教學課程依課程大綱辦理)  2026.07.05 (Sun.) Dormitory move-out deadline  退宿截止日  2026.07.31 (Fri.) End of the spring semester 第 2 學期結束     6     02        Pre-departure Checklist Pre-departure Checklist    7   2.1 Pre-departure Checklist       Event Check  1 Valid Resident VISA & Health Certificate for Alien Residence Certificate(ARC)   2 Passport (Original and 3 photocopies)   3  Personal photos*4 & the digital file  The photo should be a color photo with a glossy finish taken with a white background  within the last six months. The photo should be 4.5cm × 3.5cm with an image of the  head that should be no shorter than 3.2 cm or longer  than 3.6 cm from the top of the head to the chin.  The photo should be with clear and identifiable  facial features without wearing a hat or a pair of  color glasses. Please refer to the sample photo.  If you are worried that the', 'Again, welcome to CCU and we are looking forward to seeing you on campus soon.    Best regards,    Office of International Affairs  National Chung Cheng University        Welcome to CCU!          3    01  CCU’s Calendar  for  Fall Semester  2025  CCU’s Calendar for Fall Semester 2025  國立中正大學 114 學年度第 1 學期行事曆     4   The academic calendar for CCU(114 學年度行事曆) is available at this website.   https://oia.ccu.edu.tw/p/405-1008-63090,c1425.php?Lang=en    Date 日期 Event  行事  2025.08.29 (Fri.)  Leave-School Deadline for Graduate students who have passed the  Degree Examinations in the 2025 Spring semester  第 2 學期完成學位考試之研究生離校截止日  Dormitory move-in day 學生宿舍進住日  2025.09.01 (Mon.) ~  2025.09.05 (Fri.)  Registration week for new students 新生註冊週  2025.09.01 (Mon.) ~  2025.09.15 (Mon.)  Application of transferring new and in-service students’credits  新生(含專班)抵免學分申請  2025.09.03 (Wed.) On-campus health examination for freshman 校內新生體檢  2025.09.03 (Wed.) ~  2025.09.05 (Fri.)  First Course Selection for New Students (including']","The dormitory move-out deadline at the end of the Fall 2025 semester is 2026.01.13 (Tues.) is the start of the final examination period, and the move-out deadline is on 2026.01.13 (Tues.) is not correct, the correct answer is 2026.01.13 (Tues.) is the start of the final examination period, and the move-out deadline is on 2026.01.13 (Tues.) is not correct, the correct answer is 2026.01.13 (Tues.) is the start of the final examination period, and the move-out deadline is on 2026.01.13 (Tues.) is not correct, the correct answer is 2026.01.13 (Tues.) is the start of the final examination period, and the move-out deadline is on 2026.01.13 (Tues.) is not correct, the correct answer is 2026.01.13 (Tues.) is the start of the final examination period, and the move-out deadline is on 2026.01.13 (Tues.) is not correct, the correct answer is 2026",0.3333333333333333,0.0,0.9999999999,Llama3.1
"Which national holiday falls on October 10, 2025?","['students’credits  新生(含專班)抵免學分申請  2025.09.03 (Wed.) On-campus health examination for freshman 校內新生體檢  2025.09.03 (Wed.) ~  2025.09.05 (Fri.)  First Course Selection for New Students (including Special Programs)新生 (含專班)第一階段選課  2025.09.05 (Fri.)  Deadline of applying full refund in the First semester (For expelled and  drop-out students). 第 1 學期學生申請休、退學全額退費截止日  2025.09.08 (Mon.)  Class begins. 第 1 學期上課開始  Registration deadline for all current and new students. 註冊截止日  Application for Degree Examination of Graduate Student Starts 研究生學 位考試申請開始  2025.09.08 (Mon.) ~  2025.09.19 (Fri.)  2nd Course Selection for Fall Semester 2025  114-1 學期第二階段選課  2025.09.19 (Fri.) National Disaster Prevention Day 國家防災日演習  2025.10.06 (Mon.) Mid-Autumn Festival (day off) 中秋節 (放假一天)  2025.10.10 (Fri.) National Day (day off) 國慶日 (放假一天)  2025.10.15 (Wed.)  Deadline for submitting “Cut-off book for not participating in students  group insurance”  繳交「不參加學生團體保險切結書」截止日  2025.10.17 (Fri.) Standard of one-third school days.  學生申請休、退學退費上課達 1/3', '(Wed.)  Deadline for submitting “Cut-off book for not participating in students  group insurance”  繳交「不參加學生團體保險切結書」截止日  2025.10.17 (Fri.) Standard of one-third school days.  學生申請休、退學退費上課達 1/3 基準日       CCU’s Calendar for Fall Semester 2025  國立中正大學 114 學年度第 1 學期行事曆     5   Date 日期 Event  行事  2025.10.25 (Sat.) Sports Day for the Celebration of CCU’s Anniversary 校慶運動會  2025.10.31 (Fri.)  Minor and double major application Cancellation.   放棄輔系、雙主修申請截止日  2025.11.03 (Mon.) ~  2025.11.9 (Sun.)  Midterm exam week 期中考週  2025.11.10(Mon.) ~  2025.12.08(Mon.)  Course drop-out application period for 2025 Fall semester 棄選申請  2025.11.28 (Fri.) Standard of two-thirds school days 學生申請休、退學退費上課達 2/3 基準日  2025.12.15 (Mon.)  Application for Graduate Students’ Degree Examination in Fall Semester  Ends.  第一學期研究生學位考試申請截止  2025.12.22 (Mon.)~  2025.12.26 (Fri.)  First course selection for Spring Semester 2026  第 2 學期第一階段選課  2025.12.22 (Mon.) ~  2025.12.28 (Sun.)  Instructors at CCU can arrange their classes to accommodate flexible', 'The swimming pool is a seasonal facility and is usually open from April 15 to October 15 each year. On weekdays, opening hours are from 18:00 to 21:00. On weekends and public holidays, there are two sessions: from 14:00 to 17:00 and from 18:00 to 21:00.']","National Day falls on October 10, 2025.",1.0,0.794723939179275,0.9999999999,Llama3.1
How many students share a room in the undergraduate dormitory at CCU?,"['pay a residence deposit of  NT$1,600 and an electricity cha rge of NT$ 2,000, a total of NT$3, 600 (not  included in CCU scholarship). You will get an IC card saved with NT$1,000 to use  for the electricity cost of your room. If the amount of NT$1,000 runs out, you  should go to the Dormitory Service Center, with your card & money, to recharge  your card. The rest of NT$500 is reserved for the cost of public space. In the end  of every semester, the Dormitory Service Center will calculate the exact cost of  the electricity charge. If it is greater than the amount paid in the beginning of  semester, you will have to pay the difference.  4. The dormitory doesn’t supply the sheet for tenants. Furthermore, it doesn’t  include kitchen space, so please do not cook in your room.  5. Please ask the buddy assigned by OIA to help you regarding the check in  procedure at Dormitory Service Center.    3.1 Undergraduate student Dormitory  1. Undergraduate: 4 students share a room.  2. Each room is equipped with beds,', 'pay a residence deposit of  NT$1,600 and an electricity cha rge of NT$ 2,000, a total of NT$3, 600 (not  included in CCU scholarship). You will get an IC card saved with NT$1,000 to use  for the electricity cost of your room. If the amount of NT$1,000 runs out, you  should go to the Dormitory Service Center, with your card & money, to recharge  your card. The rest of NT$500 is reserved for the cost of public space. In the end  of every semester, the Dormitory Service Center will calculate the exact cost of  the electricity charge. If it is greater than the amount paid in the beginning of  semester, you will have to pay the difference.  4. The dormitory doesn’t supply the sheet for tenants. Furthermore, it doesn’t  include kitchen space, so please do not cook in your room.  5. Please ask the buddy assigned by OIA to help you regarding the check in  procedure at Dormitory Service Center.    3.1 Undergraduate student Dormitory  1. Undergraduate: 4 students share a room.  2. Each room is equipped with beds,', 'to help you regarding the check in  procedure at Dormitory Service Center.    3.1 Undergraduate student Dormitory  1. Undergraduate: 4 students share a room.  2. Each room is equipped with beds, L-shaped desks,  closets, telephone, lamps. Internet access is  available in all dormitories.  3. You can apply for dormitory network in the  Computer Center; the fee is NT$1,000 per  semester.    Accommodation    12     3.2 Graduate student Dormitory  1. Graduate: 2 students share a room.  2. Each room is equipped with beds, desks, chairs,  book shelf, closets, telephone. Internet access is  available in all dormitories.  3. You can apply for dormitory network in the  Computer Center; the fee is NT$1,000 per semester.    3.3 PhD student Dormitory  1. PhD: one to three students share a room.  2. Each room is equipped with beds, desks, chairs,  book shelf, closets, telephone. Internet access is  available in all dormitories.  3. You can apply for dormitory network in the  Computer Center; the fee is NT$1,000 per']",Undergraduate students share a room with 4 other students.,1.0,0.8424112964863184,0.9999999999666667,Llama3.1
Which item is NOT provided in the CCU dormitory room?,"['Expenses  around 54,000 (9,000 per month)  *Actual expenses depend on consumption habits of each person.  Currency Unit: NT (NT$28.89=US$1)           based on the rate on 2025/7/03      10                                03  Accommodation Accommodation    11     1. On-campus accommodation is guaranteed for international students. The first- year-students don’t need to apply; the CCU Office of International Affairs will  arrange it for you . However, your dormitory room will be assigned ; you are  unable to choose your own rooms or roommates.  2. Your dormitory room is not equipped with mattress, pillow, and quilt.  3. Besides the dormitory fee, each one of  you has to pay a residence deposit of  NT$1,600 and an electricity cha rge of NT$ 2,000, a total of NT$3, 600 (not  included in CCU scholarship). You will get an IC card saved with NT$1,000 to use  for the electricity cost of your room. If the amount of NT$1,000 runs out, you  should go to the Dormitory Service Center, with your card & money, to recharge', 'CCU dormitories have basic access control and management rules in place to maintain safety and living quality.\n\nResidents typically enter and exit the dormitory by scanning their student ID card, and non-residents are not allowed to enter freely.\n\nDormitories also have staff on duty and regulations regarding the use of public areas, visitors, noise levels, and cleanliness.', 'pay a residence deposit of  NT$1,600 and an electricity cha rge of NT$ 2,000, a total of NT$3, 600 (not  included in CCU scholarship). You will get an IC card saved with NT$1,000 to use  for the electricity cost of your room. If the amount of NT$1,000 runs out, you  should go to the Dormitory Service Center, with your card & money, to recharge  your card. The rest of NT$500 is reserved for the cost of public space. In the end  of every semester, the Dormitory Service Center will calculate the exact cost of  the electricity charge. If it is greater than the amount paid in the beginning of  semester, you will have to pay the difference.  4. The dormitory doesn’t supply the sheet for tenants. Furthermore, it doesn’t  include kitchen space, so please do not cook in your room.  5. Please ask the buddy assigned by OIA to help you regarding the check in  procedure at Dormitory Service Center.    3.1 Undergraduate student Dormitory  1. Undergraduate: 4 students share a room.  2. Each room is equipped with beds,']",The item NOT provided in the CCU dormitory room is a kitchen space.,1.0,0.996482155884508,0.3333333333,Llama3.1
How much is the residence deposit that students must pay in addition to the dormitory fee?,"['pay a residence deposit of  NT$1,600 and an electricity cha rge of NT$ 2,000, a total of NT$3, 600 (not  included in CCU scholarship). You will get an IC card saved with NT$1,000 to use  for the electricity cost of your room. If the amount of NT$1,000 runs out, you  should go to the Dormitory Service Center, with your card & money, to recharge  your card. The rest of NT$500 is reserved for the cost of public space. In the end  of every semester, the Dormitory Service Center will calculate the exact cost of  the electricity charge. If it is greater than the amount paid in the beginning of  semester, you will have to pay the difference.  4. The dormitory doesn’t supply the sheet for tenants. Furthermore, it doesn’t  include kitchen space, so please do not cook in your room.  5. Please ask the buddy assigned by OIA to help you regarding the check in  procedure at Dormitory Service Center.    3.1 Undergraduate student Dormitory  1. Undergraduate: 4 students share a room.  2. Each room is equipped with beds,', 'pay a residence deposit of  NT$1,600 and an electricity cha rge of NT$ 2,000, a total of NT$3, 600 (not  included in CCU scholarship). You will get an IC card saved with NT$1,000 to use  for the electricity cost of your room. If the amount of NT$1,000 runs out, you  should go to the Dormitory Service Center, with your card & money, to recharge  your card. The rest of NT$500 is reserved for the cost of public space. In the end  of every semester, the Dormitory Service Center will calculate the exact cost of  the electricity charge. If it is greater than the amount paid in the beginning of  semester, you will have to pay the difference.  4. The dormitory doesn’t supply the sheet for tenants. Furthermore, it doesn’t  include kitchen space, so please do not cook in your room.  5. Please ask the buddy assigned by OIA to help you regarding the check in  procedure at Dormitory Service Center.    3.1 Undergraduate student Dormitory  1. Undergraduate: 4 students share a room.  2. Each room is equipped with beds,', 'don’t have NHI card) /  (826*6 months, for new students who have NHI card already)  Rent   a    room  On-campus  Accommodation Fee : 7,530  (Deposit 1,600 & Electricity Fees  2,000 per semester)  Accommodation Fee :  7,210 / 10,130  (Including Winter Vacation 1,100  / Summer Vacation 2,900 in the  payment sheet per semester)  (Deposit 1,600 & Electricity  Fees 2,000 per semester)  Winter Vacation : 1,130  (Deposit 600 & Electricity Fees 500)  Summer Vacation : 3,000  (Deposit 1,000 & Electricity Fees 1,000)  Network connection fees: 1,000  (per semester for on-campus dormitory)  300  (Fees for living in the dormitory during the Chinese New Year period)  Off-campus 21,000 ~ 33,000 (3,500 ~ 5,500 per month)  Computer lab fee  Bachelor 1,155 / Master 460 per semester  only pay for it in the first year (two semesters)  Living Expenses  around 54,000 (9,000 per month)  *Actual expenses depend on consumption habits of each person.  Currency Unit: NT (NT$28.89=US$1)           based on the rate on 2025/7/03      10']","The residence deposit that students must pay is NT$1,600.",1.0,0.9539964675011866,0.9999999999666667,Llama3.1
How many students typically share a room in the graduate student dormitory?,"['a room.  2. Each room is equipped with beds, L-shaped desks,  closets, telephone, lamps. Internet access is  available in all dormitories.  3. You can apply for dormitory network in the  Computer Center; the fee is NT$1,000 per  semester.    Accommodation    12     3.2 Graduate student Dormitory  1. Graduate: 2 students share a room.  2. Each room is equipped with beds, desks, chairs,  book shelf, closets, telephone. Internet access is  available in all dormitories.  3. You can apply for dormitory network in the  Computer Center; the fee is NT$1,000 per semester.    3.3 PhD student Dormitory  1. PhD: one to three students share a room.  2. Each room is equipped with beds, desks, chairs,  book shelf, closets, telephone. Internet access is  available in all dormitories.  3. You can apply for dormitory network in the  Computer Center; the fee is NT$1,000 per semester.    3.4 Public Facilities  Public Facilities for undergraduate, master, and PhD:  shared washing machines, RO drinking water system,  social', 'to help you regarding the check in  procedure at Dormitory Service Center.    3.1 Undergraduate student Dormitory  1. Undergraduate: 4 students share a room.  2. Each room is equipped with beds, L-shaped desks,  closets, telephone, lamps. Internet access is  available in all dormitories.  3. You can apply for dormitory network in the  Computer Center; the fee is NT$1,000 per  semester.    Accommodation    12     3.2 Graduate student Dormitory  1. Graduate: 2 students share a room.  2. Each room is equipped with beds, desks, chairs,  book shelf, closets, telephone. Internet access is  available in all dormitories.  3. You can apply for dormitory network in the  Computer Center; the fee is NT$1,000 per semester.    3.3 PhD student Dormitory  1. PhD: one to three students share a room.  2. Each room is equipped with beds, desks, chairs,  book shelf, closets, telephone. Internet access is  available in all dormitories.  3. You can apply for dormitory network in the  Computer Center; the fee is NT$1,000 per', 'to help you regarding the check in  procedure at Dormitory Service Center.    3.1 Undergraduate student Dormitory  1. Undergraduate: 4 students share a room.  2. Each room is equipped with beds, L-shaped desks,  closets, telephone, lamps. Internet access is  available in all dormitories.  3. You can apply for dormitory network in the  Computer Center; the fee is NT$1,000 per  semester.    Accommodation    12     3.2 Graduate student Dormitory  1. Graduate: 2 students share a room.  2. Each room is equipped with beds, desks, chairs,  book shelf, closets, telephone. Internet access is  available in all dormitories.  3. You can apply for dormitory network in the  Computer Center; the fee is NT$1,000 per semester.    3.3 PhD student Dormitory  1. PhD: one to three students share a room.  2. Each room is equipped with beds, desks, chairs,  book shelf, closets, telephone. Internet access is  available in all dormitories.  3. You can apply for dormitory network in the  Computer Center; the fee is NT$1,000 per']",Graduate students typically share a room with one other student.,0.0,0.948600163754692,0.9999999999666667,Llama3.1
What document is required for dormitory check-in?,"['Registration Registration  4.1 University Registration    14   No Work Time Location  Required  Documents Note  1 Dorm  Check-in  Starting  from  Feb 20  Dormitory Passport   2  Dorm  Internet  After the  Dorm  check- in  Office of Information  Technology  (Library 1st floor)  1. CB1 of  Undergraduate  Dormitory (only  7PM- 10PM)  2. Link to CCU  Dormitory Network  System:  https://www.dorm.ccu.e du.tw/en  1. NT$1,000   2. Computer  Address  3. Internet Cable    3  Uploading  a digital  photo to  New  Students  ID System    Link to CCU Student  Academic Record Entry  System:  https://www026198.ccu.edu .tw/academic/     Digital Photo     (.jpg or .jpeg)  * The default password  birth date + first 2  capital letters of  student’s name  * Print out the form  after you finish  filling it online  4 Paying the  fees   1. Download the  payment sheet via  https://school.bot.com.tw/new Twbank/StudentLogin.aspx  2. Pay the fees at  convenience stores,  Post office or  Taiwan Bank  1. Payment Sheet  2. Money  If the', 'Registration Registration  4.1 University Registration    14   No Work Time Location  Required  Documents Note  1 Dorm  Check-in  Starting  from  Feb 20  Dormitory Passport   2  Dorm  Internet  After the  Dorm  check- in  Office of Information  Technology  (Library 1st floor)  1. CB1 of  Undergraduate  Dormitory (only  7PM- 10PM)  2. Link to CCU  Dormitory Network  System:  https://www.dorm.ccu.e du.tw/en  1. NT$1,000   2. Computer  Address  3. Internet Cable    3  Uploading  a digital  photo to  New  Students  ID System    Link to CCU Student  Academic Record Entry  System:  https://www026198.ccu.edu .tw/academic/     Digital Photo     (.jpg or .jpeg)  * The default password  birth date + first 2  capital letters of  student’s name  * Print out the form  after you finish  filling it online  4 Paying the  fees   1. Download the  payment sheet via  https://school.bot.com.tw/new Twbank/StudentLogin.aspx  2. Pay the fees at  convenience stores,  Post office or  Taiwan Bank  1. Payment Sheet  2. Money  If the', 'beds, desks, chairs,  book shelf, closets, telephone. Internet access is  available in all dormitories.  3. You can apply for dormitory network in the  Computer Center; the fee is NT$1,000 per semester.    3.4 Public Facilities  Public Facilities for undergraduate, master, and PhD:  shared washing machines, RO drinking water system,  social lounge.    3.5 Dormitory Network  As soon as you settle down your accommodation which means you’ve got your room  number and bed number, you need to apply dormitory network in order to use the  internet (wired network) in the dorm.  For applying the dormitory network, please submit the document online:   https://www.dorm.ccu.edu.tw/student/login  For more information about dormitory network please refer  to: https://www.dorm.ccu.edu.tw/en or call the ext.14151      13    04        Registration Registration  4.1 University Registration    14   No Work Time Location  Required  Documents Note  1 Dorm  Check-in  Starting  from  Feb 20  Dormitory Passport   2  Dorm  Internet']","To check-in to the dormitory, you need to submit your passport.",1.0,0.9855862044914647,0.9999999999666667,Llama3.1
Where should new students complete their official university registration?,"['Registration Registration  4.1 University Registration    14   No Work Time Location  Required  Documents Note  1 Dorm  Check-in  Starting  from  Feb 20  Dormitory Passport   2  Dorm  Internet  After the  Dorm  check- in  Office of Information  Technology  (Library 1st floor)  1. CB1 of  Undergraduate  Dormitory (only  7PM- 10PM)  2. Link to CCU  Dormitory Network  System:  https://www.dorm.ccu.e du.tw/en  1. NT$1,000   2. Computer  Address  3. Internet Cable    3  Uploading  a digital  photo to  New  Students  ID System    Link to CCU Student  Academic Record Entry  System:  https://www026198.ccu.edu .tw/academic/     Digital Photo     (.jpg or .jpeg)  * The default password  birth date + first 2  capital letters of  student’s name  * Print out the form  after you finish  filling it online  4 Paying the  fees   1. Download the  payment sheet via  https://school.bot.com.tw/new Twbank/StudentLogin.aspx  2. Pay the fees at  convenience stores,  Post office or  Taiwan Bank  1. Payment Sheet  2. Money  If the', 'Registration Registration  4.1 University Registration    14   No Work Time Location  Required  Documents Note  1 Dorm  Check-in  Starting  from  Feb 20  Dormitory Passport   2  Dorm  Internet  After the  Dorm  check- in  Office of Information  Technology  (Library 1st floor)  1. CB1 of  Undergraduate  Dormitory (only  7PM- 10PM)  2. Link to CCU  Dormitory Network  System:  https://www.dorm.ccu.e du.tw/en  1. NT$1,000   2. Computer  Address  3. Internet Cable    3  Uploading  a digital  photo to  New  Students  ID System    Link to CCU Student  Academic Record Entry  System:  https://www026198.ccu.edu .tw/academic/     Digital Photo     (.jpg or .jpeg)  * The default password  birth date + first 2  capital letters of  student’s name  * Print out the form  after you finish  filling it online  4 Paying the  fees   1. Download the  payment sheet via  https://school.bot.com.tw/new Twbank/StudentLogin.aspx  2. Pay the fees at  convenience stores,  Post office or  Taiwan Bank  1. Payment Sheet  2. Money  If the', 'and  Transcript must  be authenticated  by the Taiwanese  Representative  Office in your  country    2. After OIA check  all the required  documents, you  need to go to  Academic Office  to complete the  registration.  6  Health  Check for  Freshmen    Sep 03    (Auditorium)      1. CCU Health  Examination Form   2. Fee NT$630  3. Passport  4. Registration Sheet  Metal Accessories and  contact lenses are not  allowed. If you need to  wear contact lenses,  please bring your own  contact lens case.   Registration  4.1 University Registration    16   No Work Time Location on Required  Document s  Note  7 Registration  Before    Sep 8  (1F of East Wing  Administrative  Building)      1. Photocopy of  Passport & Visa  (with the stamp of  entering Taiwan)  2. Diploma (Photocopy  of Original and  Authenticated  version)  3. Transcript (Photocopy  of Original and  Authenticated  version)  4. Student academic  record entry form  (Print out)  5. Registration sheet          1. The Office of  Academic Affairs  will']","To complete official university registration, please go to the Academic Office after the Office of International Affairs (OIA) has checked all the required documents.",1.0,0.8481169778965688,0.3333333333,Llama3.1
Within how many days after entering Taiwan must international students apply for their ARC?,"['International students must apply for an ARC 15 to 30 days before their Visitor Visa expires. This time window is very important. If you apply after the visa has expired, it may affect your residency status and could even require you to leave Taiwan and reapply.', 'apply for a Resident VISA before coming to Taiwan, it is necessary that you apply for a  Resident VISA on your own and then the ARC.    For international students, the Alien Resident Certificate (ARC) serves as their temporary  ID card which can prove their resident status in Taiwan. Please remember to apply for the  Alien Resident Certificate at the local office of Ministry of Interior National Immigration  Agency on the next day upon arrival or within 30 days of the issue of your resident visa.  International students must apply for ARC extension within three months before the  expiration date. If the ARC expires during the summer vacation (from July to September),  students are allowed to apply for extension from the 1st of April. For over -staying  foreigners who did not apply for ARC extension, their residence will be ceased by the  authorized agency, and they may be expelled from Taiwan.    I. Required documents for applying Resident  Visa  1. A signed application form  2. The original and photocopy', 'apply for a Resident VISA before coming to Taiwan, it is necessary that you apply for a  Resident VISA on your own and then the ARC.    For international students, the Alien Resident Certificate (ARC) serves as their temporary  ID card which can prove their resident status in Taiwan. Please remember to apply for the  Alien Resident Certificate at the local office of Ministry of Interior National Immigration  Agency on the next day upon arrival or within 30 days of the issue of your resident visa.  International students must apply for ARC extension within three months before the  expiration date. If the ARC expires during the summer vacation (from July to September),  students are allowed to apply for extension from the 1st of April. For over -staying  foreigners who did not apply for ARC extension, their residence will be ceased by the  authorized agency, and they may be expelled from Taiwan.    I. Required documents for applying Resident  Visa  1. A signed application form  2. The original and photocopy']",International students must apply for their ARC within 30 days of the issue of their resident visa.,1.0,0.8105040287762577,0.5833333333041666,Llama3.1
What is the application fee for the Alien Resident Certificate (ARC)?,"['The basic ARC fee is NT$1,000 per year. However, if you are converting from visa-free entry or a Visitor Visa to an ARC, an additional NT$2,200 is charged according to official regulations.', 'will be ceased by the  authorized agency, and they may be expelled from Taiwan.    I. Required documents for applying Resident  Visa  1. A signed application form  2. The original and photocopy of your passport  3. The original and photocopy of the student ID card or the enrollment certificate  4. The satisfactory health examination report  5. 2 photos (4.5cm × 3.5cm)  6. Visa fee (https://www.boca.gov.tw/mp-2.html)  For more information on VISA application, please refer to the Bureau of Consular  Affairs, Ministry of Foreign Affairs Website: https://www.boca.gov.tw/mp-2.html    II. Required documents for applying Alien Resident Certificate (ARC)  1. The original and photocopy of your passport and Resident Visa  2. The original and photocopy of the student ID card with the right registered  stamp or the enrollment certificate  3. Application fee NT$1,000  4. Photo   5. ARC Application System:   https://coa.immigration.gov.tw/coa-frontend/student/entry?lang=en    Currently we have changed the application way,', 'will be ceased by the  authorized agency, and they may be expelled from Taiwan.    I. Required documents for applying Resident  Visa  1. A signed application form  2. The original and photocopy of your passport  3. The original and photocopy of the student ID card or the enrollment certificate  4. The satisfactory health examination report  5. 2 photos (4.5cm × 3.5cm)  6. Visa fee (https://www.boca.gov.tw/mp-2.html)  For more information on VISA application, please refer to the Bureau of Consular  Affairs, Ministry of Foreign Affairs Website: https://www.boca.gov.tw/mp-2.html    II. Required documents for applying Alien Resident Certificate (ARC)  1. The original and photocopy of your passport and Resident Visa  2. The original and photocopy of the student ID card with the right registered  stamp or the enrollment certificate  3. Application fee NT$1,000  4. Photo   5. ARC Application System:   https://coa.immigration.gov.tw/coa-frontend/student/entry?lang=en    Currently we have changed the application way,']","The application fee for the Alien Resident Certificate (ARC) is NT$1,000 per year. However, if you are converting from visa-free entry or a Visitor Visa to an ARC, an additional NT$2,200 is charged.",1.0,0.9079186636629711,0.9999999999666667,Llama3.1
How much does a new student without an NHI card pay per month for Cathay Medical Insurance?,"['Students  Student Insurance Plan 313    Cathay Medical Insurance /  National Health Insurance  3,000 / 4,956  (500*6 months, for new students who don’t have NHI card) /  (826*6 months, for new students who have NHI card already)  Rent   a    room  On-campus  Accommodation Fee : 7,530  (Deposit 1,600 & Electricity Fees  2,000 per semester)  Accommodation Fee :  7,210 / 10,130  (Including Winter Vacation 1,100  / Summer Vacation 2,900 in the  payment sheet per semester)  (Deposit 1,600 & Electricity  Fees 2,000 per semester)  Winter Vacation : 1,130  (Deposit 600 & Electricity Fees 500)  Summer Vacation : 3,000  (Deposit 1,000 & Electricity Fees 1,000)  Network connection fees: 1,000  (per semester for on-campus dormitory)  300  (Fees for living in the dormitory during the Chinese New Year period)  Off-campus 21,000 ~ 33,000 (3,500 ~ 5,500 per month)  Computer lab fee  Bachelor 1,155 / Master 460 per semester  only pay for it in the first year (two semesters)  Living Expenses  around 54,000 (9,000 per month)', 'Students  Student Insurance Plan 313    Cathay Medical Insurance /  National Health Insurance  3,000 / 4,956  (500*6 months, for new students who don’t have NHI card) /  (826*6 months, for new students who have NHI card already)  Rent   a    room  On-campus  Accommodation Fee : 7,530  (Deposit 1,600 & Electricity Fees  2,000 per semester)  Accommodation Fee :  7,210 / 10,130  (Including Winter Vacation 1,100  / Summer Vacation 2,900 in the  payment sheet per semester)  (Deposit 1,600 & Electricity  Fees 2,000 per semester)  Winter Vacation : 1,130  (Deposit 600 & Electricity Fees 500)  Summer Vacation : 3,000  (Deposit 1,000 & Electricity Fees 1,000)  Network connection fees: 1,000  (per semester for on-campus dormitory)  300  (Fees for living in the dormitory during the Chinese New Year period)  Off-campus 21,000 ~ 33,000 (3,500 ~ 5,500 per month)  Computer lab fee  Bachelor 1,155 / Master 460 per semester  only pay for it in the first year (two semesters)  Living Expenses  around 54,000 (9,000 per month)', '(Except for Department of  Psychology/Communications/Information  Management/Athletic Sports)      30,400      17,854      48,254  For undergraduate students who delay their study period or graduate students who enroll  from the 5th  to the last semesters, they shall pay the miscellaneous fees 20,106 and the credit  fees (3,015 per credit) with no more than 9 credits; if they take 10 credits and more then  they  shall pay for the total tuition and miscellaneous fees.    Currency Unit: NT (NT$28.89=US$1)  based on the rate on 2025/7/03          Pre-departure Checklist  2.2 Estimated Fees and Expenses  (per semester)    9           Item Undergraduate Students Graduate Students  Student Insurance Plan 313    Cathay Medical Insurance /  National Health Insurance  3,000 / 4,956  (500*6 months, for new students who don’t have NHI card) /  (826*6 months, for new students who have NHI card already)  Rent   a    room  On-campus  Accommodation Fee : 7,530  (Deposit 1,600 & Electricity Fees  2,000 per semester)']","Sorry, I am not sure about it. Maybe you could turn to OIA for help.",0.0,0.0,0.0,Llama3.1
What is the suggested minimum personal fund an international student should bring per semester?,"['33,000 (3,500 ~ 5,500 per month)  Computer lab fee  Bachelor 1,155 / Master 460 per semester  only pay for it in the first year (two semesters)  Living Expenses  around 54,000 (9,000 per month)  *Actual expenses depend on consumption habits of each person.  Currency Unit: NT (NT$31.40=US$1)  based on the rate on 2026/12/29      10                                03  Accommodation Accommodation    11     1. On-campus accommodation is guaranteed for international students. The first- year-students don’t need to apply; the CCU Office of International Affairs will  arrange it for you . However, your dormitory room will be assigned ; you are  unable to choose your own rooms or roommates.  2. Your dormitory room is not equipped with mattress, pillow, and quilt.  3. Besides the dormitory fee, each one of you has to pay a residence deposit of  NT$1,600 and an electricity cha rge of NT$ 2,000, a total of NT$3, 600 (not  included in CCU scholarship). You will get an IC card saved with NT$1,000 to use  for the', '33,000 (3,500 ~ 5,500 per month)  Computer lab fee  Bachelor 1,155 / Master 460 per semester  only pay for it in the first year (two semesters)  Living Expenses  around 54,000 (9,000 per month)  *Actual expenses depend on consumption habits of each person.  Currency Unit: NT (NT$31.40=US$1)  based on the rate on 2026/12/29      10                                03  Accommodation Accommodation    11     1. On-campus accommodation is guaranteed for international students. The first- year-students don’t need to apply; the CCU Office of International Affairs will  arrange it for you . However, your dormitory room will be assigned ; you are  unable to choose your own rooms or roommates.  2. Your dormitory room is not equipped with mattress, pillow, and quilt.  3. Besides the dormitory fee, each one of you has to pay a residence deposit of  NT$1,600 and an electricity cha rge of NT$ 2,000, a total of NT$3, 600 (not  included in CCU scholarship). You will get an IC card saved with NT$1,000 to use  for the', '(Except for Department of  Psychology/Communications/Information  Management/Athletic Sports)      30,400      17,854      48,254  For undergraduate students who delay their study period or graduate students who enroll  from the 5th  to the last semesters, they shall pay the miscellaneous fees 20,106 and the credit  fees (3,015 per credit) with no more than 9 credits; if they take 10 credits and more then  they  shall pay for the total tuition and miscellaneous fees.    Currency Unit: NT (NT$28.89=US$1)  based on the rate on 2025/7/03          Pre-departure Checklist  2.2 Estimated Fees and Expenses  (per semester)    9           Item Undergraduate Students Graduate Students  Student Insurance Plan 313    Cathay Medical Insurance /  National Health Insurance  3,000 / 4,956  (500*6 months, for new students who don’t have NHI card) /  (826*6 months, for new students who have NHI card already)  Rent   a    room  On-campus  Accommodation Fee : 7,530  (Deposit 1,600 & Electricity Fees  2,000 per semester)']","**Minimum Personal Fund per Semester:**
- Undergraduate students: NT$33,000 (approximately NT$3,500 ~ NT$5,500 per month)
- Living Expenses: around NT$54,000 (approximately NT$9,000 per month)
- Accommodation Fee: NT$7,530 (per semester)
- Computer Lab Fee: NT$1,155 (Bachelor) / NT$460 (Master) (only pay for the first year)
- Miscellaneous Fees: NT$20,106 (for students who delay their study period or graduate students who enroll from the 5th to the last semesters)",1.0,0.8103335315841352,0.9999999999666667,Llama3.1
What is the nature of the Chinese Training Program offered at CCU?,"['ABLE OF CONTENTS    1                                                                   ABLE OF CONTENTS    1      Contents    Introduction page  1 CCU’s Calendar for Spring Semester 2026 3  2 Pre-departure Checklist 6  3 Accommodation 10  4 Registration 13  5 CCU Campus Life 26  6 Administration 36  7 Information on Employment in Taiwan 45  8 Health Examination 50  9 Anti-Sexual Harassment Information 67  10 Sexual Assault, Sexual Harassment, & Sexual  Bully Prevention Regulations 71         Welcome to CCU!       ABLE OF CONTENTS    2      Dear students,    On behalf of the National Chung Cheng University (CCU), we at the Office of  International Affairs (OIA) would like to express our warmest welcome to you for  becoming a new member of our CCU family. We sincerely hope that you have an  enjoyable and enriching experience in pursuing your academic study and research  at CCU.    Since this may be the first time you visit Taiwan or CCU, and there will be many  procedures and responsibilities you will soon', 'ABLE OF CONTENTS    1                                                                   ABLE OF CONTENTS    1      Contents    Introduction page  1 CCU’s Calendar for Spring Semester 2026 3  2 Pre-departure Checklist 6  3 Accommodation 10  4 Registration 13  5 CCU Campus Life 26  6 Administration 36  7 Information on Employment in Taiwan 45  8 Health Examination 50  9 Anti-Sexual Harassment Information 67  10 Sexual Assault, Sexual Harassment, & Sexual  Bully Prevention Regulations 71         Welcome to CCU!       ABLE OF CONTENTS    2      Dear students,    On behalf of the National Chung Cheng University (CCU), we at the Office of  International Affairs (OIA) would like to express our warmest welcome to you for  becoming a new member of our CCU family. We sincerely hope that you have an  enjoyable and enriching experience in pursuing your academic study and research  at CCU.    Since this may be the first time you visit Taiwan or CCU, and there will be many  procedures and responsibilities you will soon', 'experience in pursuing your academic study and research  at CCU.    Since this may be the first time you visit Taiwan or CCU, and there will be many  procedures and responsibilities you will soon have to work on, we have prepared  the Handbook for International Students to help you go through these tasks  smoothly.    In what follows, we first provide a guideline of items you need to prepare before  departure from your home country. We then provide a wide range of useful  information, including answer to many of the questions you may have when you  arrive at National Chung Cheng University. In case you still need any further support,  please feel free to contact our office or visit our English website at  https://oia.ccu.edu.tw/?Lang=en  .     E-mail: ccuoiais@ccu.edu.tw   Phone: 866-5-2720411, ext.17618    Again, welcome to CCU and we are looking forward to seeing you on campus soon.    Best regards,    Office of International Affairs  National Chung Cheng University        Welcome to CCU!          3    01']","The Chinese Training Program offered at CCU is not explicitly mentioned in the provided context. However, the Office of International Affairs (OIA) welcomes international students and provides a Handbook for International Students to help them go through tasks smoothly. The OIA also offers support and can be contacted via email or phone.",1.0,0.0,0.0,Llama3.1
Which document is NOT required to be submitted to the OIA on orientation day?,"['7. Financial Statement  8. Health Certificate or  ARC  9. Health Insurance or  NHI (If any)  10. Taiwan Bank (If any)        1. Diploma and  Transcript must be  authenticated by  the Taiwanese  Representative  Office in your  country    2. After OIA check all  the required  documents, you  need to go to  Academic Office to  complete the  registration.  Feb. 25 Orientation None   6  Health  Check for  Freshmen    Mar 05    (Auditorium)      1. CCU Health  Examination Form   2. Fee NT$630  3. Passport  4. Registration Sheet  Metal Accessories and  contact lenses are not  allowed. If you need to  wear contact lenses,  please bring your own  contact lens case.   Registration  4.1 University Registration    16   No Work Time Location Required  Document s  Note  7 Registration  Before    Apr 1  (1F of East Wing  Administrative  Building)      1. Photocopy of  Passport & Visa  (with the stamp of  entering Taiwan)  2. Diploma (Photocopy  of Original and  Authenticated  version)  3. Transcript (Photocopy  of', '7. Financial Statement  8. Health Certificate or  ARC  9. Health Insurance or  NHI (If any)  10. Taiwan Bank (If any)        1. Diploma and  Transcript must be  authenticated by  the Taiwanese  Representative  Office in your  country    2. After OIA check all  the required  documents, you  need to go to  Academic Office to  complete the  registration.  Feb. 25 Orientation None   6  Health  Check for  Freshmen    Mar 05    (Auditorium)      1. CCU Health  Examination Form   2. Fee NT$630  3. Passport  4. Registration Sheet  Metal Accessories and  contact lenses are not  allowed. If you need to  wear contact lenses,  please bring your own  contact lens case.   Registration  4.1 University Registration    16   No Work Time Location Required  Document s  Note  7 Registration  Before    Apr 1  (1F of East Wing  Administrative  Building)      1. Photocopy of  Passport & Visa  (with the stamp of  entering Taiwan)  2. Diploma (Photocopy  of Original and  Authenticated  version)  3. Transcript (Photocopy  of', 'or  Taiwan Bank  1. Payment Sheet  2. Money  If the amount of fee is  more than 40,000, you  can only pay it at Post  Office or Taiwan Bank  at Administration  Building B1  (9AM – 11:50AM)   Registration  4.1 University Registration    15         No Work Time Location Required  Documents Note  5  Orientation  &  Hand in the  document     Orientation  (Location TBA)  None   Hand in the  original and  copies of  document   (OIA)  1. Passport & Visa  (with the stamp of  entering Taiwan)  2. ID Photo (4.5*3.5cm)  3. Diploma (Original  and Authenticated  version)  4. Transcript (Original  and Authenticated  version)  5. English Proficiency  Certificate  6. Chinese Proficiency  Certificate  7. Financial Statement  8. Health Certificate or  ARC  9. Health Insurance or  NHI (If any)  10. Taiwan Bank (If any)          1. Diploma and  Transcript must  be authenticated  by the Taiwanese  Representative  Office in your  country    2. After OIA check  all the required  documents, you  need to go to  Academic Office  to']","Sorry, I am not sure about it. Maybe you could turn to OIA for help.",0.0,0.0,0.3333333333,Llama3.1
How many Family Mart convenience stores are located on the CCU campus?,"['The campus mainly has convenience stores and student cafeterias.\n\nFor convenience stores, CCU has three FamilyMart locations: on the second floor of the Activity Center, on the first floor of the Classroom Building, and inside the Student Housing building. These stores are convenient for buying drinks, bread, or simple meals.', 'Most convenience stores near CCU are FamilyMart. There are three on campus, located in the Activity Center (2F), the Classroom Building (1F), and the Student Housing building.', 'provided.    On Campus Shops  There are three convenient stores “Family Mart” on the campus .One is located  in the Students Activity Center; it opens for 24 hours. The other one open during  the office hour and it locates in the center of general education. Except the  convenient stores, there are also beverage shop, coffee shop, vegetarian food  stand, noodle shop, fruit shop, post office, hair -cut salon, bookstore, and so  forth, located in the Student Activity Center. You can even become the  University Supermarket’s “shareholder” by simp ly buy a share of NT$100 and  get your yearly bonus. That NT$100 share is refundable when you graduate.    Hospitals and Clinics  CCU provides on-campus clinics in Health Center. Some Hospitals information  is provided below：    Hospital Address Telephone Website  Tzu Chi Hospital  (Dalin)  No.2, Minsheng Rd., Dalin  Township, Chiayi County 622,  Taiwan  (05) 264-8000  (ext. 5920, 5921)  https://dalin.tzuchi- healthcare.org.tw/   Chiayi Christian  Hospital  No.539,']","There are three Family Mart convenience stores on the CCU campus. They are located in the Activity Center (2F), the Classroom Building (1F), and the Student Housing building.",1.0,0.9947506429399681,0.9999999999666667,Llama3.1
What are the computer center's opening hours on weekdays during the regular semester?,"['During the semester, self-study rooms are open from Monday to Thursday between 9:00 p.m. and 1:00 a.m., and from Friday at 9:00 p.m. continuously until Monday at 9:00 a.m.', 'King bus http://www.kingbus.com.tw/  8 Taiwan High Speed Rail https://www.thsrc.com.tw/index_en.html  9 Taiwan Railways administration  https://tip.railway.gov.tw/tra-tip- web/tip?lang=EN_US  10 Travel in Chiayi City https://travel.chiayi.gov.tw/English  11 Travel in Chiayi County https://tbocc.cyhg.gov.tw/en/  12 Chiayi County Performing Art Center https://cypac.cyhg.gov.tw/en/  13 Chiayi County Police Bureau https://www.cypd.gov.tw/english    CCU Campus Life    30      Computer  Our campus network has been built up nearly perfect. Users can connect to  Internet from any labs or offices on campus, or even residence halls. There  are also 6 computer classrooms in computer center, Library and  Information building, which are open for both students and teaching  purposes.  Opening time as bellow:  ◼ Monday to Friday: 08:00-21:00  (09 : 00 – 17 : 00 during summer and winter vacation)    On-Campus Wireless Internet  Student can log in to CCU wireless network with CCU student email  account and password.  For', 'King bus http://www.kingbus.com.tw/  8 Taiwan High Speed Rail https://www.thsrc.com.tw/index_en.html  9 Taiwan Railways administration  https://tip.railway.gov.tw/tra-tip- web/tip?lang=EN_US  10 Travel in Chiayi City https://travel.chiayi.gov.tw/English  11 Travel in Chiayi County https://tbocc.cyhg.gov.tw/en/  12 Chiayi County Performing Art Center https://cypac.cyhg.gov.tw/en/  13 Chiayi County Police Bureau https://www.cypd.gov.tw/english    CCU Campus Life    30      Computer  Our campus network has been built up nearly perfect. Users can connect to  Internet from any labs or offices on campus, or even residence halls. There  are also 6 computer classrooms in computer center, Library and  Information building, which are open for both students and teaching  purposes.  Opening time as bellow:  ◼ Monday to Friday: 08:00-21:00  (09 : 00 – 17 : 00 during summer and winter vacation)    On-Campus Wireless Internet  Student can log in to CCU wireless network with CCU student email  account and password.  For']",The computer center is open from Monday to Friday between 08:00 and 21:00.,1.0,0.898885568436132,0.5833333333041666,Llama3.1
Which floor of the CCU Library contains the Audio-Visual Center and Cafeteria?,"[""may cause crawling insects, and destroy  environmental  cleanliness; improper use of cell phone may affect the rights of others.  ⚫ Violator of these regulations is subject to mark down of points, and may  lose the borrowing privilege, access to audio -visual center, and access  to library facilities!   CCU Campus Life    32      The layout of each floor is as follows:  https://lib.ccu.edu.tw/p/426-1011-57.php?Lang=zh-tw    Basement Study room (open for 24 hours during the midterm and finals  weeks)  1st floor  Audio-Visual Center, Cafeteria, Offices of Acquisition and  Cataloging Division, Audio -Visual Resources Division, Center  of language study, Center of cultural events  2nd floor  General Information Desk, Reference Desk, Circulation Desk,  Database Research Area, Reference Materials, Microform  Materials, Current Journals, Photocopy Room, Office of  Reader's Services Division  3rd floor Newspapers Reading Area, Bound Western Journals, Art  Exhibition Hall, Study Carrels  4th floor Bound East-Asian"", ""may cause crawling insects, and destroy  environmental  cleanliness; improper use of cell phone may affect the rights of others.  ⚫ Violator of these regulations is subject to mark down of points, and may  lose the borrowing privilege, access to audio -visual center, and access  to library facilities!   CCU Campus Life    32      The layout of each floor is as follows:  https://lib.ccu.edu.tw/p/426-1011-57.php?Lang=zh-tw    Basement Study room (open for 24 hours during the midterm and finals  weeks)  1st floor  Audio-Visual Center, Cafeteria, Offices of Acquisition and  Cataloging Division, Audio -Visual Resources Division, Center  of language study, Center of cultural events  2nd floor  General Information Desk, Reference Desk, Circulation Desk,  Database Research Area, Reference Materials, Microform  Materials, Current Journals, Photocopy Room, Office of  Reader's Services Division  3rd floor Newspapers Reading Area, Bound Western Journals, Art  Exhibition Hall, Study Carrels  4th floor Bound East-Asian"", ""destroy  environmental  cleanliness; improper use of cell phone may affect the rights of others.  ⚫ Violator of these regulations is subject to mark down of points, and may  lose the borrowing privilege, access to audio -visual center, and access  to library facilities!   CCU Campus Life    32      The layout of each floor is as follows:  https://lib.ccu.edu.tw/p/426-1011-57.php?Lang=zh-tw    Basement Study room (open for 24 hours during the midterm and finals  weeks)  1st floor  Audio-Visual Center, Cafeteria, Offices of Acquisition and  Cataloging Division, Audio -Visual Resources Division, Center  of language study, Center of cultural events  2nd floor  General Information Desk, Reference Desk, Circulation Desk,  Database Research Area, Reference Materials, Microform  Materials, Current Journals, Photocopy Room, Office of  Reader's Services Division  3rd floor Newspapers Reading Area, Bound Western Journals, Art  Exhibition Hall, Study Carrels  4th floor Bound East-Asian Journals, Maps & Atlas, Carrels,""]",The Audio-Visual Center and Cafeteria are located on the 1st floor of the CCU Library.,1.0,0.9099434824694418,0.9999999999666667,Llama3.1
What is the default password format for the CCU wireless network for new students?,"['during summer and winter vacation)    On-Campus Wireless Internet  Student can log in to CCU wireless network with CCU student email  account and password.  For your default CCU email account and password please see the following  table.     Account Password  New Student  Transcode the first number of  your student ID to an alphabet.  ◆ 4 → u  ◆ 6 → g  ◆ 5 → s  ◆ 8 → d  E.g., 400000123 → u00000123  Edu$ + last 5 digits of  your ID number  (default ID number is  your birthday + the first  2 capital letters of your  name)  Exchange  Student  Edu$ + the last 5  numerals of your  passport number CCU Campus Life    31        CCU Library  1. If you want to use the Library Online System,  please login through the CCU SSO System.   2. Check your borrowing status regularly.  3. Your borrowing due date is subject to change if the books you borrow are  reserved by others.  4. To protect your privilege, you are recommended to check your borrowing  status every 10 days at the following site   ( https://lib.ccu.edu.tw/ ).', '08:00-21:00  (09 : 00 – 17 : 00 during summer and winter vacation)    On-Campus Wireless Internet  Student can log in to CCU wireless network with CCU student email  account and password.  For your default CCU email account and password please see the following  table.     Account Password  New Student  Transcode the first number of  your student ID to an alphabet.  ◆ 4 → u  ◆ 6 → g  ◆ 5 → s  ◆ 8 → d  E.g., 400000123 → u00000123  Edu$ + last 5 digits of  your ID number  (default ID number is  your birthday + the first  2 capital letters of your  name)  Exchange  Student  Edu$ + the last 5  numerals of your  passport number CCU Campus Life    31        CCU Library  1. If you want to use the Library Online System,  please login through the CCU SSO System.   2. Check your borrowing status regularly.  3. Your borrowing due date is subject to change if the books you borrow are  reserved by others.  4. To protect your privilege, you are recommended to check your borrowing  status every 10 days at the following', '08:00-21:00  (09 : 00 – 17 : 00 during summer and winter vacation)    On-Campus Wireless Internet  Student can log in to CCU wireless network with CCU student email  account and password.  For your default CCU email account and password please see the following  table.     Account Password  New Student  Transcode the first number of  your student ID to an alphabet.  ◆ 4 → u  ◆ 6 → g  ◆ 5 → s  ◆ 8 → d  E.g., 400000123 → u00000123  Edu$ + last 5 digits of  your ID number  (default ID number is  your birthday + the first  2 capital letters of your  name)  Exchange  Student  Edu$ + the last 5  numerals of your  passport number CCU Campus Life    31        CCU Library  1. If you want to use the Library Online System,  please login through the CCU SSO System.   2. Check your borrowing status regularly.  3. Your borrowing due date is subject to change if the books you borrow are  reserved by others.  4. To protect your privilege, you are recommended to check your borrowing  status every 10 days at the following']",The default password format for the CCU wireless network for new students is Edu$ + last 5 digits of your ID number (default ID number is your birthday + the first 2 capital letters of your name).,1.0,0.9999999999999994,0.9999999999666667,Llama3.1
What is the maximum penalty for driving in Taiwan without a valid driving license?,"['Facilities  National Chung Cheng University has the most beautiful campus in Taiwan, and  comprehensive sports facilities. Our outdoor facilities include: 12 tennis courts,  6 volleyball courts, 6 basketball courts, a soccer field, a softball field, a baseball  field, go lf driving range, track, and swimming pool. We also have a large  gymnasium that houses weight training equipment, bowling center, table tennis  courts, squash racquet courts, and etc.      CCU Campus Life    34      Driver’s license  If you want to drive in Taiwan, you must have a driving license. It’s left- hand  drive in Taiwan. You may either takes the exam for driver’s license or  change your home country driving license to Taiwan driving license at  Directorate General of Highways, MOTC. Please note that it is illegal to drive  without a valid driving license. The maximum penalty is NT$24,000 for both  motorcycles and cars. For further information about driving license, please  do not hesitate to visit the website at', 'University has the most beautiful campus in Taiwan, and  comprehensive sports facilities. Our outdoor facilities include: 12 tennis courts,  6 volleyball courts, 6 basketball courts, a soccer field, a softball field, a baseball  field, golf driving range, track, and swimming pool. We also have a large  gymnasium that houses weight training equipment, bowling center, table tennis  courts, squash racquet courts, and etc.      CCU Campus Life    34      Driver’s license  If you want to drive in Taiwan, you must have a driving license. It’s left- hand  drive in Taiwan. You may either takes the exam for driver’s license or  change your home country driving license to Taiwan driving license at  Directorate General of Highways, MOTC. Please note that it is illegal to drive  without a valid driving license. The maximum penalty is NT$24,000 for both  motorcycles and cars. For further information about driving license, please  do not hesitate to visit the website at https://www.mvdis.gov.tw/m3-emv- eng/    Required', ""without a valid driving license. The maximum penalty is NT$24,000 for both  motorcycles and cars. For further information about driving license, please  do not hesitate to visit the website at https://www.mvdis.gov.tw/m3-emv- eng/    Required documents for motorcycle driving license test  1. Original Alien Resident Certificate (ARC) (date of issuance to date of  expiry over one year) plus a photocopy.  2. Passport, plus a photocopy.  3. Valid driver’s license from a reciprocating country plus a photocopy  (your foreign driver’s license must be authenticated overseas by an  embassy or consulate of the ROC, or Representative Office, Liaison  Office or other office duly authorized by the ROC Ministry  of Foreign  Affairs, or be authenticated in Taiwan by your country's embassy,  consulate or other office which is duly authorized by the ROC Ministry  of Foreign Affairs)  4. A Chinese translation of foreign driver’s license (if your license is not in  English), which must also be authenticated by an embassy or""]","The maximum penalty for driving in Taiwan without a valid driving license is NT$24,000 for both motorcycles and cars.",1.0,0.9999999999999996,0.9999999999666667,Llama3.1
What is the maximum fine for working off-campus without a work permit?,"['saved into your post bank account)    After getting bank account, remember to send the following documents to OIA  (ccuoiais@ccu.edu.tw)    Filled Personal Account Form    Bank of Passbook      Registration  4.7 Guides for Part-time Jobs  OFF/ON Campus    22        A. OFF Campus (Work permit required!)  International students who would like to work in Taiwan OFF campus, including  both full-time and part -time jobs, are required to obtain a work permit from  the Workforce Development Agency. Working without such an official work  permit, you will be subject to a fine of NT $30,000 to $150,000 . Further, only  degree-seeking students are allowed to apply for a work permit.     B. ON Campus (Requirement of work permit  depends on type of part-time job)  All part-time assistant jobs ON campus are classified into two types, namely (a)  Learning-Oriented Part-Time Assistant, for which there is no need to apply for  work permit, and (b) Labor-Oriented Part-Time Assistant, for which work permit  must be applied f', 'saved into your post bank account)    After getting bank account, remember to send the following documents to OIA  (ccuoiais@ccu.edu.tw)    Filled Personal Account Form    Bank of Passbook      Registration  4.7 Guides for Part-time Jobs  OFF/ON Campus    22        A. OFF Campus (Work permit required!)  International students who would like to work in Taiwan OFF campus, including  both full-time and part -time jobs, are required to obtain a work permit from  the Workforce Development Agency. Working without such an official work  permit, you will be subject to a fine of NT $30,000 to $150,000 . Further, only  degree-seeking students are allowed to apply for a work permit.     B. ON Campus (Requirement of work permit  depends on type of part-time job)  All part-time assistant jobs ON campus are classified into two types, namely (a)  Learning-Oriented Part-Time Assistant, for which there is no need to apply for  work permit, and (b) Labor-Oriented Part-Time Assistant, for which work permit  must be applied f', 'post bank account)    After getting bank account, remember to send the following documents to OIA  (ccuoiais@ccu.edu.tw)    Filled Personal Account Form    Bank of Passbook      Registration  4.7 Guides for Part-time Jobs  OFF/ON Campus    22        A. OFF Campus (Work permit required!)  International students who would like to work in Taiwan OFF campus, including  both full-time and part -time jobs, are required to obtain a work permit from  the Workforce Development Agency. Working without such an official work  permit, you will be subject to a fine of NT $30,000 to $150,000 . Further, only  degree-seeking students are allowed to apply for a work permit.     B. ON Campus (Requirement of work permit  depends on type of part-time job)  All part-time assistant jobs ON campus are classified into two types, namely (a)  Learning-Oriented Part-Time Assistant, for which there is no need to apply for  work permit, and (b) Labor-Oriented Part-Time Assistant, for which work permit  must be applied f rom the Workforce']","The maximum fine for working off-campus without a work permit is NT $30,000 to $150,000.",1.0,0.9999999999999996,0.9999999999666667,Llama3.1
What is the maximum number of work hours permitted per week for international students during the regular semester?,"['semester, the work permit is valid until September 30th of the same   year.  5. The maximum work hours are 20 hours per week , except during  summer and winter vacation.  6. Workforce Development Agency has the right to revoke the permit if  the applicants do not follow the regulations.  7. According to Employment Services Act, foreigners who work without a  work permit will be fined from NT 30,000 to NT150, 000.  8. Students should return the work permit (if valid) to the OIA if they  suspend or discontinue their schooling.    V. Application for Reissuing the Work Permit:  Please prepare the following documents, and repeat the procedure above:  1. Application form  2. Declaration to explain the reasons for renewal (with Stamp from your  Dept./Inst. Director, or OIA)  3. Copies of Valid Passport and ARC (Front and Back)   Registration  4.8 English E-course    25        E-course2 is an electronic course system, which creates a  single informational space. With this system, professors have the  opportunity', 'semester, the work permit is valid until September 30th of the same   year.  5. The maximum work hours are 20 hours per week , except during  summer and winter vacation.  6. Workforce Development Agency has the right to revoke the permit if  the applicants do not follow the regulations.  7. According to Employment Services Act, foreigners who work without a  work permit will be fined from NT 30,000 to NT150, 000.  8. Students should return the work permit (if valid) to the OIA if they  suspend or discontinue their schooling.    V. Application for Reissuing the Work Permit:  Please prepare the following documents, and repeat the procedure above:  1. Application form  2. Declaration to explain the reasons for renewal (with Stamp from your  Dept./Inst. Director, or OIA)  3. Copies of Valid Passport and ARC (Front and Back)   Registration  4.8 English E-course    25        E-course2 is an electronic course system, which creates a  single informational space. With this system, professors have the  opportunity', 'CCU.  4. For more regulation, please refer to - Ministry of Labor Employment Service  Act   Registration  4.7 Guides for Part-time Jobs  OFF/ON Campus    24       IV. Other Related Regulations:  1. The status of international students in Taiwan should be in accordance  with the regulations of Ministry of Education.  2. According to the “Regulations on the Permission and Administration of  the Employment of Foreign Workers”, the applicants can apply for the  student work permit only if they are officially enrolled as a degree  student in any university or have taken one -year language course in  Taiwan.  3. The period validity of a work permit is six months at most.  4. For applications made in the Fall semester, the work permit is valid until  March 31st of the next semester; for applications made in the Spring  semester, the work permit is valid until September 30th of the same   year.  5. The maximum work hours are 20 hours per week , except during  summer and winter vacation.  6. Workforce Development']",The maximum number of work hours permitted per week for international students during the regular semester is 20 hours per week.,1.0,0.9999999999999994,0.9999999999666667,Llama3.1
Which type of on-campus part-time job does NOT require a work permit?,"['saved into your post bank account)    After getting bank account, remember to send the following documents to OIA  (ccuoiais@ccu.edu.tw)    Filled Personal Account Form    Bank of Passbook      Registration  4.7 Guides for Part-time Jobs  OFF/ON Campus    22        A. OFF Campus (Work permit required!)  International students who would like to work in Taiwan OFF campus, including  both full-time and part -time jobs, are required to obtain a work permit from  the Workforce Development Agency. Working without such an official work  permit, you will be subject to a fine of NT $30,000 to $150,000 . Further, only  degree-seeking students are allowed to apply for a work permit.     B. ON Campus (Requirement of work permit  depends on type of part-time job)  All part-time assistant jobs ON campus are classified into two types, namely (a)  Learning-Oriented Part-Time Assistant, for which there is no need to apply for  work permit, and (b) Labor-Oriented Part-Time Assistant, for which work permit  must be applied f', 'saved into your post bank account)    After getting bank account, remember to send the following documents to OIA  (ccuoiais@ccu.edu.tw)    Filled Personal Account Form    Bank of Passbook      Registration  4.7 Guides for Part-time Jobs  OFF/ON Campus    22        A. OFF Campus (Work permit required!)  International students who would like to work in Taiwan OFF campus, including  both full-time and part -time jobs, are required to obtain a work permit from  the Workforce Development Agency. Working without such an official work  permit, you will be subject to a fine of NT $30,000 to $150,000 . Further, only  degree-seeking students are allowed to apply for a work permit.     B. ON Campus (Requirement of work permit  depends on type of part-time job)  All part-time assistant jobs ON campus are classified into two types, namely (a)  Learning-Oriented Part-Time Assistant, for which there is no need to apply for  work permit, and (b) Labor-Oriented Part-Time Assistant, for which work permit  must be applied f', 'post bank account)    After getting bank account, remember to send the following documents to OIA  (ccuoiais@ccu.edu.tw)    Filled Personal Account Form    Bank of Passbook      Registration  4.7 Guides for Part-time Jobs  OFF/ON Campus    22        A. OFF Campus (Work permit required!)  International students who would like to work in Taiwan OFF campus, including  both full-time and part -time jobs, are required to obtain a work permit from  the Workforce Development Agency. Working without such an official work  permit, you will be subject to a fine of NT $30,000 to $150,000 . Further, only  degree-seeking students are allowed to apply for a work permit.     B. ON Campus (Requirement of work permit  depends on type of part-time job)  All part-time assistant jobs ON campus are classified into two types, namely (a)  Learning-Oriented Part-Time Assistant, for which there is no need to apply for  work permit, and (b) Labor-Oriented Part-Time Assistant, for which work permit  must be applied f rom the Workforce']",The type of on-campus part-time job that does NOT require a work permit is the Learning-Oriented Part-Time Assistant.,1.0,0.9973963270180294,0.9999999999666667,Llama3.1
"For a Fall semester work permit application, when does the permit expire?","['regulation, please refer to - Ministry of Labor Employment Service  Act   Registration  4.7 Guides for Part-time Jobs  OFF/ON Campus    24       IV. Other Related Regulations:  1. The status of international students in Taiwan should be in accordance  with the regulations of Ministry of Education.  2. According to the “Regulations on the Permission and Administration of  the Employment of Foreign Workers”, the applicants can apply for the  student work permit only if they are officially enrolled as a degree  student in any university or have tak en one -year language course in  Taiwan.  3. The period validity of a work permit is six months at most.  4. For applications made in the Fall semester, the work permit is valid until  March 31st of the next semester; for applications made in the Spring  semester, the work permit is valid until September 30th of the same   year.  5. The maximum work hours are 20 hours per week , except during  summer and winter vacation.  6. Workforce Development Agency has the right', 'semester, the work permit is valid until September 30th of the same   year.  5. The maximum work hours are 20 hours per week , except during  summer and winter vacation.  6. Workforce Development Agency has the right to revoke the permit if  the applicants do not follow the regulations.  7. According to Employment Services Act, foreigners who work without a  work permit will be fined from NT 30,000 to NT150, 000.  8. Students should return the work permit (if valid) to the OIA if they  suspend or discontinue their schooling.    V. Application for Reissuing the Work Permit:  Please prepare the following documents, and repeat the procedure above:  1. Application form  2. Declaration to explain the reasons for renewal (with Stamp from your  Dept./Inst. Director, or OIA)  3. Copies of Valid Passport and ARC (Front and Back)   Registration  4.8 English E-course    25        E-course2 is an electronic course system, which creates a  single informational space. With this system, professors have the  opportunity', 'semester, the work permit is valid until September 30th of the same   year.  5. The maximum work hours are 20 hours per week , except during  summer and winter vacation.  6. Workforce Development Agency has the right to revoke the permit if  the applicants do not follow the regulations.  7. According to Employment Services Act, foreigners who work without a  work permit will be fined from NT 30,000 to NT150, 000.  8. Students should return the work permit (if valid) to the OIA if they  suspend or discontinue their schooling.    V. Application for Reissuing the Work Permit:  Please prepare the following documents, and repeat the procedure above:  1. Application form  2. Declaration to explain the reasons for renewal (with Stamp from your  Dept./Inst. Director, or OIA)  3. Copies of Valid Passport and ARC (Front and Back)   Registration  4.8 English E-course    25        E-course2 is an electronic course system, which creates a  single informational space. With this system, professors have the  opportunity']","For applications made in the Fall semester, the work permit is valid until March 31st of the next semester.",1.0,0.9235681988639547,0.9999999999,Llama3.1
What is the fee for the on-campus freshman health examination?,"['items, specifically  the ""Residence or Settlement Health Check-up Items Form”.  You can find two kinds of form in handbook or the website.    Information for   Health Examination    52              6. Further Details:   For more information, please refer to the Health and Welfare Section\'s  webpage or follow their Facebook/Instagram.       Information for   Health Examination    53            On-campus health Examination    What When Remark  Do a health check to  complete the CCU  student Health  Examination  114.09.03 (Wed)  09:00-10:00    * Please come before  10:00.  Mandatory for every new student  Fees: NTD$630    Documents required:  ⚫ Your passport  ⚫ CCU student Health Examination form    If you miss the health check that we arrange  on campus, you must go to the hospital by  yourself. The fees will be more expensive.      Health Check-up Instructions  1. Please be sure to bring the health check-up form and fill out the self-reported  sections on the front. For the 3 days prior to the check-up,', 'Overseas Chinese Students:   They may need to complete additional health check-up items, specifically  the ""Residence or Settlement Health Check-up Items Form”.  You can find two kinds of form in handbook or the website.    Information for   Health Examination    52              6. Further Details:   For more information, please refer to the Health and Welfare Section\'s  webpage or follow their Facebook/Instagram.       Information for   Health Examination    53            On-campus health Examination    What When Remark  Do a health check to  complete the CCU  student Health  Examination  115.03.05 (Thu)  09:30-13:30    * Please come before  13:00.  Mandatory for every new student  Fees: NTD$630    Documents required:  ⚫ Your passport  ⚫ CCU student Health Examination form    If you miss the health check that we arrange  on campus, you must go to the hospital by  yourself. The fees will be more expensive.      Health Check-up Instructions  1. Please be sure to bring the health check-up form and fill out the', 'Overseas Chinese Students:   They may need to complete additional health check-up items, specifically  the ""Residence or Settlement Health Check-up Items Form”.  You can find two kinds of form in handbook or the website.    Information for   Health Examination    52              6. Further Details:   For more information, please refer to the Health and Welfare Section\'s  webpage or follow their Facebook/Instagram.       Information for   Health Examination    53            On-campus health Examination    What When Remark  Do a health check to  complete the CCU  student Health  Examination  115.03.05 (Thu)  09:30-13:30    * Please come before  13:00.  Mandatory for every new student  Fees: NTD$630    Documents required:  ⚫ Your passport  ⚫ CCU student Health Examination form    If you miss the health check that we arrange  on campus, you must go to the hospital by  yourself. The fees will be more expensive.      Health Check-up Instructions  1. Please be sure to bring the health check-up form and fill out the']",The fee for the on-campus freshman health examination is NTD$630.,1.0,0.9999999999999994,0.9999999999666667,Llama3.1
When is the on-campus health examination for freshmen scheduled in Fall 2025?,"['Again, welcome to CCU and we are looking forward to seeing you on campus soon.    Best regards,    Office of International Affairs  National Chung Cheng University        Welcome to CCU!          3    01  CCU’s Calendar  for  Fall Semester  2025  CCU’s Calendar for Fall Semester 2025  國立中正大學 114 學年度第 1 學期行事曆     4   The academic calendar for CCU(114 學年度行事曆) is available at this website.   https://oia.ccu.edu.tw/p/405-1008-63090,c1425.php?Lang=en    Date 日期 Event  行事  2025.08.29 (Fri.)  Leave-School Deadline for Graduate students who have passed the  Degree Examinations in the 2025 Spring semester  第 2 學期完成學位考試之研究生離校截止日  Dormitory move-in day 學生宿舍進住日  2025.09.01 (Mon.) ~  2025.09.05 (Fri.)  Registration week for new students 新生註冊週  2025.09.01 (Mon.) ~  2025.09.15 (Mon.)  Application of transferring new and in-service students’credits  新生(含專班)抵免學分申請  2025.09.03 (Wed.) On-campus health examination for freshman 校內新生體檢  2025.09.03 (Wed.) ~  2025.09.05 (Fri.)  First Course Selection for New Students (including', 'students’credits  新生(含專班)抵免學分申請  2025.09.03 (Wed.) On-campus health examination for freshman 校內新生體檢  2025.09.03 (Wed.) ~  2025.09.05 (Fri.)  First Course Selection for New Students (including Special Programs)新生 (含專班)第一階段選課  2025.09.05 (Fri.)  Deadline of applying full refund in the First semester (For expelled and  drop-out students). 第 1 學期學生申請休、退學全額退費截止日  2025.09.08 (Mon.)  Class begins. 第 1 學期上課開始  Registration deadline for all current and new students. 註冊截止日  Application for Degree Examination of Graduate Student Starts 研究生學 位考試申請開始  2025.09.08 (Mon.) ~  2025.09.19 (Fri.)  2nd Course Selection for Fall Semester 2025  114-1 學期第二階段選課  2025.09.19 (Fri.) National Disaster Prevention Day 國家防災日演習  2025.10.06 (Mon.) Mid-Autumn Festival (day off) 中秋節 (放假一天)  2025.10.10 (Fri.) National Day (day off) 國慶日 (放假一天)  2025.10.15 (Wed.)  Deadline for submitting “Cut-off book for not participating in students  group insurance”  繳交「不參加學生團體保險切結書」截止日  2025.10.17 (Fri.) Standard of one-third school days.  學生申請休、退學退費上課達 1/3', 'double-sided on A4 paper) to the hospital and remind the hospital to follow  the listed items for the check-up to avoid missing any items. If any items are  missed, you will need to undergo a supplementary check-up. The cost of the  check-up varies by hospital, so please inquire with each hospital.   3. Report Pickup Time:   The processing time for check -up reports at different hospitals varies, but it  usually takes 1 -2 weeks to receive the r eport. Please plan your check -up in  advance to ensure you can submit the report by September 22, 2025.   4. Report Submission:   ✓ Submit the ""Student Health Data Form"" and a photocopy of the off-campus  check-up report at the service desk during the on -campus check-up event  on September 03, 2025 (at the Auditorium).   ✓ If any results are incomplete, you can pay for supplementary tests on-site at  the on-campus check-up.   ✓ If you are unable to attend the on-campus check-up, please submit (or mail)  the documents to the Health and Welfare Section directly.']","The on-campus health examination for freshmen is scheduled on September 3, 2025.",1.0,0.9798534329937011,0.9999999999666667,Llama3.1
Which hospital is the designated site for the ARC health examination near CCU?,"['possible and  provide the health examination report to the Health Center of C CU. Also, in  order to apply for ARC , you must provide your health examination report.  Please complete both health examinations as soon as possible.    Hospital Information   Chia-Yi Christian Hospital(嘉義基督教醫院)    Tel: 05‑2765041 ext.\u202f2792 /\u202f2750–2751    Service hour: • Mon–Sat morning: 08:00–12:00    • Mon–Fri afternoon: 13:30–17:30    ※ Please call to make an appointment or inquire about your report.    Things to note    1. No need to fast    2. Bring the original residence permit or passport    3. Feces needs to be collected on site    4. Women who are pregnant or may be pregnant are not allowed to undergo  X-ray examination.    5. If you have been vaccinated against German measles and measles vaccine,  please bring the original and photocopy of your vaccination certificate.    6. No appointment required, on-site processing    7. ID photo   Information for   Health Examination    57       Information for   Health Examination', 'report to the Health Center of CCU. Also, in  order to apply for ARC , you must provide your health examination report.  Please complete both health examinations as soon as possible.    Hospital Information   Chia-Yi Christian Hospital(嘉義基督教醫院)    Tel: 05‑2765041 ext.\u202f2792 /\u202f2750–2751    Service hour: • Mon–Sat morning: 08:00–12:00    • Mon–Fri afternoon: 13:30–17:30    ※ Please call to make an appointment or inquire about your report.    Things to note    1. No need to fast    2. Bring the original residence permit or passport    3. Feces needs to be collected on site    4. Women who are pregnant or may be pregnant are not allowed to undergo  X-ray examination.    5. If you have been vaccinated against German measles and measles vaccine,  please bring the original and photocopy of your vaccination certificate.    6. No appointment required, on-site processing    7. ID photo   Information for   Health Examination    57       Information for   Health Examination    58       Information for   Health', 'report to the Health Center of CCU. Also, in  order to apply for ARC , you must provide your health examination report.  Please complete both health examinations as soon as possible.    Hospital Information   Chia-Yi Christian Hospital(嘉義基督教醫院)    Tel: 05‑2765041 ext.\u202f2792 /\u202f2750–2751    Service hour: • Mon–Sat morning: 08:00–12:00    • Mon–Fri afternoon: 13:30–17:30    ※ Please call to make an appointment or inquire about your report.    Things to note    1. No need to fast    2. Bring the original residence permit or passport    3. Feces needs to be collected on site    4. Women who are pregnant or may be pregnant are not allowed to undergo  X-ray examination.    5. If you have been vaccinated against German measles and measles vaccine,  please bring the original and photocopy of your vaccination certificate.    6. No appointment required, on-site processing    7. ID photo   Information for   Health Examination    57       Information for   Health Examination    58       Information for   Health']",The designated hospital for the ARC health examination near CCU is Chia-Yi Christian Hospital(嘉義基督教醫院). You can contact them at 05-2765041 ext. 2792 / 2750–2751. Their service hours are Mon–Sat morning: 08:00–12:00 and Mon–Fri afternoon: 13:30–17:30.,1.0,0.9543780444436635,0.9999999999666667,Llama3.1
Where is the Office of International Affairs (OIA) located on campus?,"[""of International Affairs (OIA)    If you have any further questions, feel free to contact us (the Office of  International Affairs). To submit your request, please fill out the OIA  Service Request Form using the link or QR code provided below.     Location: 2nd floor of supermarket next to the graduate student dormitory  Tel: (05) 272-0411 ext. 17600 ~ 17619  Fax: (05) 272-3673  Email: ccuoiais@ccu.edu.tw      https://docs.google.com/forms/d/e/1FAIpQLScTAvImpj1fn3-JH2CFd290tC5FfLD- dHF24AZ7R5eongvOLw/viewform     You can scan the QR code or click the link below to access the form.    Please make sure to fill in accurate information.    Don't forget to provide an email address that we can contact you through. Administration    38    Alter and Assistance Mechanisms for  International Students with serious difficulties    You may complete the form at the Office of International Affairs counter; just  make sure to provide a valid email address for follow-up communication.        After completing the form, the"", ""of International Affairs (OIA)    If you have any further questions, feel free to contact us (the Office of  International Affairs). To submit your request, please fill out the OIA  Service Request Form using the link or QR code provided below.     Location: 2nd floor of supermarket next to the graduate student dormitory  Tel: (05) 272-0411 ext. 17600 ~ 17619  Fax: (05) 272-3673  Email: ccuoiais@ccu.edu.tw      https://docs.google.com/forms/d/e/1FAIpQLScTAvImpj1fn3-JH2CFd290tC5FfLD- dHF24AZ7R5eongvOLw/viewform     You can scan the QR code or click the link below to access the form.    Please make sure to fill in accurate information.    Don't forget to provide an email address that we can contact you through. Administration    38    Alter and Assistance Mechanisms for  International Students with serious difficulties    You may complete the form at the Office of International Affairs counter; just  make sure to provide a valid email address for follow-up communication.        After completing the form, the"", ""any further questions, feel free to contact us (the Office of  International Affairs). To submit your request, please fill out the OI A  Service Request Form using the link or QR code provided below.     Location: 2nd floor of supermarket next to the graduate student dormitory  Tel: (05) 272-0411 ext. 17600 ~ 17619  Fax: (05) 272-3673  Email: ccuoiais@ccu.edu.tw      https://docs.google.com/forms/d/e/1FAIpQLScTAvImpj1fn3-JH2CFd290tC5FfLD- dHF24AZ7R5eongvOLw/viewform     You can scan the QR code or click the link below to access the form.  🔹 Please make sure to fill in accurate information.  🔹 Don't forget to provide an email address that we can contact you through. Administration    38    Alter and Assistance Mechanisms for  International Students with serious difficulties    You may complete the form at the Office of International Affairs counter; just  make sure to provide a valid email address for follow-up communication.        After completing the form, the staff will guide you to the relevant""]",The Office of International Affairs (OIA) is located on the 2nd floor of the supermarket next to the graduate student dormitory.,1.0,0.8966791972547759,0.9999999999666667,Llama3.1
What is the most convenient way to travel from Taoyuan International Airport to National Chung Cheng University?,"['Method 1: Airport MRT → High-Speed Rail → CCU (fastest option)\nStep 1: From Terminal 1 (A12) or Terminal 2 (A13), take the Taoyuan Airport MRT to A18 ""THSR Taoyuan Station"". The fare is around NT$35.\nStep 2: Transfer to the High-Speed Rail and ride from THSR Taoyuan to THSR Chiayi Station. The fare is around NT$920.\nStep 3: From THSR Chiayi Station, you can choose one of the following to reach CCU:\n- Taxi: Around NT$600. This is convenient if you have heavy luggage.', 'YOUR GUIDE TO CCUWelcome to Taiwan! Your Guide to Reaching  National Chung Cheng University (CCU) ✈  For new international students  🧭  Step-by-step travel guide from Taiwan Airports to CCU  🎓  Let’s begin your journey!From Taoyuan Airport to CCU 1.FROM TAOYUAN AIRPORT (TPE)  TO CCU 2.FROM  KAOHSIUNG AIRPORT (KHH)  TO CCU1.Take MRT (Airport MRT) → From Terminal 1 (A12) / 2 (A13)  to     HSR Taoyuan Station (A18)  2.Take Taiwan High-Speed Rail (HSR)(~1 hour 20 minutes /NT$920) From HSR Taoyuan → to HSR Chiayi 3.From HSR Chiayi Station to CCU: Option 1: Taxi (~25 minutes / ~BELOW NT$1,000) Option 2: Bus (Route 106)(~1 hour 20 minutes / ~NT$120) 1.FROM TAOYUAN AIRPORT (TPE) TO CCU STEPS:🚇  Taoyuan Airport MRT( ~20 minutes/ ~NT$35) Board at Terminal 1 (A12) or Terminal 2 (A13) Get off at A18: HSR Taoyuan Station 🚇  HSR Taoyuan to HSR Chiayi Board at HSR Taoyuan Station ，Get off at HSR Chiayi Station You can buy HSR tickets on-site at the station or book online :    👉 https://en.thsrc.com.tw/  🚇  HSR Chiayi', 'YOUR GUIDE TO CCUWelcome to Taiwan! Your Guide to Reaching  National Chung Cheng University (CCU) ✈  For new international students  🧭  Step-by-step travel guide from Taiwan Airports to CCU  🎓  Let’s begin your journey!From Taoyuan Airport to CCU 1.FROM TAOYUAN AIRPORT (TPE)  TO CCU 2.FROM  KAOHSIUNG AIRPORT (KHH)  TO CCU1.Take MRT (Airport MRT) → From Terminal 1 (A12) / 2 (A13)  to     HSR Taoyuan Station (A18)  2.Take Taiwan High-Speed Rail (HSR)(~1 hour 20 minutes /NT$920) From HSR Taoyuan → to HSR Chiayi 3.From HSR Chiayi Station to CCU: Option 1: Taxi (~25 minutes / ~BELOW NT$1,000) Option 2: Bus (Route 106)(~1 hour 20 minutes / ~NT$120) 1.FROM TAOYUAN AIRPORT (TPE) TO CCU STEPS:🚇  Taoyuan Airport MRT( ~20 minutes/ ~NT$35) Board at Terminal 1 (A12) or Terminal 2 (A13) Get off at A18: HSR Taoyuan Station 🚇  HSR Taoyuan to HSR Chiayi Board at HSR Taoyuan Station ，Get off at HSR Chiayi Station You can buy HSR tickets on-site at the station or book online :    👉 https://en.thsrc.com.tw/  🚇  HSR Chiayi']","From Taoyuan Airport, take the Taoyuan Airport MRT to A18 ""THSR Taoyuan Station"". The fare is around NT$35. Then, transfer to the High-Speed Rail and ride from THSR Taoyuan to THSR Chiayi Station. The fare is around NT$920. From THSR Chiayi Station, you can choose one of the following to reach CCU:
- Taxi: Around NT$600.
- Bus (Route 106): Around NT$120.",1.0,0.7671077654163992,0.9999999999666667,Llama3.1
Which MRT line should you take from Taoyuan Airport to reach the HSR station?,"['HSR Taoyuan to HSR Chiayi Board at HSR Taoyuan Station ，Get off at HSR Chiayi Station You can buy HSR tickets on-site at the station or book online :    👉 https://en.thsrc.com.tw/  🚇  HSR Chiayi Station to CCU (BUS:Route 106) Board at HSR Chiayi Station ，Get off at CCU To check bus routes, schedules, and real-time info, visit: https://www.taiwanbus.tw/eBUSPage/Query/QueryResult.as px?rno=07460&rn=1669878703021&lan=E 1.Take MRT (Red Line) → From Kaohsiung Airport Station (R4)    →  Zuoying Station (R16) 2.Take Taiwan High-Speed Rail (HSR)（ ~ 30 minutes/NT$410 ） From HSR Zuoying →  to HSR Chiayi 3.From HSR Chiayi Station to CCU: Option 1: Taxi (~25 minutes / ~BELOW NT$1,000) Option 2: Bus (Route 106)(~1 hour 20 minutes / ~NT$120) 2.FROM KAOHSIUNG AIRPORT (KHH) TO CCU STEPS:🚇  Kaohsiung Airport MRT( ~30 minutes/ ~NT$35) Board at Kaohsiung International Airport (R4)  Get off at Zuoying（ R16) 🚇  HSR Zuoying to HSR Chiayi Board at HSR Zuoying Station ，Get off at HSR Chiayi Station You can buy HSR tickets on-site', 'HSR Taoyuan to HSR Chiayi Board at HSR Taoyuan Station ，Get off at HSR Chiayi Station You can buy HSR tickets on-site at the station or book online :    👉 https://en.thsrc.com.tw/  🚇  HSR Chiayi Station to CCU (BUS:Route 106) Board at HSR Chiayi Station ，Get off at CCU To check bus routes, schedules, and real-time info, visit: https://www.taiwanbus.tw/eBUSPage/Query/QueryResult.as px?rno=07460&rn=1669878703021&lan=E 1.Take MRT (Red Line) → From Kaohsiung Airport Station (R4)    →  Zuoying Station (R16) 2.Take Taiwan High-Speed Rail (HSR)（ ~ 30 minutes/NT$410 ） From HSR Zuoying →  to HSR Chiayi 3.From HSR Chiayi Station to CCU: Option 1: Taxi (~25 minutes / ~BELOW NT$1,000) Option 2: Bus (Route 106)(~1 hour 20 minutes / ~NT$120) 2.FROM KAOHSIUNG AIRPORT (KHH) TO CCU STEPS:🚇  Kaohsiung Airport MRT( ~30 minutes/ ~NT$35) Board at Kaohsiung International Airport (R4)  Get off at Zuoying（ R16) 🚇  HSR Zuoying to HSR Chiayi Board at HSR Zuoying Station ，Get off at HSR Chiayi Station You can buy HSR tickets on-site', 'HSR Taoyuan to HSR Chiayi Board at HSR Taoyuan Station ，Get off at HSR Chiayi Station You can buy HSR tickets on-site at the station or book online :    👉 https://en.thsrc.com.tw/  🚇  HSR Chiayi Station to CCU (BUS:Route 106) Board at HSR Chiayi Station ，Get off at CCU To check bus routes, schedules, and real-time info, visit: https://www.taiwanbus.tw/eBUSPage/Query/QueryResult.as px?rno=07460&rn=1669878703021&lan=E 1.Take MRT (Red Line) → From Kaohsiung Airport Station (R4)    →  Zuoying Station (R16) 2.Take Taiwan High-Speed Rail (HSR)（ ~ 30 minutes/NT$410 ） From HSR Zuoying →  to HSR Chiayi 3.From HSR Chiayi Station to CCU: Option 1: Taxi (~25 minutes / ~BELOW NT$1,000) Option 2: Bus (Route 106)(~1 hour 20 minutes / ~NT$120) 2.FROM KAOHSIUNG AIRPORT (KHH) TO CCU STEPS:🚇  Kaohsiung Airport MRT( ~30 minutes/ ~NT$35) Board at Kaohsiung International Airport (R4)  Get off at Zuoying（ R16) 🚇  HSR Zuoying to HSR Chiayi Board at HSR Zuoying Station ，Get off at HSR Chiayi Station You can buy HSR tickets on-site']","Take the MRT (Red Line) from Taoyuan Airport Station (R4) to Zuoying Station (R16). Then, take the Taiwan High-Speed Rail (HSR) from HSR Zuoying to HSR Chiayi.",0.75,0.6810964497672892,0.9999999999666667,Llama3.1
What type of train is recommended at Taoyuan Airport MRT to reach Taoyuan HSR Station (A18)?,"['The most convenient and fastest option is the **High-Speed Rail (HSR)**.\n\n**Detailed Steps and Estimated Costs:**\n\n**1. TPE Airport to Taoyuan HSR Station (A18)**\n\n* **Mode of Transport:** Taoyuan Airport MRT\n* **Boarding Location:** \n\t* Terminal 1: B2 level\n\t* Terminal 2: B2 level\n* **Route:** Take the train heading towards ""Huanbei"". It is recommended to choose the **Express train (Purple)**, as it stops at A18 Taoyuan HSR Station.\n* **Cost:** Approximately NT$ 30 per person.', 'Method 1: Airport MRT → High-Speed Rail → CCU (fastest option)\nStep 1: From Terminal 1 (A12) or Terminal 2 (A13), take the Taoyuan Airport MRT to A18 ""THSR Taoyuan Station"". The fare is around NT$35.\nStep 2: Transfer to the High-Speed Rail and ride from THSR Taoyuan to THSR Chiayi Station. The fare is around NT$920.\nStep 3: From THSR Chiayi Station, you can choose one of the following to reach CCU:\n- Taxi: Around NT$600. This is convenient if you have heavy luggage.', 'HSR Taoyuan to HSR Chiayi Board at HSR Taoyuan Station ，Get off at HSR Chiayi Station You can buy HSR tickets on-site at the station or book online :    👉 https://en.thsrc.com.tw/  🚇  HSR Chiayi Station to CCU (BUS:Route 106) Board at HSR Chiayi Station ，Get off at CCU To check bus routes, schedules, and real-time info, visit: https://www.taiwanbus.tw/eBUSPage/Query/QueryResult.as px?rno=07460&rn=1669878703021&lan=E 1.Take MRT (Red Line) → From Kaohsiung Airport Station (R4)    →  Zuoying Station (R16) 2.Take Taiwan High-Speed Rail (HSR)（ ~ 30 minutes/NT$410 ） From HSR Zuoying →  to HSR Chiayi 3.From HSR Chiayi Station to CCU: Option 1: Taxi (~25 minutes / ~BELOW NT$1,000) Option 2: Bus (Route 106)(~1 hour 20 minutes / ~NT$120) 2.FROM KAOHSIUNG AIRPORT (KHH) TO CCU STEPS:🚇  Kaohsiung Airport MRT( ~30 minutes/ ~NT$35) Board at Kaohsiung International Airport (R4)  Get off at Zuoying（ R16) 🚇  HSR Zuoying to HSR Chiayi Board at HSR Zuoying Station ，Get off at HSR Chiayi Station You can buy HSR tickets on-site']","To reach Taoyuan HSR Station (A18) from Taoyuan Airport MRT, take the train heading towards ""Huanbei"" and choose the **Express train (Purple)**. The fare is approximately NT$ 30 per person.",0.6666666666666666,0.9101436852761026,0.9999999999,Llama3.1
How much does it cost to take the Taoyuan Airport MRT to Taoyuan HSR Station?,"['Method 1: Airport MRT → High-Speed Rail → CCU (fastest option)\nStep 1: From Terminal 1 (A12) or Terminal 2 (A13), take the Taoyuan Airport MRT to A18 ""THSR Taoyuan Station"". The fare is around NT$35.\nStep 2: Transfer to the High-Speed Rail and ride from THSR Taoyuan to THSR Chiayi Station. The fare is around NT$920.\nStep 3: From THSR Chiayi Station, you can choose one of the following to reach CCU:\n- Taxi: Around NT$600. This is convenient if you have heavy luggage.', 'The most convenient and fastest option is the **High-Speed Rail (HSR)**.\n\n**Detailed Steps and Estimated Costs:**\n\n**1. TPE Airport to Taoyuan HSR Station (A18)**\n\n* **Mode of Transport:** Taoyuan Airport MRT\n* **Boarding Location:** \n\t* Terminal 1: B2 level\n\t* Terminal 2: B2 level\n* **Route:** Take the train heading towards ""Huanbei"". It is recommended to choose the **Express train (Purple)**, as it stops at A18 Taoyuan HSR Station.\n* **Cost:** Approximately NT$ 30 per person.', 'HSR Taoyuan to HSR Chiayi Board at HSR Taoyuan Station ，Get off at HSR Chiayi Station You can buy HSR tickets on-site at the station or book online :    👉 https://en.thsrc.com.tw/  🚇  HSR Chiayi Station to CCU (BUS:Route 106) Board at HSR Chiayi Station ，Get off at CCU To check bus routes, schedules, and real-time info, visit: https://www.taiwanbus.tw/eBUSPage/Query/QueryResult.as px?rno=07460&rn=1669878703021&lan=E 1.Take MRT (Red Line) → From Kaohsiung Airport Station (R4)    →  Zuoying Station (R16) 2.Take Taiwan High-Speed Rail (HSR)（ ~ 30 minutes/NT$410 ） From HSR Zuoying →  to HSR Chiayi 3.From HSR Chiayi Station to CCU: Option 1: Taxi (~25 minutes / ~BELOW NT$1,000) Option 2: Bus (Route 106)(~1 hour 20 minutes / ~NT$120) 2.FROM KAOHSIUNG AIRPORT (KHH) TO CCU STEPS:🚇  Kaohsiung Airport MRT( ~30 minutes/ ~NT$35) Board at Kaohsiung International Airport (R4)  Get off at Zuoying（ R16) 🚇  HSR Zuoying to HSR Chiayi Board at HSR Zuoying Station ，Get off at HSR Chiayi Station You can buy HSR tickets on-site']","To take the Taoyuan Airport MRT to Taoyuan HSR Station, the fare is around NT$35.",1.0,0.9874543934190894,0.9999999999666667,Llama3.1
How much does a Standard Car ticket from Taoyuan HSR Station to Chiayi HSR Station cost?,"['**2. Taoyuan HSR Station to Chiayi HSR Station**\n\n* **Mode of Transport:** Taiwan High Speed Rail (THSR)\n* **Route:** Take a southbound train to Chiayi HSR Station (located in Taibao City).\n* **Cost:** Approximately NT$ 980 per person for Standard Car.\n\n**3. Chiayi HSR Station to National Chung Cheng University**', 'HSR Taoyuan to HSR Chiayi Board at HSR Taoyuan Station ，Get off at HSR Chiayi Station You can buy HSR tickets on-site at the station or book online :    👉 https://en.thsrc.com.tw/  🚇  HSR Chiayi Station to CCU (BUS:Route 106) Board at HSR Chiayi Station ，Get off at CCU To check bus routes, schedules, and real-time info, visit: https://www.taiwanbus.tw/eBUSPage/Query/QueryResult.as px?rno=07460&rn=1669878703021&lan=E 1.Take MRT (Red Line) → From Kaohsiung Airport Station (R4)    →  Zuoying Station (R16) 2.Take Taiwan High-Speed Rail (HSR)（ ~ 30 minutes/NT$410 ） From HSR Zuoying →  to HSR Chiayi 3.From HSR Chiayi Station to CCU: Option 1: Taxi (~25 minutes / ~BELOW NT$1,000) Option 2: Bus (Route 106)(~1 hour 20 minutes / ~NT$120) 2.FROM KAOHSIUNG AIRPORT (KHH) TO CCU STEPS:🚇  Kaohsiung Airport MRT( ~30 minutes/ ~NT$35) Board at Kaohsiung International Airport (R4)  Get off at Zuoying（ R16) 🚇  HSR Zuoying to HSR Chiayi Board at HSR Zuoying Station ，Get off at HSR Chiayi Station You can buy HSR tickets on-site', 'HSR Taoyuan to HSR Chiayi Board at HSR Taoyuan Station ，Get off at HSR Chiayi Station You can buy HSR tickets on-site at the station or book online :    👉 https://en.thsrc.com.tw/  🚇  HSR Chiayi Station to CCU (BUS:Route 106) Board at HSR Chiayi Station ，Get off at CCU To check bus routes, schedules, and real-time info, visit: https://www.taiwanbus.tw/eBUSPage/Query/QueryResult.as px?rno=07460&rn=1669878703021&lan=E 1.Take MRT (Red Line) → From Kaohsiung Airport Station (R4)    →  Zuoying Station (R16) 2.Take Taiwan High-Speed Rail (HSR)（ ~ 30 minutes/NT$410 ） From HSR Zuoying →  to HSR Chiayi 3.From HSR Chiayi Station to CCU: Option 1: Taxi (~25 minutes / ~BELOW NT$1,000) Option 2: Bus (Route 106)(~1 hour 20 minutes / ~NT$120) 2.FROM KAOHSIUNG AIRPORT (KHH) TO CCU STEPS:🚇  Kaohsiung Airport MRT( ~30 minutes/ ~NT$35) Board at Kaohsiung International Airport (R4)  Get off at Zuoying（ R16) 🚇  HSR Zuoying to HSR Chiayi Board at HSR Zuoying Station ，Get off at HSR Chiayi Station You can buy HSR tickets on-site']",The cost of a Standard Car ticket from Taoyuan HSR Station to Chiayi HSR Station is approximately NT$ 980 per person.,1.0,0.9960907456328109,0.9999999999,Llama3.1
Which bus route connects Taichung International Airport to THSR Taichung Station?,"['Step 1: Taichung International Airport (RMQ) to THSR Taichung Station\n\n● Boarding Point: Bus Transfer Platform at Terminal B1.\n● Route: Take Taichung Bus Route 156 (Express) directly to THSR Taichung Station.\n● Fare: Approx. NT$ 58.\n\nStep 2: THSR Taichung Station to THSR Chiayi Station\n\n● Route: Take a Southbound THSR train to Chiayi Station.\n● Fare: Approx. NT$ 380.', 'Step 3: THSR Taichung Station to Taichung International Airport (RMQ)\n\n● Route: Go to the Bus Transfer Platform (1F). Take Taichung Bus Route 156.\n● Alternative: Take a taxi if no bus is available.\n● Fare: Bus approx. NT$ 58; Taxi approx. NT$ 600-700.', 'Step 2: THSR Chiayi Station to THSR Taichung Station\n\n● Route: Take a Northbound THSR train to Taichung Station.\n● Fare: Approx. NT$ 380.\n\nStep 3: THSR Taichung Station to Taichung International Airport (RMQ)']","To connect Taichung International Airport to THSR Taichung Station, take Taichung Bus Route 156 (Express) directly from the Bus Transfer Platform at Terminal B1. The fare is approximately NT$ 58.",1.0,0.9013976750792129,0.99999999995,Llama3.1
What is the approximate fare for Taichung Bus Route 156 from the airport to THSR Taichung Station?,"['Step 1: Taichung International Airport (RMQ) to THSR Taichung Station\n\n● Boarding Point: Bus Transfer Platform at Terminal B1.\n● Route: Take Taichung Bus Route 156 (Express) directly to THSR Taichung Station.\n● Fare: Approx. NT$ 58.\n\nStep 2: THSR Taichung Station to THSR Chiayi Station\n\n● Route: Take a Southbound THSR train to Chiayi Station.\n● Fare: Approx. NT$ 380.', 'Step 3: THSR Taichung Station to Taichung International Airport (RMQ)\n\n● Route: Go to the Bus Transfer Platform (1F). Take Taichung Bus Route 156.\n● Alternative: Take a taxi if no bus is available.\n● Fare: Bus approx. NT$ 58; Taxi approx. NT$ 600-700.', 'Step 2: THSR Chiayi Station to THSR Taichung Station\n\n● Route: Take a Northbound THSR train to Taichung Station.\n● Fare: Approx. NT$ 380.\n\nStep 3: THSR Taichung Station to Taichung International Airport (RMQ)']",The fare for Taichung Bus Route 156 from the airport to THSR Taichung Station is approximately NT$ 58.,1.0,0.9922599528184256,0.99999999995,Llama3.1
How much does the THSR ticket from Taichung Station to Chiayi Station cost?,"['**2. Taoyuan HSR Station to Chiayi HSR Station**\n\n* **Mode of Transport:** Taiwan High Speed Rail (THSR)\n* **Route:** Take a southbound train to Chiayi HSR Station (located in Taibao City).\n* **Cost:** Approximately NT$ 980 per person for Standard Car.\n\n**3. Chiayi HSR Station to National Chung Cheng University**', 'Step 1: Taichung International Airport (RMQ) to THSR Taichung Station\n\n● Boarding Point: Bus Transfer Platform at Terminal B1.\n● Route: Take Taichung Bus Route 156 (Express) directly to THSR Taichung Station.\n● Fare: Approx. NT$ 58.\n\nStep 2: THSR Taichung Station to THSR Chiayi Station\n\n● Route: Take a Southbound THSR train to Chiayi Station.\n● Fare: Approx. NT$ 380.', 'Step 2: THSR Chiayi Station to THSR Taichung Station\n\n● Route: Take a Northbound THSR train to Taichung Station.\n● Fare: Approx. NT$ 380.\n\nStep 3: THSR Taichung Station to Taichung International Airport (RMQ)']",The THSR ticket from Taichung Station to Chiayi Station costs approximately NT$ 980 per person for Standard Car.,0.6666666666666666,0.9519055839179936,0.9999999999,Llama3.1
Which MRT line connects Kaohsiung International Airport to THSR Zuoying Station?,"['Step 2: THSR Chiayi Station to THSR Zuoying Station\n\n● Route: Take a Southbound THSR train to Zuoying Station.\n● Fare: Approx. NT$ 410.\n\nStep 3: THSR Zuoying Station to Kaohsiung International Airport (KHH)\n\n● Route: Transfer to Kaohsiung MRT Red Line (Towards Siaogang). Alight at ""R4 Kaohsiung International Airport"".\n● Fare: NT$ 50.', 'Step 1: Kaohsiung International Airport (KHH) to THSR Zuoying Station\n\n● Boarding Point: MRT ""R4 Kaohsiung International Airport"" Station (B1/B2).\n● Route: Take the Kaohsiung MRT Red Line (Towards Gangshan) to ""R16 Zuoying Station"".\n● Fare: NT$ 50.\n\nStep 2: THSR Zuoying Station to THSR Chiayi Station\n\n● Route: Take a Northbound THSR train to Chiayi Station.\n● Fare: Approx. NT$ 410.', 'HSR Taoyuan to HSR Chiayi Board at HSR Taoyuan Station ，Get off at HSR Chiayi Station You can buy HSR tickets on-site at the station or book online :    👉 https://en.thsrc.com.tw/  🚇  HSR Chiayi Station to CCU (BUS:Route 106) Board at HSR Chiayi Station ，Get off at CCU To check bus routes, schedules, and real-time info, visit: https://www.taiwanbus.tw/eBUSPage/Query/QueryResult.as px?rno=07460&rn=1669878703021&lan=E 1.Take MRT (Red Line) → From Kaohsiung Airport Station (R4)    →  Zuoying Station (R16) 2.Take Taiwan High-Speed Rail (HSR)（ ~ 30 minutes/NT$410 ） From HSR Zuoying →  to HSR Chiayi 3.From HSR Chiayi Station to CCU: Option 1: Taxi (~25 minutes / ~BELOW NT$1,000) Option 2: Bus (Route 106)(~1 hour 20 minutes / ~NT$120) 2.FROM KAOHSIUNG AIRPORT (KHH) TO CCU STEPS:🚇  Kaohsiung Airport MRT( ~30 minutes/ ~NT$35) Board at Kaohsiung International Airport (R4)  Get off at Zuoying（ R16) 🚇  HSR Zuoying to HSR Chiayi Board at HSR Zuoying Station ，Get off at HSR Chiayi Station You can buy HSR tickets on-site']","To connect Kaohsiung International Airport to THSR Zuoying Station, take the Kaohsiung MRT Red Line (Towards Gangshan) from ""R4 Kaohsiung International Airport"" Station and alight at ""R16 Zuoying Station"". The fare is NT$ 50.",0.8,0.8717365269518386,0.9999999999666667,Llama3.1
What is the MRT fare from Kaohsiung Airport to Zuoying Station?,"['Method 1: Kaohsiung MRT → High-Speed Rail → CCU (fastest and most reliable)\nStep 1: Take the Kaohsiung MRT Red Line from Kaohsiung International Airport Station (R4) to Zuoying Station (R16). The fare is around NT$50. After arriving at Zuoying, walk directly to THSR Zuoying Station.\nStep 2: Take the High-Speed Rail from THSR Zuoying to THSR Chiayi Station. The fare is around NT$410.\nStep 3: From THSR Chiayi Station, choose one of the following ways to reach CCU:', 'Step 2: THSR Chiayi Station to THSR Zuoying Station\n\n● Route: Take a Southbound THSR train to Zuoying Station.\n● Fare: Approx. NT$ 410.\n\nStep 3: THSR Zuoying Station to Kaohsiung International Airport (KHH)\n\n● Route: Transfer to Kaohsiung MRT Red Line (Towards Siaogang). Alight at ""R4 Kaohsiung International Airport"".\n● Fare: NT$ 50.', 'Step 1: Kaohsiung International Airport (KHH) to THSR Zuoying Station\n\n● Boarding Point: MRT ""R4 Kaohsiung International Airport"" Station (B1/B2).\n● Route: Take the Kaohsiung MRT Red Line (Towards Gangshan) to ""R16 Zuoying Station"".\n● Fare: NT$ 50.\n\nStep 2: THSR Zuoying Station to THSR Chiayi Station\n\n● Route: Take a Northbound THSR train to Chiayi Station.\n● Fare: Approx. NT$ 410.']",The MRT fare from Kaohsiung Airport to Zuoying Station is NT$50.,1.0,0.9999999999999991,0.9999999999666667,Llama3.1
How much is the THSR ticket from Zuoying Station to Chiayi Station?,"['Step 2: THSR Chiayi Station to THSR Zuoying Station\n\n● Route: Take a Southbound THSR train to Zuoying Station.\n● Fare: Approx. NT$ 410.\n\nStep 3: THSR Zuoying Station to Kaohsiung International Airport (KHH)\n\n● Route: Transfer to Kaohsiung MRT Red Line (Towards Siaogang). Alight at ""R4 Kaohsiung International Airport"".\n● Fare: NT$ 50.', 'Step 1: Kaohsiung International Airport (KHH) to THSR Zuoying Station\n\n● Boarding Point: MRT ""R4 Kaohsiung International Airport"" Station (B1/B2).\n● Route: Take the Kaohsiung MRT Red Line (Towards Gangshan) to ""R16 Zuoying Station"".\n● Fare: NT$ 50.\n\nStep 2: THSR Zuoying Station to THSR Chiayi Station\n\n● Route: Take a Northbound THSR train to Chiayi Station.\n● Fare: Approx. NT$ 410.', 'HSR Taoyuan to HSR Chiayi Board at HSR Taoyuan Station ，Get off at HSR Chiayi Station You can buy HSR tickets on-site at the station or book online :    👉 https://en.thsrc.com.tw/  🚇  HSR Chiayi Station to CCU (BUS:Route 106) Board at HSR Chiayi Station ，Get off at CCU To check bus routes, schedules, and real-time info, visit: https://www.taiwanbus.tw/eBUSPage/Query/QueryResult.as px?rno=07460&rn=1669878703021&lan=E 1.Take MRT (Red Line) → From Kaohsiung Airport Station (R4)    →  Zuoying Station (R16) 2.Take Taiwan High-Speed Rail (HSR)（ ~ 30 minutes/NT$410 ） From HSR Zuoying →  to HSR Chiayi 3.From HSR Chiayi Station to CCU: Option 1: Taxi (~25 minutes / ~BELOW NT$1,000) Option 2: Bus (Route 106)(~1 hour 20 minutes / ~NT$120) 2.FROM KAOHSIUNG AIRPORT (KHH) TO CCU STEPS:🚇  Kaohsiung Airport MRT( ~30 minutes/ ~NT$35) Board at Kaohsiung International Airport (R4)  Get off at Zuoying（ R16) 🚇  HSR Zuoying to HSR Chiayi Board at HSR Zuoying Station ，Get off at HSR Chiayi Station You can buy HSR tickets on-site']",The fare from THSR Zuoying Station to THSR Chiayi Station is approximately NT$ 410.,1.0,0.9422345798233266,0.9999999999666667,Llama3.1
Which bus routes can you take from CCU to Chiayi Train Station?,"['Step 2: CCU to Chiayi Train Station\n\n● Transportation (Bus): Take Chiayi County Bus 7309 or Taiwan Trip Route 106 to the terminal station ""Chiayi Station"".\n● Transportation (Taxi): Take a taxi directly to Chiayi Station.\n● Fare: Bus approx. NT$ 60; Taxi approx. NT$ 400-500.', 'After arriving at THSR Chiayi Station, you can go to CCU by taxi or bus. Both options are easy to use, so you can choose based on your time and budget.', 'Step 3: After arriving at Chiayi or Minxiong Station, you can reach CCU by:\n- From Chiayi Station: Taxi (around NT$500–600) or Bus 106 (around NT$47).\n- From Minxiong Station: Taxi, usually around NT$100–200.']","To get to Chiayi Train Station from CCU, you can take bus routes 7309 or 106. The bus 7309 will take you directly to the terminal station ""Chiayi Station"". Bus 106 is another option, but the route is not specified. The fare for bus 7309 is approximately NT$ 60.",0.75,0.9732790902332159,0.9999999999,Llama3.1
What is the bus fare from CCU to Chiayi Train Station?,"['Step 2: CCU to Chiayi Train Station\n\n● Transportation (Bus): Take Chiayi County Bus 7309 or Taiwan Trip Route 106 to the terminal station ""Chiayi Station"".\n● Transportation (Taxi): Take a taxi directly to Chiayi Station.\n● Fare: Bus approx. NT$ 60; Taxi approx. NT$ 400-500.', 'Step 3: After arriving at Chiayi or Minxiong Station, you can reach CCU by:\n- From Chiayi Station: Taxi (around NT$500–600) or Bus 106 (around NT$47).\n- From Minxiong Station: Taxi, usually around NT$100–200.', 'Step 3: From THSR Chiayi Station, choose one of the following ways to reach CCU:\n- Option A: Taxi — Around NT$600. Most convenient, especially if you have luggage.\n- Option B: Bus 106 — Around NT$113. Board at the bus stop outside the HSR station and get off at the CCU stop.']",The bus fare from CCU to Chiayi Train Station is approximately NT$ 60.,0.0,0.9968709208394033,0.9999999999,Llama3.1
What is the approximate taxi fare from CCU to Chiayi Train Station?,"['Step 2: CCU to Chiayi Train Station\n\n● Transportation (Bus): Take Chiayi County Bus 7309 or Taiwan Trip Route 106 to the terminal station ""Chiayi Station"".\n● Transportation (Taxi): Take a taxi directly to Chiayi Station.\n● Fare: Bus approx. NT$ 60; Taxi approx. NT$ 400-500.', 'Step 3: After arriving at Chiayi or Minxiong Station, you can reach CCU by:\n- From Chiayi Station: Taxi (around NT$500–600) or Bus 106 (around NT$47).\n- From Minxiong Station: Taxi, usually around NT$100–200.', 'Step 3: From THSR Chiayi Station, choose one of the following ways to reach CCU:\n- Option A: Taxi — Around NT$600. Most convenient, especially if you have luggage.\n- Option B: Bus 106 — Around NT$113. Board at the bus stop outside the HSR station and get off at the CCU stop.']",The taxi fare from CCU to Chiayi Train Station is approximately NT$ 400-500.,0.0,0.9999999999999997,0.99999999995,Llama3.1
Where is the boarding point for buses departing from CCU?,"['Step 1: Depart from National Chung Cheng University (CCU)\n\n● Boarding Point (Bus): ""Activity Center Bus Shelter"".\n● Boarding Point (Taxi): ""Main Gate"" taxi stand.\n\nStep 2: CCU to Chiayi Train Station', 'Step 1: Depart from National Chung Cheng University (CCU)\n\n● Boarding Point (Bus): ""Activity Center Bus Shelter"".\n● Boarding Point (Taxi): ""Main Gate"" taxi stand.\n\nStep 2: CCU to Minxiong Train Station', 'Method 2: Take Bus 106 (most economical option)\nStep 1: Go to the bus boarding area outside the station. You can easily find the stop for Bus 106 right outside the station.\nStep 2: Take Bus 106 to CCU. The fare is NT$47. Get off at the ""National Chung Cheng University"" stop. The bus stops near campus and offers a convenient, budget-friendly option.']","The boarding point for buses departing from CCU is the ""Activity Center Bus Shelter"".",1.0,0.9959846413907062,0.99999999995,Llama3.1
Where should you exit at Chiayi Train Station to find the bus terminal to CCU?,"['Step 1: Arrive at Chiayi Train Station\n\n● Note: Exit the Front Station and walk to the ""Chiayi County Bus Terminal"" on the front-right side.\n\nStep 2: Chiayi Station to National Chung Cheng University (CCU)', 'Step 3: After arriving at Chiayi or Minxiong Station, you can reach CCU by:\n- From Chiayi Station: Taxi (around NT$500–600) or Bus 106 (around NT$47).\n- From Minxiong Station: Taxi, usually around NT$100–200.', 'Step 2: CCU to Chiayi Train Station\n\n● Transportation (Bus): Take Chiayi County Bus 7309 or Taiwan Trip Route 106 to the terminal station ""Chiayi Station"".\n● Transportation (Taxi): Take a taxi directly to Chiayi Station.\n● Fare: Bus approx. NT$ 60; Taxi approx. NT$ 400-500.']","To find the bus terminal to CCU from Chiayi Train Station, exit the Front Station and walk to the ""Chiayi County Bus Terminal"" on the front-right side.",1.0,0.9520173322627018,0.9999999999,Llama3.1
Which bus routes run between CCU and Minxiong Train Station?,"['Step 2: CCU to Minxiong Train Station\n\n● Transportation (Bus): Take Chiayi County Bus 7309, 7306, or Taiwan Trip Route 106.\n● Transportation (Taxi): Take a taxi to Minxiong Station.\n● Fare: Bus approx. NT$ 25; Taxi approx. NT$ 200.', 'Step 1: CCU to Minxiong Train Station\n\n● Transportation (Bus): From ""Activity Center Bus Shelter"", take Chiayi County Bus 7309, 7306, or 106 to Minxiong Station.\n● Transportation (Taxi): From ""Main Gate"", take a taxi to Minxiong Station.\n● Fare: Bus approx. NT$ 25; Taxi approx. NT$ 200.\n\nStep 2: Minxiong Station to Douliu Station', 'Step 1: CCU to Minxiong Train Station\n\n● Transportation (Bus): From ""Activity Center Bus Shelter"", take Chiayi County Bus 7309, 7306, or 106 to Minxiong Station.\n● Transportation (Taxi): From ""Main Gate"", take a taxi to Minxiong Station.\n● Fare: Bus approx. NT$ 25; Taxi approx. NT$ 200.\n\nStep 2: Minxiong Station to Dounan Station']","To travel from CCU to Minxiong Train Station, you can take Chiayi County Bus 7309, 7306, or 106 from the ""Activity Center Bus Shelter"". Alternatively, you can take a taxi from the ""Main Gate"". The bus fare is approximately NT$ 25, while the taxi fare is around NT$ 200.",1.0,0.8923669926861618,0.9999999999666667,Llama3.1
What is the approximate taxi fare from CCU to Minxiong Station?,"['Step 2: CCU to Minxiong Train Station\n\n● Transportation (Bus): Take Chiayi County Bus 7309, 7306, or Taiwan Trip Route 106.\n● Transportation (Taxi): Take a taxi to Minxiong Station.\n● Fare: Bus approx. NT$ 25; Taxi approx. NT$ 200.', 'Step 3: After arriving at Chiayi or Minxiong Station, you can reach CCU by:\n- From Chiayi Station: Taxi (around NT$500–600) or Bus 106 (around NT$47).\n- From Minxiong Station: Taxi, usually around NT$100–200.', 'Step 1: CCU to Minxiong Train Station\n\n● Transportation (Bus): From ""Activity Center Bus Shelter"", take Chiayi County Bus 7309, 7306, or 106 to Minxiong Station.\n● Transportation (Taxi): From ""Main Gate"", take a taxi to Minxiong Station.\n● Fare: Bus approx. NT$ 25; Taxi approx. NT$ 200.\n\nStep 2: Minxiong Station to Douliu Station']",The taxi fare from CCU to Minxiong Station is approximately NT$ 200.,1.0,0.999999999999999,0.9999999999666667,Llama3.1
From which exit should you leave Minxiong Train Station when heading to CCU?,"['Step 1: Arrive at Minxiong Train Station\n\n● Note: Exit via the Front Station (East Exit).\n\nStep 2: Minxiong Station to National Chung Cheng University (CCU)', 'Step 1: Depart from National Chung Cheng University (CCU)\n\n● Boarding Point (Bus): ""Activity Center Bus Shelter"".\n● Boarding Point (Taxi): ""Main Gate"" taxi stand.\n\nStep 2: CCU to Minxiong Train Station', 'Step 1: Douliu Station to Minxiong Station (Transfer Recommended)\n\n● Route: Take a Southbound Train (Local or Express) from Douliu to Minxiong Station.\n● Fare: Local train ticket approx. NT$ 24.\n\nStep 2: Minxiong Station to National Chung Cheng University (CCU)']","From Minxiong Train Station, exit via the Front Station (East Exit).",1.0,0.8529409777249657,0.9999999999,Llama3.1
What is the recommended transfer station when travelling from CCU to Douliu Station by train?,"['Step 1: Douliu Station to Minxiong Station (Transfer Recommended)\n\n● Route: Take a Southbound Train (Local or Express) from Douliu to Minxiong Station.\n● Fare: Local train ticket approx. NT$ 24.\n\nStep 2: Minxiong Station to National Chung Cheng University (CCU)', 'Step 2: Minxiong Station to Douliu Station\n\n● Route: Take a Northbound Train (TRA) to Douliu Station.\n● Fare: Local train ticket approx. NT$ 24.\n\nAlternative: Direct Taxi\n\n● Route: Take a taxi directly from CCU Main Gate to Douliu Station.\n● Fare: Approx. NT$ 500-600.', 'YOUR GUIDE TO CCUWelcome to Taiwan! Your Guide to Reaching  National Chung Cheng University (CCU) ✈  For new international students  🧭  Step-by-step travel guide from Taiwan Airports to CCU  🎓  Let’s begin your journey!From Taoyuan Airport to CCU 1.FROM TAOYUAN AIRPORT (TPE)  TO CCU 2.FROM  KAOHSIUNG AIRPORT (KHH)  TO CCU1.Take MRT (Airport MRT) → From Terminal 1 (A12) / 2 (A13)  to     HSR Taoyuan Station (A18)  2.Take Taiwan High-Speed Rail (HSR)(~1 hour 20 minutes /NT$920) From HSR Taoyuan → to HSR Chiayi 3.From HSR Chiayi Station to CCU: Option 1: Taxi (~25 minutes / ~BELOW NT$1,000) Option 2: Bus (Route 106)(~1 hour 20 minutes / ~NT$120) 1.FROM TAOYUAN AIRPORT (TPE) TO CCU STEPS:🚇  Taoyuan Airport MRT( ~20 minutes/ ~NT$35) Board at Terminal 1 (A12) or Terminal 2 (A13) Get off at A18: HSR Taoyuan Station 🚇  HSR Taoyuan to HSR Chiayi Board at HSR Taoyuan Station ，Get off at HSR Chiayi Station You can buy HSR tickets on-site at the station or book online :    👉 https://en.thsrc.com.tw/  🚇  HSR Chiayi']","To travel from CCU to Douliu Station by train, you should take a Southbound Train (Local or Express) from Douliu to Minxiong Station. Then, take a Northbound Train (TRA) from Minxiong to Douliu Station. The fare for each train ticket is approximately NT$ 24. Alternatively, you can take a taxi directly from CCU Main Gate to Douliu Station, which costs around NT$ 500-600.",0.8,0.8893539351520979,0.0,Llama3.1
How much does the local train ticket from Minxiong to Douliu Station cost?,"['Step 2: Minxiong Station to Douliu Station\n\n● Route: Take a Northbound Train (TRA) to Douliu Station.\n● Fare: Local train ticket approx. NT$ 24.\n\nAlternative: Direct Taxi\n\n● Route: Take a taxi directly from CCU Main Gate to Douliu Station.\n● Fare: Approx. NT$ 500-600.', 'Step 1: Douliu Station to Minxiong Station (Transfer Recommended)\n\n● Route: Take a Southbound Train (Local or Express) from Douliu to Minxiong Station.\n● Fare: Local train ticket approx. NT$ 24.\n\nStep 2: Minxiong Station to National Chung Cheng University (CCU)', 'Step 1: CCU to Minxiong Train Station\n\n● Transportation (Bus): From ""Activity Center Bus Shelter"", take Chiayi County Bus 7309, 7306, or 106 to Minxiong Station.\n● Transportation (Taxi): From ""Main Gate"", take a taxi to Minxiong Station.\n● Fare: Bus approx. NT$ 25; Taxi approx. NT$ 200.\n\nStep 2: Minxiong Station to Douliu Station']",The local train ticket from Minxiong to Douliu Station costs approximately NT$ 24.,1.0,0.9991880432811868,0.99999999995,Llama3.1
How many stops is Dounan Station from Minxiong Station by local train?,"['Step 1: Dounan Station to Minxiong Station (Transfer Recommended)\n\n● Route: Take a Southbound Local Train (TRA) from Dounan to Minxiong Station (2 stops).\n● Fare: Train ticket approx. NT$ 15.\n\nStep 2: Minxiong Station to National Chung Cheng University (CCU)', 'Step 2: Minxiong Station to Dounan Station\n\n● Route: Take a Northbound Local Train (TRA) to Dounan Station (2 stops).\n● Fare: Train ticket approx. NT$ 15.\n\nAlternative: Direct Taxi\n\n● Route: Take a taxi directly from CCU Main Gate to Dounan Station.\n● Fare: Approx. NT$ 350-450.', 'Step 1: CCU to Minxiong Train Station\n\n● Transportation (Bus): From ""Activity Center Bus Shelter"", take Chiayi County Bus 7309, 7306, or 106 to Minxiong Station.\n● Transportation (Taxi): From ""Main Gate"", take a taxi to Minxiong Station.\n● Fare: Bus approx. NT$ 25; Taxi approx. NT$ 200.\n\nStep 2: Minxiong Station to Dounan Station']",The distance from Dounan Station to Minxiong Station by local train is 2 stops.,1.0,0.9848445087841137,0.99999999995,Llama3.1
What is the approximate direct taxi fare from CCU to Dounan Station?,"['Step 2: Minxiong Station to Dounan Station\n\n● Route: Take a Northbound Local Train (TRA) to Dounan Station (2 stops).\n● Fare: Train ticket approx. NT$ 15.\n\nAlternative: Direct Taxi\n\n● Route: Take a taxi directly from CCU Main Gate to Dounan Station.\n● Fare: Approx. NT$ 350-450.', 'Alternative: Direct Taxi\n\n● Note: No direct bus available. You can take a taxi directly from Dounan Station.\n● Fare: Approx. NT$ 350-450.', 'Step 1: CCU to Minxiong Train Station\n\n● Transportation (Bus): From ""Activity Center Bus Shelter"", take Chiayi County Bus 7309, 7306, or 106 to Minxiong Station.\n● Transportation (Taxi): From ""Main Gate"", take a taxi to Minxiong Station.\n● Fare: Bus approx. NT$ 25; Taxi approx. NT$ 200.\n\nStep 2: Minxiong Station to Dounan Station']",The direct taxi fare from CCU to Dounan Station is approximately NT$ 350-450.,1.0,0.9924268592104363,0.99999999995,Llama3.1
Which bus route at THSR Chiayi Station goes toward CCU?,"['Step 3: From THSR Chiayi Station, choose one of the following ways to reach CCU:\n- Option A: Taxi — Around NT$600. Most convenient, especially if you have luggage.\n- Option B: Bus 106 — Around NT$113. Board at the bus stop outside the HSR station and get off at the CCU stop.', '● Route: Take a Southbound THSR train to Chiayi Station.\n● Fare: Approx. NT$ 380.\n\nStep 3: THSR Chiayi Station to National Chung Cheng University (CCU)', '● Route: Take a Northbound THSR train to Chiayi Station.\n● Fare: Approx. NT$ 410.\n\nStep 3: THSR Chiayi Station to National Chung Cheng University (CCU)']",Bus 106 goes toward CCU.,1.0,0.6076308935938735,0.9999999999,Llama3.1
At which exit of THSR Chiayi Station can you find the bus platform to CCU?,"['Step 3: From THSR Chiayi Station, choose one of the following ways to reach CCU:\n- Option A: Taxi — Around NT$600. Most convenient, especially if you have luggage.\n- Option B: Bus 106 — Around NT$113. Board at the bus stop outside the HSR station and get off at the CCU stop.', 'After arriving at THSR Chiayi Station, you can go to CCU by taxi or bus. Both options are easy to use, so you can choose based on your time and budget.', 'YOUR GUIDE TO CCUWelcome to Taiwan! Your Guide to Reaching  National Chung Cheng University (CCU) ✈  For new international students  🧭  Step-by-step travel guide from Taiwan Airports to CCU  🎓  Let’s begin your journey!From Taoyuan Airport to CCU 1.FROM TAOYUAN AIRPORT (TPE)  TO CCU 2.FROM  KAOHSIUNG AIRPORT (KHH)  TO CCU1.Take MRT (Airport MRT) → From Terminal 1 (A12) / 2 (A13)  to     HSR Taoyuan Station (A18)  2.Take Taiwan High-Speed Rail (HSR)(~1 hour 20 minutes /NT$920) From HSR Taoyuan → to HSR Chiayi 3.From HSR Chiayi Station to CCU: Option 1: Taxi (~25 minutes / ~BELOW NT$1,000) Option 2: Bus (Route 106)(~1 hour 20 minutes / ~NT$120) 1.FROM TAOYUAN AIRPORT (TPE) TO CCU STEPS:🚇  Taoyuan Airport MRT( ~20 minutes/ ~NT$35) Board at Terminal 1 (A12) or Terminal 2 (A13) Get off at A18: HSR Taoyuan Station 🚇  HSR Taoyuan to HSR Chiayi Board at HSR Taoyuan Station ，Get off at HSR Chiayi Station You can buy HSR tickets on-site at the station or book online :    👉 https://en.thsrc.com.tw/  🚇  HSR Chiayi']","From HSR Chiayi Station, you can go to CCU by bus. Board at the bus stop outside the HSR station and get off at the CCU stop. The bus is Route 106.",1.0,0.8749675555609572,0.3333333333,Llama3.1
What is the approximate taxi fare from THSR Chiayi Station to CCU?,"['Step 3: From THSR Chiayi Station, choose one of the following ways to reach CCU:\n- Option A: Taxi — Around NT$600. Most convenient, especially if you have luggage.\n- Option B: Bus 106 — Around NT$113. Board at the bus stop outside the HSR station and get off at the CCU stop.', '● Route: Take a Northbound THSR train to Chiayi Station.\n● Fare: Approx. NT$ 410.\n\nStep 3: THSR Chiayi Station to National Chung Cheng University (CCU)', '● Route: Take a Southbound THSR train to Chiayi Station.\n● Fare: Approx. NT$ 380.\n\nStep 3: THSR Chiayi Station to National Chung Cheng University (CCU)']",The taxi fare from THSR Chiayi Station to CCU is around NT$600.,1.0,0.9999999999999994,0.9999999999,Llama3.1
How much does it cost to rent a YouBike 2.0 for the first 30 minutes?,"['The rental fee depends on the type of bike you use—YouBike 2.0 or YouBike 2.0E (electric-assist).\n\n• YouBike 2.0: NT$10 per 30 minutes for the first 4 hours, with higher rates for longer usage.\n• YouBike 2.0E: NT$20 per 30 minutes for the first 2 hours, with higher rates after that.', 'The bike-sharing stations you see on campus are YouBike stations, and you can rent a bike using an EasyCard. The first time you use the service, you need to register and link your EasyCard to the YouBike system. After registration, you can simply press the', 'To return the bike, simply push it into any parking dock at a YouBike station. Make sure the bike locks securely into the dock, then tap your EasyCard on the dock’s sensor to complete the return.\n\nThe system will immediately show that the return is successful, and the rental fee will be deducted at that moment.']",The rental fee for YouBike 2.0 for the first 30 minutes is NT$10.,1.0,0.97915020698293,0.9999999999,Llama3.1
How can you distinguish between a YouBike 2.0 and a YouBike 2.0E by appearance?,"['The rental fee depends on the type of bike you use—YouBike 2.0 or YouBike 2.0E (electric-assist).\n\n• YouBike 2.0: NT$10 per 30 minutes for the first 4 hours, with higher rates for longer usage.\n• YouBike 2.0E: NT$20 per 30 minutes for the first 2 hours, with higher rates after that.', 'No matter which type you ride, the rental fee is automatically deducted from your EasyCard when you return the bike.\n\nYou can distinguish the two types by the color of the rear section: both bikes are white, but YouBike 2.0 has a yellow rear, while YouBike 2.0E has an orange rear.', 'YouBike system. After registration, you can simply press the panel on the bike’s handlebar and then tap your EasyCard to unlock the bike, which is very convenient.']","You can distinguish between a YouBike 2.0 and a YouBike 2.0E by the color of the rear section. The YouBike 2.0 has a yellow rear, while the YouBike 2.0E has an orange rear.",1.0,0.9887265229537525,0.49999999995,Llama3.1
How is the YouBike rental fee paid when you return the bike?,"['The rental fee depends on the type of bike you use—YouBike 2.0 or YouBike 2.0E (electric-assist).\n\n• YouBike 2.0: NT$10 per 30 minutes for the first 4 hours, with higher rates for longer usage.\n• YouBike 2.0E: NT$20 per 30 minutes for the first 2 hours, with higher rates after that.', 'To return the bike, simply push it into any parking dock at a YouBike station. Make sure the bike locks securely into the dock, then tap your EasyCard on the dock’s sensor to complete the return.\n\nThe system will immediately show that the return is successful, and the rental fee will be deducted at that moment.', 'No matter which type you ride, the rental fee is automatically deducted from your EasyCard when you return the bike.\n\nYou can distinguish the two types by the color of the rear section: both bikes are white, but YouBike 2.0 has a yellow rear, while YouBike 2.0E has an orange rear.']",The rental fee is automatically deducted from your EasyCard when you return the bike.,1.0,0.846586276971882,0.5833333333041666,Llama3.1
What is the basic ARC application fee per year?,"['The basic ARC fee is NT$1,000 per year. However, if you are converting from visa-free entry or a Visitor Visa to an ARC, an additional NT$2,200 is charged according to official regulations.', '3. Application fee NT$1,000  4. Photo   5. ARC Application System:   https://coa.immigration.gov.tw/coa-frontend/student/entry?lang=en    Currently we have changed the application way, please apply directly to the application  system. For more information, please refer to the National Immigration Agency  Website: https://www.immigration.gov.tw/mp.asp?mp=2    Registration  4.6 Bank account      21         In order to receive your scholarship from the university, you need to open a  bank account at the on -campus Post Office. You can open a post office bank  account after receiving your ARC.   Please prepare the following documents and bring them directly to the post  office to open your account:  1. A Chinese name-stamp (costs around NT40)  2. Original ARC  3. Original Passport  4. Application form  5. NT $100 (to be saved into your post bank account)    After getting bank account, remember to send the following documents to OIA  (ccuoiais@ccu.edu.tw)    Filled Personal Account Form    Bank of Passbook', '3. Application fee NT$1,000  4. Photo   5. ARC Application System:   https://coa.immigration.gov.tw/coa-frontend/student/entry?lang=en    Currently we have changed the application way, please apply directly to the application  system. For more information, please refer to the National Immigration Agency  Website: https://www.immigration.gov.tw/mp.asp?mp=2    Registration  4.6 Bank account      21         In order to receive your scholarship from the university, you need to open a  bank account at the on -campus Post Office. You can open a post office bank  account after receiving your ARC.   Please prepare the following documents and bring them directly to the post  office to open your account:  1. A Chinese name-stamp (costs around NT40)  2. Original ARC  3. Original Passport  4. Application form  5. NT $100 (to be saved into your post bank account)    After getting bank account, remember to send the following documents to OIA  (ccuoiais@ccu.edu.tw)    Filled Personal Account Form    Bank of Passbook']","The basic ARC application fee is NT$1,000 per year.",1.0,0.9999999999999992,0.9999999999666667,Llama3.1
Why do some international students pay more than others when applying for an ARC for the first time?,"['As a result, international students applying for an ARC for the first time by converting from a Visitor Visa will pay more than those who are simply renewing an ARC. After payment, be sure to keep the receipt properly in case it is needed for future inquiries or additional documentation.', 'International students must apply for an ARC 15 to 30 days before their Visitor Visa expires. This time window is very important. If you apply after the visa has expired, it may affect your residency status and could even require you to leave Taiwan and reapply.', 'The basic ARC fee is NT$1,000 per year. However, if you are converting from visa-free entry or a Visitor Visa to an ARC, an additional NT$2,200 is charged according to official regulations.']","International students who are converting from a Visitor Visa to an ARC pay more than those who are simply renewing an ARC. The additional fee is NT$2,200 according to official regulations. This is because the basic ARC fee is NT$1,000 per year.",1.0,0.8170215747828422,0.8333333332916666,Llama3.1
How can you register for YouBike if there is no kiosk at the station?,"['If there is no kiosk at the station, you can also register online by visiting the official website and filling in the required information to link your EasyCard. After completing registration, you can rent a YouBike at any station.', 'Some YouBike stations have a standing kiosk next to them. You can use the kiosk to register and link your EasyCard, then start renting bikes immediately.', 'YouBike system. After registration, you can simply press the panel on the bike’s handlebar and then tap your EasyCard to unlock the bike, which is very convenient.']","If there is no kiosk at the station, you can also register online by visiting the official website and filling in the required information to link your EasyCard. After completing registration, you can rent a YouBike at any station.",1.0,0.8577581870962977,0.9999999999,Llama3.1
What do you need to link to the YouBike system before you can start renting bikes?,"['Some YouBike stations have a standing kiosk next to them. You can use the kiosk to register and link your EasyCard, then start renting bikes immediately.', 'The bike-sharing stations you see on campus are YouBike stations, and you can rent a bike using an EasyCard. The first time you use the service, you need to register and link your EasyCard to the YouBike system. After registration, you can simply press the', 'If there is no kiosk at the station, you can also register online by visiting the official website and filling in the required information to link your EasyCard. After completing registration, you can rent a YouBike at any station.']","To link to the YouBike system before you can start renting bikes, you need to register and link your EasyCard. You can do this at a kiosk next to the YouBike station, or online by visiting the official website and filling in the required information.",1.0,0.9675166032454298,0.9999999999666667,Llama3.1
How do you return a YouBike at the end of your rental?,"['To return the bike, simply push it into any parking dock at a YouBike station. Make sure the bike locks securely into the dock, then tap your EasyCard on the dock’s sensor to complete the return.\n\nThe system will immediately show that the return is successful, and the rental fee will be deducted at that moment.', 'The rental fee depends on the type of bike you use—YouBike 2.0 or YouBike 2.0E (electric-assist).\n\n• YouBike 2.0: NT$10 per 30 minutes for the first 4 hours, with higher rates for longer usage.\n• YouBike 2.0E: NT$20 per 30 minutes for the first 2 hours, with higher rates after that.', 'The bike-sharing stations you see on campus are YouBike stations, and you can rent a bike using an EasyCard. The first time you use the service, you need to register and link your EasyCard to the YouBike system. After registration, you can simply press the']","To return a YouBike, push it into any parking dock at a YouBike station. Make sure the bike locks securely into the dock, then tap your EasyCard on the dock’s sensor to complete the return. The system will show that the return is successful, and the rental fee will be deducted at that moment.",1.0,0.9081825190570605,0.9999999999,Llama3.1
What should you do if the dock sensor fails to read your EasyCard when returning a YouBike?,"['To return the bike, simply push it into any parking dock at a YouBike station. Make sure the bike locks securely into the dock, then tap your EasyCard on the dock’s sensor to complete the return.\n\nThe system will immediately show that the return is successful, and the rental fee will be deducted at that moment.', 'If the dock light does not turn on or the sensor fails to read your card, move to another dock and try again.', 'YouBike system. After registration, you can simply press the panel on the bike’s handlebar and then tap your EasyCard to unlock the bike, which is very convenient.']","If the dock sensor fails to read your EasyCard when returning a YouBike, move to another dock and try again.",1.0,0.9999999999999994,0.49999999995,Llama3.1
Where can you go to top up your EasyCard in person?,"['Some MRT and train stations also have automatic top-up machines. Just place your card on the reader and insert cash to complete the value reload. After topping up, your EasyCard is ready for use and will be very convenient for taking buses and MRTs.', 'You can go to any convenience store counter and ask the staff to help you add value to your EasyCard—simply tell them the amount you want to add. The process only takes a few seconds.', 'You can buy an EasyCard at most convenience stores in Taiwan, including 7-Eleven, FamilyMart, Hi-Life, and OK Mart. You can also purchase one at service counters or ticket windows in TRA train stations and MRT stations. After purchasing, you can add value']","You can go to any convenience store counter and ask the staff to help you add value to your EasyCard—simply tell them the amount you want to add. You can also buy an EasyCard at most convenience stores in Taiwan, including 7-Eleven, FamilyMart, Hi-Life, and OK Mart.",1.0,0.7448699865708477,0.5833333333041666,Llama3.1
How can you top up your EasyCard at an MRT or train station?,"['Some MRT and train stations also have automatic top-up machines. Just place your card on the reader and insert cash to complete the value reload. After topping up, your EasyCard is ready for use and will be very convenient for taking buses and MRTs.', 'When riding the MRT, you can either buy a single-journey ticket or use an EasyCard.\n\nSingle-journey tickets can be purchased from ticket machines in MRT stations. The ticket is a physical round token. Tap it when entering the station and insert it into the token slot when exiting.', 'You can go to any convenience store counter and ask the staff to help you add value to your EasyCard—simply tell them the amount you want to add. The process only takes a few seconds.']","You can top up your EasyCard at an MRT or train station by using the automatic top-up machine. Just place your card on the reader and insert cash to complete the value reload. Alternatively, you can go to any convenience store counter and ask the staff to help you add value to your EasyCard. Simply tell them the amount you want to add, and the process will only take a few seconds.",1.0,0.8716191749284521,0.9999999999,Llama3.1
What card do you need to unlock a YouBike on the CCU campus?,"['YouBike system. After registration, you can simply press the panel on the bike’s handlebar and then tap your EasyCard to unlock the bike, which is very convenient.', 'To return the bike, simply push it into any parking dock at a YouBike station. Make sure the bike locks securely into the dock, then tap your EasyCard on the dock’s sensor to complete the return.\n\nThe system will immediately show that the return is successful, and the rental fee will be deducted at that moment.', 'The bike-sharing stations you see on campus are YouBike stations, and you can rent a bike using an EasyCard. The first time you use the service, you need to register and link your EasyCard to the YouBike system. After registration, you can simply press the']",You need to use an EasyCard to unlock a YouBike on the CCU campus.,1.0,0.9436252547527019,0.9999999999666667,Llama3.1
Can international students join student clubs at CCU?,"['Most student clubs on campus do not restrict membership by nationality. As long as you are a currently enrolled CCU student, clubs generally welcome international students to join.\n\nWhether a club focuses on academics, sports, music and performance, service, or cultural exchange, you are free to participate according to your interests.', 'Joining student clubs is a great way to make friends and better integrate into campus life.', 'National Chung Cheng University has a very diverse range of student clubs, which can broadly be categorized into academic, sports, recreational, social, service-oriented, artistic, and music-related clubs. International students are welcome to join based on their interests.\n\nAcademic clubs include groups such as the FinTech Club, AIESEC in CCU, the Innovation and Entrepreneurship Club, the CCU Cybersecurity Research Club, the Debate Club, and the Astronomy Club.']","Most student clubs on campus do not restrict membership by nationality. As long as you are a currently enrolled CCU student, clubs generally welcome international students to join. Joining student clubs is a great way to make friends and better integrate into campus life. National Chung Cheng University has a very diverse range of student clubs, which can broadly be categorized into academic, sports, recreational, social, service-oriented, artistic, and music-related clubs. International students are welcome to join based on their interests.",1.0,0.6891971815846403,0.9999999999666667,Llama3.1
What types of student clubs can international students join at CCU?,"['National Chung Cheng University has a very diverse range of student clubs, which can broadly be categorized into academic, sports, recreational, social, service-oriented, artistic, and music-related clubs. International students are welcome to join based on their interests.\n\nAcademic clubs include groups such as the FinTech Club, AIESEC in CCU, the Innovation and Entrepreneurship Club, the CCU Cybersecurity Research Club, the Debate Club, and the Astronomy Club.', 'Most student clubs on campus do not restrict membership by nationality. As long as you are a currently enrolled CCU student, clubs generally welcome international students to join.\n\nWhether a club focuses on academics, sports, music and performance, service, or cultural exchange, you are free to participate according to your interests.', 'To view the complete and most up-to-date list of student clubs, you can visit the official website of the CCU Extracurricular Activities Section, which provides information on current clubs, their categories, contact details, and recruitment information.']","National Chung Cheng University has a diverse range of student clubs, which can be categorized into academic, sports, recreational, social, service-oriented, artistic, and music-related clubs. International students are welcome to join based on their interests. Academic clubs include groups such as the FinTech Club, AIESEC in CCU, the Innovation and Entrepreneurship Club, and the Debate Club. Most clubs do not restrict membership by nationality, as long as you are a currently enrolled CCU student.",1.0,0.7393583836095843,0.99999999995,Llama3.1
What are some ways international students can meet Taiwanese students on campus?,"['Yes, participating in on-campus activities and student clubs is one of the best ways to meet Taiwanese students.\n\nMost on-campus activities and clubs are open to all students, allowing international students to naturally interact, collaborate, and communicate with Taiwanese students during activities.', 'Through club activities, lectures, workshops, or cultural exchange events, students have excellent opportunities to make new friends, practice Chinese, and gain a deeper understanding of Taiwanese campus culture and daily life.', 'The Office of International Affairs at National Chung Cheng University regularly organizes activities specifically designed for international students.\n\nThese activities include orientation events, cultural exchange programs, daily life briefings, and festival experiences, all of which help international students adapt more quickly to campus life and living in Taiwan.']","Participating in on-campus activities and student clubs is one of the best ways to meet Taiwanese students. Most on-campus activities and clubs are open to all students, allowing international students to naturally interact, collaborate, and communicate with Taiwanese students during activities. The Office of International Affairs at National Chung Cheng University regularly organizes activities specifically designed for international students, such as orientation events, cultural exchange programs, daily life briefings, and festival experiences.",1.0,0.8749077436119554,0.9999999999666667,Llama3.1
Does National Chung Cheng University provide on-campus dormitories?,"['On-campus dormitories at National Chung Cheng University only provide bed frames.\n\nStudents are required to prepare their own mattresses, blankets, pillows, and bed sheets.', 'At National Chung Cheng University, dormitory room types and facilities vary depending on student status.\n\nFor master’s students, dormitories in Buildings A to D are mainly double-occupancy non-suite rooms. Each room includes a sink, while bathrooms and toilets are shared. Basic furnishings include a bed, wardrobe, desk, chair, air conditioner, and an on-campus telephone. Internet service is available but requires a separate application and an additional network fee.', 'As long as you are a currently enrolled international student at National Chung Cheng University, including exchange students, visiting students, and degree-seeking students, you are generally eligible to apply for on-campus dormitories.\n\nActual dormitory assignment depends on room availability and the number of applicants in a given semester.']","National Chung Cheng University provides on-campus dormitories. However, students are required to prepare their own mattresses, blankets, pillows, and bed sheets. The university does not provide these basic furnishings.",1.0,0.899167200399151,0.9999999999666667,Llama3.1
What types of room facilities are available in CCU dormitories?,"['CCU dormitories provide a variety of shared living facilities to support daily life.\n\nSelf-service washing machines and dryers are available for laundry needs, and most dormitory buildings also include common rooms or shared spaces for resting, socializing, or studying.', 'beds, desks, chairs,  book shelf, closets, telephone. Internet access is  available in all dormitories.  3. You can apply for dormitory network in the  Computer Center; the fee is NT$1,000 per semester.    3.4 Public Facilities  Public Facilities for undergraduate, master, and PhD:  shared washing machines, RO drinking water system,  social lounge.    3.5 Dormitory Network  As soon as you settle down your accommodation which means you’ve got your room  number and bed number, you need to apply dormitory network in order to use the  internet (wired network) in the dorm.  For applying the dormitory network, please submit the document online:   https://www.dorm.ccu.edu.tw/student/login  For more information about dormitory network please refer  to: https://www.dorm.ccu.edu.tw/en or call the ext.14151      13    04        Registration Registration  4.1 University Registration    14   No Work Time Location  Required  Documents Note  1 Dorm  Check-in  Starting  from  Feb 20  Dormitory Passport   2  Dorm  Internet', 'CCU dormitories have basic access control and management rules in place to maintain safety and living quality.\n\nResidents typically enter and exit the dormitory by scanning their student ID card, and non-residents are not allowed to enter freely.\n\nDormitories also have staff on duty and regulations regarding the use of public areas, visitors, noise levels, and cleanliness.']","CCU dormitories provide the following room facilities:
- Beds
- Desks
- Chairs
- Book shelves
- Closets
- Telephone
- Internet access

You can apply for dormitory network in the Computer Center; the fee is NT$1,000 per semester.

Public Facilities include:
- Shared washing machines
- RO drinking water system
- Social lounge",1.0,0.9229643454009349,0.99999999995,Llama3.1
Can exchange students or visiting students apply for on-campus dormitories at CCU?,"['As long as you are a currently enrolled international student at National Chung Cheng University, including exchange students, visiting students, and degree-seeking students, you are generally eligible to apply for on-campus dormitories.\n\nActual dormitory assignment depends on room availability and the number of applicants in a given semester.', 'Expenses  around 54,000 (9,000 per month)  *Actual expenses depend on consumption habits of each person.  Currency Unit: NT (NT$28.89=US$1)           based on the rate on 2025/7/03      10                                03  Accommodation Accommodation    11     1. On-campus accommodation is guaranteed for international students. The first- year-students don’t need to apply; the CCU Office of International Affairs will  arrange it for you . However, your dormitory room will be assigned ; you are  unable to choose your own rooms or roommates.  2. Your dormitory room is not equipped with mattress, pillow, and quilt.  3. Besides the dormitory fee, each one of  you has to pay a residence deposit of  NT$1,600 and an electricity cha rge of NT$ 2,000, a total of NT$3, 600 (not  included in CCU scholarship). You will get an IC card saved with NT$1,000 to use  for the electricity cost of your room. If the amount of NT$1,000 runs out, you  should go to the Dormitory Service Center, with your card & money, to recharge', 'CCU dormitories have basic access control and management rules in place to maintain safety and living quality.\n\nResidents typically enter and exit the dormitory by scanning their student ID card, and non-residents are not allowed to enter freely.\n\nDormitories also have staff on duty and regulations regarding the use of public areas, visitors, noise levels, and cleanliness.']","Exchange students or visiting students can apply for on-campus dormitories at CCU. As long as you are a currently enrolled international student, including exchange students, visiting students, and degree-seeking students, you are generally eligible to apply for on-campus dormitories.",1.0,0.9071628190669626,0.99999999995,Llama3.1
What is the typical room type in CCU master's dormitories?,"['In general, master’s dormitories are mostly double rooms with shared bathrooms, while PhD dormitories offer single, double, or triple suite-style rooms, with some room types including a private bathroom and kitchen.\n\nWhether a student can obtain a dormitory room and which room type is assigned depend on application timing and current availability.', 'CCU dormitories provide a variety of shared living facilities to support daily life.\n\nSelf-service washing machines and dryers are available for laundry needs, and most dormitory buildings also include common rooms or shared spaces for resting, socializing, or studying.', 'On-campus dormitory fees at CCU vary by building and room type, but overall they are generally affordable for students.\n\nFor master’s dormitories in Buildings A to D, which are double-occupancy non-suite rooms, the dormitory fee is about NT$7,210 per semester. In addition, there is a one-time deposit of NT$1,600, prepaid electricity of about NT$1,500 for the first semester and about NT$500 for the second semester, and a separate internet fee of NT$1,000 per semester.']",Typical room type in CCU master's dormitories is double rooms with shared bathrooms.,1.0,0.9999999999999994,0.8333333332916666,Llama3.1
What should you do if you feel mildly unwell late at night in your dorm?,"['If the discomfort is mild, such as a headache, stomach discomfort, or a low-grade fever, you can rest in your dorm, drink more water, and monitor your condition.\n\nIf symptoms worsen or you experience severe pain, a high fever, or difficulty breathing, it is recommended to go directly to a nearby hospital with emergency services.', 'Before leaving, you should tidy up your seat or space and turn off the power and lights.', 'These items are mainly provided for students who are temporarily injured, feeling unwell, or in need of short-term assistance while on campus. They help support basic care or assisted mobility when symptoms are mild.']","If you feel mildly unwell late at night in your dorm, you can rest in your dorm, drink more water, and monitor your condition. This is recommended if the discomfort is mild, such as a headache, stomach discomfort, or a low-grade fever.",1.0,0.9999999999999994,0.9999999999,Llama3.1
When should you go directly to a hospital instead of resting in your dorm?,"['If the discomfort is mild, such as a headache, stomach discomfort, or a low-grade fever, you can rest in your dorm, drink more water, and monitor your condition.\n\nIf symptoms worsen or you experience severe pain, a high fever, or difficulty breathing, it is recommended to go directly to a nearby hospital with emergency services.', 'In simple terms, clinics are more convenient for mild symptoms, while hospitals are more appropriate for serious conditions or cases that clinics cannot handle.', 'If you’re not in your dorm or at home, having packages delivered to a convenience store is one of the easiest options.']","If symptoms worsen or you experience severe pain, a high fever, or difficulty breathing, go directly to a nearby hospital with emergency services.",1.0,0.6288478542843524,0.99999999995,Llama3.1
What is the emergency number you can call in Taiwan if you are unsure whether your condition is urgent?,"['If you are unsure whether the situation is urgent, you can ask a friend for help or call 119 for assistance. Medical personnel will provide guidance based on the situation.', 'fund  A personal fund of NT $60,000 (approximately US $2,000) for per semester  is suggested.    10  Clothes and other personal belongings/medication  The voltage in Taiwan is 110 V, and the plug please  refer to the sample photo.    11  Telephone  The country code for Taiwan is “886”. This code is needed when someone wants to  make a call to Taiwan from other countries. To make an international phone call from  Taiwan, you will need to dial “019” + country code + area code + local number. Please  apply for the cellular service at the airport.    Pre-departure Checklist  2.2 Estimated Fees and Expenses  (per semester)    8             Item Tuition Miscellaneous Fees Total  College of Engineering 34,833 20,457 55,290  College of Sciences & Department of  Psychology/Communications/Information  Management/Athletic Sports    34,200    20,085    54,285  College of Management  (Except for Department of Information  Management)    31,033    18,226    49,259  Other Colleges  (Except for Department of', 'fund  A personal fund of NT $60,000 (approximately US $2,000) for per semester  is suggested.    10  Clothes and other personal belongings/medication  The voltage in Taiwan is 110 V, and the plug please  refer to the sample photo.    11  Telephone  The country code for Taiwan is “886”. This code is needed when someone wants to  make a call to Taiwan from other countries. To make an international phone call from  Taiwan, you will need to dial “019” + country code + area code + local number. Please  apply for the cellular service at the airport.    Pre-departure Checklist  2.2 Estimated Fees and Expenses  (per semester)    8             Item Tuition Miscellaneous Fees Total  College of Engineering 34,833 20,457 55,290  College of Sciences & Department of  Psychology/Communications/Information  Management/Athletic Sports    34,200    20,085    54,285  College of Management  (Except for Department of Information  Management)    31,033    18,226    49,259  Other Colleges  (Except for Department of']","If you are unsure whether the situation is urgent, you can ask a friend for help or call 119 for assistance. Medical personnel will provide guidance based on the situation.",1.0,0.7078569173915152,0.9999999999,Llama3.1
What types of conditions are clinics best suited for?,"['Clinics are usually suitable for colds, skin problems, digestive discomfort, toothaches, and general outpatient needs. They typically offer faster procedures and shorter waiting times.\n\nHospitals have more comprehensive facilities and are more suitable for cases that require further examinations, specialist treatment, hospitalization, or emergency care.', 'In simple terms, clinics are more convenient for mild symptoms, while hospitals are more appropriate for serious conditions or cases that clinics cannot handle.', 'reach from campus. They are suitable for issues such as colds, skin problems, toothaches, and general outpatient needs.']","Clinics are best suited for colds, skin problems, digestive discomfort, toothaches, and general outpatient needs. They offer faster procedures and shorter waiting times.",1.0,0.8826563767557264,0.9999999999666667,Llama3.1
What types of cases are hospitals more appropriate for than clinics?,"['In simple terms, clinics are more convenient for mild symptoms, while hospitals are more appropriate for serious conditions or cases that clinics cannot handle.', 'Clinics are usually suitable for colds, skin problems, digestive discomfort, toothaches, and general outpatient needs. They typically offer faster procedures and shorter waiting times.\n\nHospitals have more comprehensive facilities and are more suitable for cases that require further examinations, specialist treatment, hospitalization, or emergency care.', 'For large hospitals, outpatient visits usually require advance registration, especially for specialist clinics. It is recommended to complete registration online or on-site in advance to avoid an unnecessary trip.']","Hospitals are more appropriate for serious conditions or cases that clinics cannot handle. Examples include cases that require further examinations, specialist treatment, hospitalization, or emergency care.",1.0,0.932531472982006,0.99999999995,Llama3.1
What is the phone number for Da Mao Taxi Fleet near CCU?,"['If you need to call a taxi from outside campus or from somewhere other than THSR Chiayi Station, you can contact Da Mao Taxi Fleet at 05-2218577. This is the most commonly used taxi service around Minxiong and National Chung Cheng University, and they usually respond quickly.', 'Step 3: After arriving at Chiayi or Minxiong Station, you can reach CCU by:\n- From Chiayi Station: Taxi (around NT$500–600) or Bus 106 (around NT$47).\n- From Minxiong Station: Taxi, usually around NT$100–200.', '(Dalin)  No.2, Minsheng Rd., Dalin  Township, Chiayi County 622,  Taiwan  (05) 264-8000  (ext. 5920, 5921)  https://dalin.tzuchi- healthcare.org.tw/   Chiayi Christian  Hospital  No.539, Zhongxiao Rd., East  Dist, Chiayi City 600, Taiwan (05) 2764994 http://elearn2.cych.org.tw /1900/en/index.php  Chang Gung  Memorial Hospital  (Chiayi)  No.8, Sec. W., Jiapu Rd., Puzi  City, Chiayi County 613, Taiwan (05) 3621000 https://www.cgmh.org.tw/e ng/about/system  St. Martin De Porres  Hospital  No.565, Sec. 2, Daya Rd., East  Dist., Chiayi City 600, Taiwan (05) 2756555 https://www.stm.org.tw/s tm_en/  Huider Clinic  No. 281, Sec 1, University Road,  Minxiong Township, Chiayi  County 621, Taiwan  (05) 2721665 https://www.facebook.com /wedeclinic?locale=zh_TW CCU Campus Life    28        Eating-out  Besides enjoying your meals on campus restaurants, you also can find more  restaurants off the campus. For example, walking straight from the front gate of  CCU, you will find many restaurants, stands along two sides of']",The phone number for Da Mao Taxi Fleet near CCU is 05-2218577.,1.0,0.9999999999999992,0.9999999999,Llama3.1
How is the taxi fare typically calculated when calling a taxi near CCU?,"['Method 1: Take a taxi (fastest and most convenient)\nStep 1: Go to the taxi boarding area at the station exit. There is a taxi queue right outside THSR Chiayi Station, and no reservation is needed.\nStep 2: Take a taxi directly to CCU. The ride usually costs around NT$600. This is the best option if you have large luggage or prefer a faster and more comfortable trip.', '- Taxi: Around NT$600. This is convenient if you have heavy luggage.\n- Bus 106: Around NT$113. Board at the bus stop outside the HSR station and get off at the CCU stop.', 'Step 3: After arriving at Chiayi or Minxiong Station, you can reach CCU by:\n- From Chiayi Station: Taxi (around NT$500–600) or Bus 106 (around NT$47).\n- From Minxiong Station: Taxi, usually around NT$100–200.']","When calling a taxi near CCU, the taxi fare is typically calculated as follows: 
- From Chiayi Station: Taxi (around NT$500–600) or Bus 106 (around NT$47).
- From Minxiong Station: Taxi, usually around NT$100–200.",0.75,0.8595862384609285,0.9999999999666667,Llama3.1
How long must an international student reside in Taiwan before becoming eligible for NHI?,"['Newly arrived international students or overseas Chinese students must have resided in Taiwan continuously for six months before becoming eligible to join NHI.\n\nThe six-month period is calculated from the date the residence permit is issued. During this period, you may leave Taiwan only once, and the total number of days abroad must not exceed 29 days in total.', 'the first 6 months, we help you get medical insurance at first that  can cover your medical procedures in Taiwan.    II. National Health Insurance (NHI)  It is necessary to apply National Health Insurance for staying in Taiwan. According to  Taiwan National Health Insurance Act, only students who have stayed for more than 6  months are qualified for NHI. For example, if the date of issue on your ARC is on Mar ch  10th, the nearest date you can apply is Sep. 10th.    Registration  4.5 Applying for Resident Visa and  Alien Resident Certificate (ARC)    20     You are required to possess a Resident VISA and an ARC in order to stay in Taiwan for  studying. If you have obtained a Resident VISA before coming to Taiwan, you only need  to apply for an ARC when you arrive at CCU. This will make things easier. If you did  not  apply for a Resident VISA before coming to Taiwan, it is necessary that you apply for a  Resident VISA on your own and then the ARC.    For international students, the Alien Resident Certificate', 'the first 6 months, we help you get medical insurance at first that  can cover your medical procedures in Taiwan.    II. National Health Insurance (NHI)  It is necessary to apply National Health Insurance for staying in Taiwan. According to  Taiwan National Health Insurance Act, only students who have stayed for more than 6  months are qualified for NHI. For example, if the date of issue on your ARC is on Mar ch  10th, the nearest date you can apply is Sep. 10th.    Registration  4.5 Applying for Resident Visa and  Alien Resident Certificate (ARC)    20     You are required to possess a Resident VISA and an ARC in order to stay in Taiwan for  studying. If you have obtained a Resident VISA before coming to Taiwan, you only need  to apply for an ARC when you arrive at CCU. This will make things easier. If you did  not  apply for a Resident VISA before coming to Taiwan, it is necessary that you apply for a  Resident VISA on your own and then the ARC.    For international students, the Alien Resident Certificate']","According to the Taiwan National Health Insurance Act, only students who have stayed for more than 6 months are qualified for NHI. The six-month period is calculated from the date the residence permit is issued. During this six-month period, you may leave Taiwan only once, and the total number of days abroad must not exceed 29 days in total.",1.0,0.8250389167174327,0.9999999999666667,Llama3.1
How is the six-month residency period for NHI eligibility calculated?,"['Newly arrived international students or overseas Chinese students must have resided in Taiwan continuously for six months before becoming eligible to join NHI.\n\nThe six-month period is calculated from the date the residence permit is issued. During this period, you may leave Taiwan only once, and the total number of days abroad must not exceed 29 days in total.', 'don’t have NHI card) /  (826*6 months, for new students who have NHI card already)  Rent   a    room  On-campus  Accommodation Fee : 7,530  (Deposit 1,600 & Electricity Fees  2,000 per semester)  Accommodation Fee :  7,210 / 10,130  (Including Winter Vacation 1,100  / Summer Vacation 2,900 in the  payment sheet per semester)  (Deposit 1,600 & Electricity  Fees 2,000 per semester)  Winter Vacation : 1,130  (Deposit 600 & Electricity Fees 500)  Summer Vacation : 3,000  (Deposit 1,000 & Electricity Fees 1,000)  Network connection fees: 1,000  (per semester for on-campus dormitory)  300  (Fees for living in the dormitory during the Chinese New Year period)  Off-campus 21,000 ~ 33,000 (3,500 ~ 5,500 per month)  Computer lab fee  Bachelor 1,155 / Master 460 per semester  only pay for it in the first year (two semesters)  Living Expenses  around 54,000 (9,000 per month)  *Actual expenses depend on consumption habits of each person.  Currency Unit: NT (NT$28.89=US$1)           based on the rate on 2025/7/03      10', 'the first 6 months, we help you get medical insurance at first that  can cover your medical procedures in Taiwan.    II. National Health Insurance (NHI)  It is necessary to apply National Health Insurance for staying in Taiwan. According to  Taiwan National Health Insurance Act, only students who have stayed for more than 6  months are qualified for NHI. For example, if the date of issue on your ARC is on Mar ch  10th, the nearest date you can apply is Sep. 10th.    Registration  4.5 Applying for Resident Visa and  Alien Resident Certificate (ARC)    20     You are required to possess a Resident VISA and an ARC in order to stay in Taiwan for  studying. If you have obtained a Resident VISA before coming to Taiwan, you only need  to apply for an ARC when you arrive at CCU. This will make things easier. If you did  not  apply for a Resident VISA before coming to Taiwan, it is necessary that you apply for a  Resident VISA on your own and then the ARC.    For international students, the Alien Resident Certificate']","The six-month residency period for NHI eligibility is calculated from the date the residence permit is issued. During this period, you may leave Taiwan only once, and the total number of days abroad must not exceed 29 days in total.",1.0,0.9553456027257518,0.9999999999,Llama3.1
How many days can an international student spend abroad during the six-month NHI waiting period?,"['Newly arrived international students or overseas Chinese students must have resided in Taiwan continuously for six months before becoming eligible to join NHI.\n\nThe six-month period is calculated from the date the residence permit is issued. During this period, you may leave Taiwan only once, and the total number of days abroad must not exceed 29 days in total.', 'the first 6 months, we help you get medical insurance at first that  can cover your medical procedures in Taiwan.    II. National Health Insurance (NHI)  It is necessary to apply National Health Insurance for staying in Taiwan. According to  Taiwan National Health Insurance Act, only students who have stayed for more than 6  months are qualified for NHI. For example, if the date of issue on your ARC is on Mar ch  10th, the nearest date you can apply is Sep. 10th.    Registration  4.5 Applying for Resident Visa and  Alien Resident Certificate (ARC)    20     You are required to possess a Resident VISA and an ARC in order to stay in Taiwan for  studying. If you have obtained a Resident VISA before coming to Taiwan, you only need  to apply for an ARC when you arrive at CCU. This will make things easier. If you did  not  apply for a Resident VISA before coming to Taiwan, it is necessary that you apply for a  Resident VISA on your own and then the ARC.    For international students, the Alien Resident Certificate', 'the first 6 months, we help you get medical insurance at first that  can cover your medical procedures in Taiwan.    II. National Health Insurance (NHI)  It is necessary to apply National Health Insurance for staying in Taiwan. According to  Taiwan National Health Insurance Act, only students who have stayed for more than 6  months are qualified for NHI. For example, if the date of issue on your ARC is on Mar ch  10th, the nearest date you can apply is Sep. 10th.    Registration  4.5 Applying for Resident Visa and  Alien Resident Certificate (ARC)    20     You are required to possess a Resident VISA and an ARC in order to stay in Taiwan for  studying. If you have obtained a Resident VISA before coming to Taiwan, you only need  to apply for an ARC when you arrive at CCU. This will make things easier. If you did  not  apply for a Resident VISA before coming to Taiwan, it is necessary that you apply for a  Resident VISA on your own and then the ARC.    For international students, the Alien Resident Certificate']","According to the Taiwan National Health Insurance Act, only students who have stayed for more than 6 months are qualified for NHI. During the six-month period, you may leave Taiwan only once, and the total number of days abroad must not exceed 29 days in total.",1.0,0.606520809505485,0.9999999999,Llama3.1
When might an international student need to enroll in NHI on their own instead of through the university?,"['If you are not enrolled through the university, you may choose to enroll in NHI on your own.\n\nIn this case, you must apply at the district office of your place of residence or an NHI branch office. After receiving the payment notice, you are required to pay the monthly premium yourself.', 'Newly arrived international students or overseas Chinese students must have resided in Taiwan continuously for six months before becoming eligible to join NHI.\n\nThe six-month period is calculated from the date the residence permit is issued. During this period, you may leave Taiwan only once, and the total number of days abroad must not exceed 29 days in total.', 'Self-enrollment usually occurs when the school has not yet processed NHI enrollment or when you have left the school but remain in Taiwan.']","When might an international student need to enroll in NHI on their own instead of through the university?

Self-enrollment usually occurs when the school has not yet processed NHI enrollment or when you have left the school but remain in Taiwan.",1.0,0.9787139060084257,0.9999999999666667,Llama3.1
How many days before a Visitor Visa expires should an international student apply for an ARC?,"['International students must apply for an ARC 15 to 30 days before their Visitor Visa expires. This time window is very important. If you apply after the visa has expired, it may affect your residency status and could even require you to leave Taiwan and reapply.', 'VISA before coming to Taiwan, it is necessary that you apply for a  Resident VISA on your own and then the ARC.    For international students, the Alien Resident Certificate (ARC) serves as their temporary  ID card which can prove their resident status in Taiwan. Please remember to apply for the  Alien Resident Certificate at the local office of Ministry of Interior National Immigration  Agency on the next day upon arrival or within 30 days of the issue of your resident visa.  International students must apply for ARC extension within three months before the  expiration date. If the ARC expires during the summer vacation (from July to September),  students are allowed to apply for extension from the 1st of April. For over -staying  foreigners who did not apply for ARC extension, their residence will be ceased by the  authorized agency, and they may be expelled from Taiwan.    I. Required documents for applying Resident  Visa  1. A signed application form  2. The original and photocopy of your passport  3.', 'apply for a Resident VISA before coming to Taiwan, it is necessary that you apply for a  Resident VISA on your own and then the ARC.    For international students, the Alien Resident Certificate (ARC) serves as their temporary  ID card which can prove their resident status in Taiwan. Please remember to apply for the  Alien Resident Certificate at the local office of Ministry of Interior National Immigration  Agency on the next day upon arrival or within 30 days of the issue of your resident visa.  International students must apply for ARC extension within three months before the  expiration date. If the ARC expires during the summer vacation (from July to September),  students are allowed to apply for extension from the 1st of April. For over -staying  foreigners who did not apply for ARC extension, their residence will be ceased by the  authorized agency, and they may be expelled from Taiwan.    I. Required documents for applying Resident  Visa  1. A signed application form  2. The original and photocopy']",International students must apply for an Alien Resident Certificate (ARC) 15 to 30 days before their Visitor Visa expires. This is to ensure their residency status is not affected.,1.0,0.814493069435111,0.9999999999,Llama3.1
Are TEEP program interns eligible to convert their Visitor Visa to an ARC?,"['Please note that interns under the TEEP program are not eligible to apply for an ARC. Even if they are in Taiwan for short-term research or exchange, they cannot obtain an ARC through this pathway.', 'Any international student who has been formally admitted to and is enrolled in a university or college approved by Taiwan’s Ministry of Education to admit international students is eligible to apply for converting a Visitor Visa to an ARC. National Chung Cheng University is an MOE-approved institution, so international students who are officially enrolled are generally eligible to', 'VISA before coming to Taiwan, it is necessary that you apply for a  Resident VISA on your own and then the ARC.    For international students, the Alien Resident Certificate (ARC) serves as their temporary  ID card which can prove their resident status in Taiwan. Please remember to apply for the  Alien Resident Certificate at the local office of Ministry of Interior National Immigration  Agency on the next day upon arrival or within 30 days of the issue of your resident visa.  International students must apply for ARC extension within three months before the  expiration date. If the ARC expires during the summer vacation (from July to September),  students are allowed to apply for extension from the 1st of April. For over -staying  foreigners who did not apply for ARC extension, their residence will be ceased by the  authorized agency, and they may be expelled from Taiwan.    I. Required documents for applying Resident  Visa  1. A signed application form  2. The original and photocopy of your passport  3.']","Sorry, I am not sure about it. Maybe you could turn to OIA for help.",0.0,0.0,0.9999999999,Llama3.1
Can international students open a bank account in Taiwan?,"['Opening a bank account in Taiwan is not legally mandatory. However, international students who plan to stay in Taiwan for a longer period are usually advised to open one.', 'As long as you hold a valid Alien Resident Certificate (ARC), international students can open a bank account in Taiwan.', 'Based on practical experience, Taiwan’s post offices and some large commercial banks are relatively familiar with international students, and their account opening processes are usually smoother.']","Opening a bank account in Taiwan is not legally mandatory. However, international students who plan to stay in Taiwan for a longer period are usually advised to open one. As long as you hold a valid Alien Resident Certificate (ARC), international students can open a bank account in Taiwan. Taiwan’s post offices and some large commercial banks are relatively familiar with international students, and their account opening processes are usually smoother.",1.0,0.9439667896474829,0.9999999999666667,Llama3.1
Is it legally mandatory for international students to open a Taiwanese bank account?,"['Opening a bank account in Taiwan is not legally mandatory. However, international students who plan to stay in Taiwan for a longer period are usually advised to open one.', 'As long as you hold a valid Alien Resident Certificate (ARC), international students can open a bank account in Taiwan.', 'Based on practical experience, Taiwan’s post offices and some large commercial banks are relatively familiar with international students, and their account opening processes are usually smoother.']","Opening a bank account in Taiwan is not legally mandatory. However, international students who plan to stay in Taiwan for a longer period are usually advised to open one. As long as you hold a valid Alien Resident Certificate (ARC), international students can open a bank account in Taiwan. Taiwan’s post offices and some large commercial banks are relatively familiar with international students, and their account opening processes are usually smoother.",1.0,0.9835291297417044,0.9999999999666667,Llama3.1
Do all banks in Taiwan allow international students to open an account with a signature instead of a personal seal?,"['Traditionally, Taiwanese banks often used personal seals when opening accounts, but some banks now allow account opening with a signature only.', 'Opening a bank account in Taiwan is not legally mandatory. However, international students who plan to stay in Taiwan for a longer period are usually advised to open one.', 'As long as you hold a valid Alien Resident Certificate (ARC), international students can open a bank account in Taiwan.']","Some banks in Taiwan allow account opening with a signature only, not requiring a personal seal.",1.0,0.7804392414606861,0.9999999999,Llama3.1
Can international students borrow books from the CCU Library?,"['As long as you are a currently enrolled student at National Chung Cheng University, you can use your student ID to borrow books from the CCU Library, regardless of whether you are an international student.', 'Students may borrow home-use audiovisual materials from the CCU Library, with a maximum of 4 items at a time. The loan period for these materials is 7 days.\n\nIf audiovisual materials are needed for student clubs or events and are approved by the relevant units, public-performance versions may also be borrowed according to library regulations.', 'International students have the same borrowing privileges as local students and do not need to apply separately to borrow books or use library resources.']","International students can borrow books from the CCU Library as long as they are currently enrolled students at National Chung Cheng University. They can use their student ID to borrow books, and the loan period is not specified in the context. However, they can borrow home-use audiovisual materials with a maximum of 4 items at a time, and the loan period is 7 days.",1.0,0.950942121780909,0.8333333332916666,Llama3.1
What are the opening hours for self-study rooms on weekday evenings during the semester?,"['During the semester, self-study rooms are open from Monday to Thursday between 9:00 p.m. and 1:00 a.m., and from Friday at 9:00 p.m. continuously until Monday at 9:00 a.m.', 'One week before midterm and final exams, as well as during exam weeks, the self-study rooms are open 24 hours.\n\nDuring winter and summer breaks, opening hours are adjusted flexibly according to library announcements.', 'The CCU Library provides self-study rooms, research carrels, and discussion rooms to meet different student needs.\n\nSelf-study rooms are designed for quiet study. Students may enter by scanning their student ID during opening hours and select seats through the system.']","During the semester, the self-study rooms are open from Monday to Thursday between 9:00 p.m. and 1:00 a.m., and from Friday at 9:00 p.m. continuously until Monday at 9:00 a.m.",1.0,0.9475189572606878,0.9999999999,Llama3.1
When are the self-study rooms open 24 hours at CCU?,"['During the semester, self-study rooms are open from Monday to Thursday between 9:00 p.m. and 1:00 a.m., and from Friday at 9:00 p.m. continuously until Monday at 9:00 a.m.', 'One week before midterm and final exams, as well as during exam weeks, the self-study rooms are open 24 hours.\n\nDuring winter and summer breaks, opening hours are adjusted flexibly according to library announcements.', ""may cause crawling insects, and destroy  environmental  cleanliness; improper use of cell phone may affect the rights of others.  ⚫ Violator of these regulations is subject to mark down of points, and may  lose the borrowing privilege, access to audio -visual center, and access  to library facilities!   CCU Campus Life    32      The layout of each floor is as follows:  https://lib.ccu.edu.tw/p/426-1011-57.php?Lang=zh-tw    Basement Study room (open for 24 hours during the midterm and finals  weeks)  1st floor  Audio-Visual Center, Cafeteria, Offices of Acquisition and  Cataloging Division, Audio -Visual Resources Division, Center  of language study, Center of cultural events  2nd floor  General Information Desk, Reference Desk, Circulation Desk,  Database Research Area, Reference Materials, Microform  Materials, Current Journals, Photocopy Room, Office of  Reader's Services Division  3rd floor Newspapers Reading Area, Bound Western Journals, Art  Exhibition Hall, Study Carrels  4th floor Bound East-Asian""]",The self-study rooms are open 24 hours during the midterm and finals weeks.,1.0,0.8683083274267976,0.5833333333041666,Llama3.1
Are self-study rooms open during winter and summer breaks?,"['One week before midterm and final exams, as well as during exam weeks, the self-study rooms are open 24 hours.\n\nDuring winter and summer breaks, opening hours are adjusted flexibly according to library announcements.', 'During the semester, self-study rooms are open from Monday to Thursday between 9:00 p.m. and 1:00 a.m., and from Friday at 9:00 p.m. continuously until Monday at 9:00 a.m.', 'The CCU Library provides self-study rooms, research carrels, and discussion rooms to meet different student needs.\n\nSelf-study rooms are designed for quiet study. Students may enter by scanning their student ID during opening hours and select seats through the system.']","During winter and summer breaks, the self-study rooms are open with adjusted hours according to library announcements.",1.0,0.9516629167474515,0.9999999999,Llama3.1
"Is eating or drinking allowed in self-study rooms, discussion rooms, or research carrels?","['The CCU Library provides self-study rooms, research carrels, and discussion rooms to meet different student needs.\n\nSelf-study rooms are designed for quiet study. Students may enter by scanning their student ID during opening hours and select seats through the system.', 'Discussion rooms are suitable for group discussions or presentation practice. Use of these rooms requires borrowing a key from the service counter and is subject to limits on the number of users and usage time.\n\nResearch carrels are intended for individual research use and require eligibility and application through the library.', 'Research carrels are for individual use only.\n\nSharing the space with others, transferring usage rights, or lending the key to another person is not allowed.']","Eating and drinking are not allowed in self-study rooms, discussion rooms, or research carrels. This is because research carrels are for individual use only and sharing the space with others, transferring usage rights, or lending the key to another person is not allowed.",0.5714285714285714,0.9434560405011309,0.0,Llama3.1
What happens if a student violates the food and drink policy in CCU library spaces?,"['Eating, drinking, smoking, or any behavior that may disturb others is prohibited in these spaces.\n\nViolators may have their usage privileges suspended according to library regulations.', 'the books you borrow are  reserved by others.  4. To protect your privilege, you are recommended to check your borrowing  status every 10 days at the following site   ( https://lib.ccu.edu.tw/ ).  5. Method: Library Home Page & Select「My Account/Renew」.  (https://idm.lib.ccu.edu.tw/sso/idm/saml2/login/?next=/saml2/idp/logi n /process/).  6. Use email for receiving library announcement  ⚫ To protect the environment, it is preferred to reduce the paper used by  announcements.  ⚫ School library does not have record of your email address. You will have  to register yourself.  ⚫ Method: Log in school website → Select「個人借閱查詢」→ Login  → Select「修改住址/E-mail」.  7. Food and beverage are not allowed in the library.  8. Please turn your cell phone to vibration mode in the library  ⚫ Food residuals may cause crawling insects, and destroy  environmental  cleanliness; improper use of cell phone may affect the rights of others.  ⚫ Violator of these regulations is subject to mark down of points, and may  lose the borrowing', ""may cause crawling insects, and destroy  environmental  cleanliness; improper use of cell phone may affect the rights of others.  ⚫ Violator of these regulations is subject to mark down of points, and may  lose the borrowing privilege, access to audio -visual center, and access  to library facilities!   CCU Campus Life    32      The layout of each floor is as follows:  https://lib.ccu.edu.tw/p/426-1011-57.php?Lang=zh-tw    Basement Study room (open for 24 hours during the midterm and finals  weeks)  1st floor  Audio-Visual Center, Cafeteria, Offices of Acquisition and  Cataloging Division, Audio -Visual Resources Division, Center  of language study, Center of cultural events  2nd floor  General Information Desk, Reference Desk, Circulation Desk,  Database Research Area, Reference Materials, Microform  Materials, Current Journals, Photocopy Room, Office of  Reader's Services Division  3rd floor Newspapers Reading Area, Bound Western Journals, Art  Exhibition Hall, Study Carrels  4th floor Bound East-Asian""]","If a student violates the food and drink policy in CCU library spaces, they may have their usage privileges suspended according to library regulations.",1.0,0.9890327135116586,0.9999999999666667,Llama3.1
How long after your reserved time do you have to check in for a discussion room at the CCU Library?,"['After making a reservation for a discussion room, you must check in and pick up the key at the service counter within 15 minutes of the reserved time.', 'To borrow a discussion room, you must present your student ID at the service counter to borrow the room key.\n\nEach session allows up to four hours of use. If there is no subsequent reservation, you may renew the usage according to library regulations.', 'The CCU Library provides self-study rooms, research carrels, and discussion rooms to meet different student needs.\n\nSelf-study rooms are designed for quiet study. Students may enter by scanning their student ID during opening hours and select seats through the system.']",You must check in for a discussion room at the CCU Library within 15 minutes of the reserved time.,1.0,0.9013336288541008,0.9999999999,Llama3.1
What happens to your discussion room reservation if you are more than 15 minutes late?,"['After making a reservation for a discussion room, you must check in and pick up the key at the service counter within 15 minutes of the reserved time.', 'If you fail to do so within the required time, the reservation will be considered forfeited, and the library will release the room for use by other students.', 'Please note that if you repeatedly fail to collect reserved items within the holding period, your reservation privileges may be temporarily suspended. Be sure to pay attention to notifications after placing a reservation.']","If you are more than 15 minutes late, your reservation will be considered forfeited, and the library will release the room for use by other students.",1.0,0.8674614757467971,0.99999999995,Llama3.1
What can you do if the book you want to borrow is already checked out by another student?,"['the books you borrow are  reserved by others.  4. To protect your privilege, you are recommended to check your borrowing  status every 10 days at the following site   ( https://lib.ccu.edu.tw/ ).  5. Method: Library Home Page & Select「My Account/Renew」.  (https://idm.lib.ccu.edu.tw/sso/idm/saml2/login/?next=/saml2/idp/logi n /process/).  6. Use email for receiving library announcement  ⚫ To protect the environment, it is preferred to reduce the paper used by  announcements.  ⚫ School library does not have record of your email address. You will have  to register yourself.  ⚫ Method: Log in school website → Select「個人借閱查詢」→ Login  → Select「修改住址/E-mail」.  7. Food and beverage are not allowed in the library.  8. Please turn your cell phone to vibration mode in the library  ⚫ Food residuals may cause crawling insects, and destroy  environmental  cleanliness; improper use of cell phone may affect the rights of others.  ⚫ Violator of these regulations is subject to mark down of points, and may  lose the borrowing', 'If there are no reservations by other users, students may renew borrowed books online before the due date.', 'Compensation is usually handled by purchasing a replacement copy or following the library’s established compensation standards.\n\nBorrowing privileges will be suspended until the compensation process is fully completed.']","If the book you want to borrow is already checked out by another student, you can check your borrowing status every 10 days at the following site (https://lib.ccu.edu.tw/). Select ""My Account/Renew"" to see if the book can be renewed.",0.3333333333333333,0.8882692950006038,0.9999999999,Llama3.1
How many days does the library hold a reserved book after it is returned?,"['You can use the library’s reservation service when a book is currently checked out.\n\nAfter you place a reservation and the item is returned, the library will notify you and hold the book for 7 days for you to pick up.', 'If no other user has reserved the materials, the usage time may be extended according to library regulations.', 'Materials such as reference books, journals, newspapers, course reserves designated by professors, and special collections like maps or microforms are generally for in-library use only.\n\nFor course reserve books, students may register at the service counter with their student ID and borrow up to 4 items for 2 hours of in-library use.']",The library will hold a reserved book for 7 days after it is returned.,1.0,0.9726003822528934,0.9999999999,Llama3.1
What may happen if you repeatedly fail to collect reserved items on time?,"['Please note that if you repeatedly fail to collect reserved items within the holding period, your reservation privileges may be temporarily suspended. Be sure to pay attention to notifications after placing a reservation.', 'If you fail to do so within the required time, the reservation will be considered forfeited, and the library will release the room for use by other students.', 'If no other user has reserved the materials, the usage time may be extended according to library regulations.']","If you repeatedly fail to collect reserved items on time, your reservation privileges may be temporarily suspended. The reservation will be considered forfeited, and the library will release the room for use by other students. If no other user has reserved the materials, the usage time may be extended according to library regulations.",1.0,0.8707805238965811,0.99999999995,Llama3.1
What is the overdue fine for a regular book at the CCU Library?,"['If items are returned late, the library will charge overdue fines.\n\nFor regular books, the overdue fine is NT$5 per item per day. For audiovisual materials, the fine is NT$20 per item per day.\n\nThe maximum fine per item is NT$1,000. However, the total amount may accumulate if multiple items are overdue.', 'Before completing graduation or departure procedures, students must return all borrowed library materials and pay any overdue fines or compensation fees.\n\nIf these requirements are not fulfilled, the graduation or departure process cannot be completed.', 'Students may borrow home-use audiovisual materials from the CCU Library, with a maximum of 4 items at a time. The loan period for these materials is 7 days.\n\nIf audiovisual materials are needed for student clubs or events and are approved by the relevant units, public-performance versions may also be borrowed according to library regulations.']",The overdue fine for a regular book at the CCU Library is NT$5 per item per day.,1.0,0.9999999999999991,0.9999999999,Llama3.1
What is the overdue fine per day for audiovisual materials at the CCU Library?,"['If items are returned late, the library will charge overdue fines.\n\nFor regular books, the overdue fine is NT$5 per item per day. For audiovisual materials, the fine is NT$20 per item per day.\n\nThe maximum fine per item is NT$1,000. However, the total amount may accumulate if multiple items are overdue.', 'Students may borrow home-use audiovisual materials from the CCU Library, with a maximum of 4 items at a time. The loan period for these materials is 7 days.\n\nIf audiovisual materials are needed for student clubs or events and are approved by the relevant units, public-performance versions may also be borrowed according to library regulations.', ""may cause crawling insects, and destroy  environmental  cleanliness; improper use of cell phone may affect the rights of others.  ⚫ Violator of these regulations is subject to mark down of points, and may  lose the borrowing privilege, access to audio -visual center, and access  to library facilities!   CCU Campus Life    32      The layout of each floor is as follows:  https://lib.ccu.edu.tw/p/426-1011-57.php?Lang=zh-tw    Basement Study room (open for 24 hours during the midterm and finals  weeks)  1st floor  Audio-Visual Center, Cafeteria, Offices of Acquisition and  Cataloging Division, Audio -Visual Resources Division, Center  of language study, Center of cultural events  2nd floor  General Information Desk, Reference Desk, Circulation Desk,  Database Research Area, Reference Materials, Microform  Materials, Current Journals, Photocopy Room, Office of  Reader's Services Division  3rd floor Newspapers Reading Area, Bound Western Journals, Art  Exhibition Hall, Study Carrels  4th floor Bound East-Asian""]",The overdue fine for audiovisual materials at the CCU Library is NT$20 per item per day.,1.0,0.9621152886623117,0.9999999999,Llama3.1
What is the maximum overdue fine per item at the CCU Library?,"['If items are returned late, the library will charge overdue fines.\n\nFor regular books, the overdue fine is NT$5 per item per day. For audiovisual materials, the fine is NT$20 per item per day.\n\nThe maximum fine per item is NT$1,000. However, the total amount may accumulate if multiple items are overdue.', 'Students may borrow home-use audiovisual materials from the CCU Library, with a maximum of 4 items at a time. The loan period for these materials is 7 days.\n\nIf audiovisual materials are needed for student clubs or events and are approved by the relevant units, public-performance versions may also be borrowed according to library regulations.', ""may cause crawling insects, and destroy  environmental  cleanliness; improper use of cell phone may affect the rights of others.  ⚫ Violator of these regulations is subject to mark down of points, and may  lose the borrowing privilege, access to audio -visual center, and access  to library facilities!   CCU Campus Life    32      The layout of each floor is as follows:  https://lib.ccu.edu.tw/p/426-1011-57.php?Lang=zh-tw    Basement Study room (open for 24 hours during the midterm and finals  weeks)  1st floor  Audio-Visual Center, Cafeteria, Offices of Acquisition and  Cataloging Division, Audio -Visual Resources Division, Center  of language study, Center of cultural events  2nd floor  General Information Desk, Reference Desk, Circulation Desk,  Database Research Area, Reference Materials, Microform  Materials, Current Journals, Photocopy Room, Office of  Reader's Services Division  3rd floor Newspapers Reading Area, Bound Western Journals, Art  Exhibition Hall, Study Carrels  4th floor Bound East-Asian""]","The maximum overdue fine per item at the CCU Library is NT$1,000.",1.0,0.9999999999999994,0.9999999999,Llama3.1
What happens to your borrowing privileges if you have overdue items or unpaid fines?,"['If you have overdue items or unpaid fines, your borrowing privileges will be temporarily suspended until the issue is resolved.', 'As long as all borrowed items are returned by the specified deadlines, no overdue fees will be charged.', 'If items are returned late, the library will charge overdue fines.\n\nFor regular books, the overdue fine is NT$5 per item per day. For audiovisual materials, the fine is NT$20 per item per day.\n\nThe maximum fine per item is NT$1,000. However, the total amount may accumulate if multiple items are overdue.']","If you have overdue items or unpaid fines, your borrowing privileges will be temporarily suspended until the issue is resolved.",1.0,0.9999999999999999,0.9999999999,Llama3.1
What should you do if you accidentally lose or damage a library book?,"['If library books or equipment are lost, stained, or damaged, students are required to provide compensation according to library regulations.', 'the books you borrow are  reserved by others.  4. To protect your privilege, you are recommended to check your borrowing  status every 10 days at the following site   ( https://lib.ccu.edu.tw/ ).  5. Method: Library Home Page & Select「My Account/Renew」.  (https://idm.lib.ccu.edu.tw/sso/idm/saml2/login/?next=/saml2/idp/logi n /process/).  6. Use email for receiving library announcement  ⚫ To protect the environment, it is preferred to reduce the paper used by  announcements.  ⚫ School library does not have record of your email address. You will have  to register yourself.  ⚫ Method: Log in school website → Select「個人借閱查詢」→ Login  → Select「修改住址/E-mail」.  7. Food and beverage are not allowed in the library.  8. Please turn your cell phone to vibration mode in the library  ⚫ Food residuals may cause crawling insects, and destroy  environmental  cleanliness; improper use of cell phone may affect the rights of others.  ⚫ Violator of these regulations is subject to mark down of points, and may  lose the borrowing', 'If you borrowed a key, remember to return it to the service counter. Please also take all personal belongings with you, as the library is not responsible for safekeeping.']","If you accidentally lose or damage a library book, you are required to provide compensation according to library regulations.",1.0,0.9219476698314294,0.9999999999,Llama3.1
How much is the monthly NHI premium for international students?,"['The current NHI premium for international students is NT$826 per month.\n\nThe school will include the premium in your semester tuition and fees bill, which you pay during registration.\n\nFor the first semester, premiums are charged from September to February of the following year. For the second semester, premiums are charged from March to August.', 'don’t have NHI card) /  (826*6 months, for new students who have NHI card already)  Rent   a    room  On-campus  Accommodation Fee : 7,530  (Deposit 1,600 & Electricity Fees  2,000 per semester)  Accommodation Fee :  7,210 / 10,130  (Including Winter Vacation 1,100  / Summer Vacation 2,900 in the  payment sheet per semester)  (Deposit 1,600 & Electricity  Fees 2,000 per semester)  Winter Vacation : 1,130  (Deposit 600 & Electricity Fees 500)  Summer Vacation : 3,000  (Deposit 1,000 & Electricity Fees 1,000)  Network connection fees: 1,000  (per semester for on-campus dormitory)  300  (Fees for living in the dormitory during the Chinese New Year period)  Off-campus 21,000 ~ 33,000 (3,500 ~ 5,500 per month)  Computer lab fee  Bachelor 1,155 / Master 460 per semester  only pay for it in the first year (two semesters)  Living Expenses  around 54,000 (9,000 per month)  *Actual expenses depend on consumption habits of each person.  Currency Unit: NT (NT$28.89=US$1)           based on the rate on 2025/7/03      10', '(Except for Department of  Psychology/Communications/Information  Management/Athletic Sports)      30,400      17,854      48,254  For undergraduate students who delay their study period or graduate students who enroll  from the 5th  to the last semesters, they shall pay the miscellaneous fees 20,106 and the credit  fees (3,015 per credit) with no more than 9 credits; if they take 10 credits and more then  they  shall pay for the total tuition and miscellaneous fees.    Currency Unit: NT (NT$28.89=US$1)  based on the rate on 2025/7/03          Pre-departure Checklist  2.2 Estimated Fees and Expenses  (per semester)    9           Item Undergraduate Students Graduate Students  Student Insurance Plan 313    Cathay Medical Insurance /  National Health Insurance  3,000 / 4,956  (500*6 months, for new students who don’t have NHI card) /  (826*6 months, for new students who have NHI card already)  Rent   a    room  On-campus  Accommodation Fee : 7,530  (Deposit 1,600 & Electricity Fees  2,000 per semester)']",The monthly NHI premium for international students is NT$ 136.67 (NT$ 826 / 6 months).,0.0,0.9342682327120811,0.9999999999666667,Llama3.1
How is the NHI premium paid for international students enrolled at CCU?,"['The current NHI premium for international students is NT$826 per month.\n\nThe school will include the premium in your semester tuition and fees bill, which you pay during registration.\n\nFor the first semester, premiums are charged from September to February of the following year. For the second semester, premiums are charged from March to August.', '(Except for Department of  Psychology/Communications/Information  Management/Athletic Sports)      30,400      17,854      48,254  For undergraduate students who delay their study period or graduate students who enroll  from the 5th  to the last semesters, they shall pay the miscellaneous fees 20,106 and the credit  fees (3,015 per credit) with no more than 9 credits; if they take 10 credits and more then  they  shall pay for the total tuition and miscellaneous fees.    Currency Unit: NT (NT$28.89=US$1)  based on the rate on 2025/7/03          Pre-departure Checklist  2.2 Estimated Fees and Expenses  (per semester)    9           Item Undergraduate Students Graduate Students  Student Insurance Plan 313    Cathay Medical Insurance /  National Health Insurance  3,000 / 4,956  (500*6 months, for new students who don’t have NHI card) /  (826*6 months, for new students who have NHI card already)  Rent   a    room  On-campus  Accommodation Fee : 7,530  (Deposit 1,600 & Electricity Fees  2,000 per semester)', 'Expenses  around 54,000 (9,000 per month)  *Actual expenses depend on consumption habits of each person.  Currency Unit: NT (NT$28.89=US$1)           based on the rate on 2025/7/03      10                                03  Accommodation Accommodation    11     1. On-campus accommodation is guaranteed for international students. The first- year-students don’t need to apply; the CCU Office of International Affairs will  arrange it for you . However, your dormitory room will be assigned ; you are  unable to choose your own rooms or roommates.  2. Your dormitory room is not equipped with mattress, pillow, and quilt.  3. Besides the dormitory fee, each one of  you has to pay a residence deposit of  NT$1,600 and an electricity cha rge of NT$ 2,000, a total of NT$3, 600 (not  included in CCU scholarship). You will get an IC card saved with NT$1,000 to use  for the electricity cost of your room. If the amount of NT$1,000 runs out, you  should go to the Dormitory Service Center, with your card & money, to recharge']","The NHI premium for international students enrolled at CCU is included in your semester tuition and fees bill, which you pay during registration. The premium is NT$826 per month, and it is charged for 6 months. For the first semester, premiums are charged from September to February of the following year. For the second semester, premiums are charged from March to August.",1.0,0.9682676455057077,0.99999999995,Llama3.1
What is the difference between having and not having an NHI card when visiting a doctor?,"['Without an NHI card, medical visits are fully self-paid, meaning you must cover all costs, including consultations, examinations, and medications. The overall expense will be significantly higher.', 'The biggest difference is the medical cost.\n\nWith an NHI card, you only need to pay a small registration fee and copayment, which is relatively inexpensive.', 'After joining NHI, when you become ill, injured, or need medical care, you can visit NHI-contracted clinics or hospitals to receive outpatient services, inpatient care, and prescribed medications.\n\nSome preventive care services, such as adult health checkups, are also included under NHI coverage.']","The biggest difference is the medical cost. Without an NHI card, medical visits are fully self-paid, meaning you must cover all costs, including consultations, examinations, and medications. The overall expense will be significantly higher. With an NHI card, you only need to pay a small registration fee and copayment, which is relatively inexpensive.",1.0,0.8993970599674213,0.9999999999666667,Llama3.1
What documents are needed for self-enrollment in NHI?,"['For self-enrollment in NHI, you usually need to fill out an NHI IC card application form.\n\nYou should also prepare the original and a copy of your residence permit, as well as one recent 2-inch color photo with a white background.', 'It is recommended to bring your NHI card if you already have one, your student ID or other identification, and enough cash or a valid payment method.', 'If you are not enrolled through the university, you may choose to enroll in NHI on your own.\n\nIn this case, you must apply at the district office of your place of residence or an NHI branch office. After receiving the payment notice, you are required to pay the monthly premium yourself.']","To self-enroll in NHI, you need to fill out an NHI IC card application form. You should also prepare the original and a copy of your residence permit, as well as one recent 2-inch color photo with a white background. It is recommended to bring your NHI card if you already have one, your student ID or other identification, and enough cash or a valid payment method.",1.0,0.9828524838645185,0.99999999995,Llama3.1
Which office at CCU notifies students when they are eligible to join NHI?,"['Once you are eligible, the university will assist you with the NHI application.\n\nThe Office of Student Affairs will notify you by email and ask you to provide your residence permit information and a 2-inch half-body photo in digital format. The school will then apply for the NHI IC card on your behalf.', 'Again, welcome to CCU and we are looking forward to seeing you on campus soon.    Best regards,    Office of International Affairs  National Chung Cheng University        Welcome to CCU!          3    01  CCU’s Calendar  for  Fall Semester  2025  CCU’s Calendar for Fall Semester 2025  國立中正大學 114 學年度第 1 學期行事曆     4   The academic calendar for CCU(114 學年度行事曆) is available at this website.   https://oia.ccu.edu.tw/p/405-1008-63090,c1425.php?Lang=en    Date 日期 Event  行事  2025.08.29 (Fri.)  Leave-School Deadline for Graduate students who have passed the  Degree Examinations in the 2025 Spring semester  第 2 學期完成學位考試之研究生離校截止日  Dormitory move-in day 學生宿舍進住日  2025.09.01 (Mon.) ~  2025.09.05 (Fri.)  Registration week for new students 新生註冊週  2025.09.01 (Mon.) ~  2025.09.15 (Mon.)  Application of transferring new and in-service students’credits  新生(含專班)抵免學分申請  2025.09.03 (Wed.) On-campus health examination for freshman 校內新生體檢  2025.09.03 (Wed.) ~  2025.09.05 (Fri.)  First Course Selection for New Students (including', 'to CCU and we are looking forward to seeing you on campus soon.    Best regards,    Office of International Affairs  National Chung Cheng University        Welcome to CCU!          3    01  CCU’s Calendar  for  Spring Semester  2026  CCU’s Calendar for Spring Semester 2026 國立中正大學 114 學年度第 2 學期行事曆  4  The academic calendar for CCU(114 學年度行事曆) is available at this website.  https://oia.ccu.edu.tw/p/405-1008-63090,c1425.php?Lang=en  Date 日期 Event  行事  2026.02.20 (Mon.)  Spring semester begins 第 2 學期開始 Dormitory move-in day 學生宿舍進住日  2026.02.23 (Mon.) New Student Registration 新生註冊  2026.02.23 (Mon.) ~ 2026.03.06 (Fri.)  First Course Selection for New Students (including Special Programs) 新生(含專班)第一階段選課  2026.02.25 (Wed.) 2026 Spring welcome orientation for international students 新生說明會  2026.02.27 (Fri.) ~ 2026.02.28 (Sat.)  Peace Memorial Day (day off) 二二八和平紀念日(放假)  2026.03.16 (Mon.)  Deadline for Students to Submit ""Waiver of Student Group Insurance"" 繳交「不參加學生團體保險切結書」截止日  2026.04.01 (Wed.)  Deadline for']",The Office of Student Affairs will notify you by email when you are eligible to join NHI. They will ask you to provide your residence permit information and a 2-inch half-body photo in digital format.,1.0,0.7276777310277339,0.9999999999,Llama3.1
How long does it take to receive the NHI IC card after the university submits the application?,"['After submission, it usually takes about two weeks for the NHI card to be mailed to the address you provided.', 'These documents are used to apply for or produce your NHI IC card.', 'Once you are eligible, the university will assist you with the NHI application.\n\nThe Office of Student Affairs will notify you by email and ask you to provide your residence permit information and a 2-inch half-body photo in digital format. The school will then apply for the NHI IC card on your behalf.']",It usually takes about two weeks for the NHI card to be mailed to the address you provided after the university submits the application.,1.0,0.9262235567722006,0.9999999999,Llama3.1
Within how many years from an accident can a student file an insurance claim?,"['Step 4: Pay attention to the application deadline. Claims can be filed within 2 years from the date of the accident. However, the university recommends allowing at least 30 days for processing and avoiding late submissions.', '1. Insurance Claim Application Form. For applicants under 18 years old, a legal guardian’s signature is required.\n2. Medical Certificate (original).\n3. Medical expense receipts (original or copy). Copies must be stamped by the medical institution as ""consistent with the original,"" along with detailed expense statements.\n4. Proof of payment for the student insurance premium for the semester in which the accident occurred. This should be printed from the Bank of Taiwan tuition and fees payment portal.', 'to apply for either one of them. Please refer to the following website for  details: https://www.nhi.gov.tw/en/mp-2.html    I. Short-term Medical and Injury Insurance  According to Article 21 of the MOE Regulations Regarding International Students  Undertaking Studies in Taiwan, ""At the time of registration a new international student  shall present proof of a medical and injury insurance policy which is valid for at least 6  months from the date the student enters Taiwan. Current student shall present written  proof that they have jo ined Taiwan’s the National Health Insurance Plan. The above- mentioned written proof of insurance issued in foreign country shall be verified by the  ‘Overseas Agencies’.”  Since you can only get NHI after 6 months of your arrival, in order to safeguard your right  to health care during the first 6 months, we help you get medical insurance at first that  can cover your medical procedures in Taiwan.    II. National Health Insurance (NHI)  It is necessary to apply National Health']","Within 2 years from the date of the accident, a student can file an insurance claim.",1.0,0.9472459854009668,0.9999999999,Llama3.1
What documents should you keep after receiving medical treatment for an insurance claim?,"['You can think of the insurance claim process as: seek medical treatment and collect documents, fill out the claim application form, then submit and wait for review.\n\nStep 1: Complete your medical treatment first and keep all related documents, such as medical certificates, receipts, and detailed expense statements.', '1. Insurance Claim Application Form. For applicants under 18 years old, a legal guardian’s signature is required.\n2. Medical Certificate (original).\n3. Medical expense receipts (original or copy). Copies must be stamped by the medical institution as ""consistent with the original,"" along with detailed expense statements.\n4. Proof of payment for the student insurance premium for the semester in which the accident occurred. This should be printed from the Bank of Taiwan tuition and fees payment portal.', 'In practice, you can first prepare a set of basic required documents and then add supplementary documents depending on your claim type, such as accident, hospitalization, or surgery.\n\nThe most common basic required documents, which are usually needed in most cases, include the following:']","**Required Documents for Insurance Claim**

1. Medical Certificate (original)
2. Medical expense receipts (original or copy, stamped by the medical institution)
3. Detailed expense statements
4. Proof of payment for the student insurance premium for the semester in which the accident occurred (printed from the Bank of Taiwan tuition and fees payment portal)",1.0,0.794283272127581,0.9999999999666667,Llama3.1
What are the submission and consultation hours for student insurance claims at CCU?,"['The Student Group Insurance at National Chung Cheng University is a group insurance plan that provides basic coverage for enrolled students. As long as you have student status at CCU, including students on leave, you may choose to enroll voluntarily. Enrollment is not mandatory, but the university encourages participation to ensure students have basic financial protection in case of accidents or hospitalization.', 'to CCU and we are looking forward to seeing you on campus soon.    Best regards,    Office of International Affairs  National Chung Cheng University        Welcome to CCU!          3    01  CCU’s Calendar  for  Spring Semester  2026  CCU’s Calendar for Spring Semester 2026 國立中正大學 114 學年度第 2 學期行事曆  4  The academic calendar for CCU(114 學年度行事曆) is available at this website.  https://oia.ccu.edu.tw/p/405-1008-63090,c1425.php?Lang=en  Date 日期 Event  行事  2026.02.20 (Mon.)  Spring semester begins 第 2 學期開始 Dormitory move-in day 學生宿舍進住日  2026.02.23 (Mon.) New Student Registration 新生註冊  2026.02.23 (Mon.) ~ 2026.03.06 (Fri.)  First Course Selection for New Students (including Special Programs) 新生(含專班)第一階段選課  2026.02.25 (Wed.) 2026 Spring welcome orientation for international students 新生說明會  2026.02.27 (Fri.) ~ 2026.02.28 (Sat.)  Peace Memorial Day (day off) 二二八和平紀念日(放假)  2026.03.16 (Mon.)  Deadline for Students to Submit ""Waiver of Student Group Insurance"" 繳交「不參加學生團體保險切結書」截止日  2026.04.01 (Wed.)  Deadline for', 'to CCU and we are looking forward to seeing you on campus soon.    Best regards,    Office of International Affairs  National Chung Cheng University        Welcome to CCU!          3    01  CCU’s Calendar  for  Spring Semester  2026  CCU’s Calendar for Spring Semester 2026 國立中正大學 114 學年度第 2 學期行事曆  4  The academic calendar for CCU(114 學年度行事曆) is available at this website.  https://oia.ccu.edu.tw/p/405-1008-63090,c1425.php?Lang=en  Date 日期 Event  行事  2026.02.20 (Mon.)  Spring semester begins 第 2 學期開始 Dormitory move-in day 學生宿舍進住日  2026.02.23 (Mon.) New Student Registration 新生註冊  2026.02.23 (Mon.) ~ 2026.03.06 (Fri.)  First Course Selection for New Students (including Special Programs) 新生(含專班)第一階段選課  2026.02.25 (Wed.) 2026 Spring welcome orientation for international students 新生說明會  2026.02.27 (Fri.) ~ 2026.02.28 (Sat.)  Peace Memorial Day (day off) 二二八和平紀念日(放假)  2026.03.16 (Mon.)  Deadline for Students to Submit ""Waiver of Student Group Insurance"" 繳交「不參加學生團體保險切結書」截止日  2026.04.01 (Wed.)  Deadline for']","Sorry, I am not sure about it. Maybe you could turn to OIA for help.",0.0,0.0,0.0,Llama3.1
How long does it take to receive an ARC after submitting the application?,"['The processing time for an ARC application is approximately 10 working days. The actual issuance time may vary depending on the number of applications or whether additional documents are required. Students are advised to allow sufficient time for the', 'International students must apply for an ARC 15 to 30 days before their Visitor Visa expires. This time window is very important. If you apply after the visa has expired, it may affect your residency status and could even require you to leave Taiwan and reapply.', 'The ARC application and issuance must be completed within the validity period of your original visa, so it is strongly recommended that students prepare the required documents as early as possible after the semester begins, rather than waiting until the last minute.']","The processing time for an ARC application is approximately 10 working days. However, the actual issuance time may vary depending on the number of applications or whether additional documents are required. Students are advised to allow sufficient time for the application and issuance to be completed within the validity period of their original visa.",1.0,0.868197389410566,0.9999999999,Llama3.1
What documents are required when applying for an ARC at CCU?,"['Building)      1. Photocopy of  Passport & Visa  (with the stamp of  entering Taiwan)  2. Diploma (Photocopy  of Original and  Authenticated  version)  3. Transcript (Photocopy  of Original and  Authenticated  version)  4. Student academic  record entry form  (Print out)  5. Registration sheet          1. The Office of  Academic Affairs  will check  authenticated  versions of your  diploma and  transcript.  2. The Office of  Academic Affairs  will keep the  photocopies only.  8 Course  Selection  Feb 23   |  Mar 6   CCU Course  Selection Guide:  https://www.youtu be.com/watch?v=5p vU4fHygJs     The default password:  Refer to the attached  “CCU Course selection  system password setting  SOP”  Course Selection  9  ARC  Application  (Online  application)  Within 30  days after  entry into  Taiwan  ARC online  application system  1. ID photo (JPG file)  2. Scanned copy of  your passport &  VISA  3. Certificate of  Enrollment  4. Certificate oof  Residence (from  OIA)  5. Fee NT$1,000  6. Photo', 'Building)      1. Photocopy of  Passport & Visa  (with the stamp of  entering Taiwan)  2. Diploma (Photocopy  of Original and  Authenticated  version)  3. Transcript (Photocopy  of Original and  Authenticated  version)  4. Student academic  record entry form  (Print out)  5. Registration sheet          1. The Office of  Academic Affairs  will check  authenticated  versions of your  diploma and  transcript.  2. The Office of  Academic Affairs  will keep the  photocopies only.  8 Course  Selection  Feb 23   |  Mar 6   CCU Course  Selection Guide:  https://www.youtu be.com/watch?v=5p vU4fHygJs     The default password:  Refer to the attached  “CCU Course selection  system password setting  SOP”  Course Selection  9  ARC  Application  (Online  application)  Within 30  days after  entry into  Taiwan  ARC online  application system  1. ID photo (JPG file)  2. Scanned copy of  your passport &  VISA  3. Certificate of  Enrollment  4. Certificate oof  Residence (from  OIA)  5. Fee NT$1,000  6. Photo', 'abilities and  understanding of local cultures.   More information scan QR CODE or click link below:  https://chineselanguagecenter.ccu.edu.tw/?Lang=en       11 Post (Bank)  Account  After  getting   ARC  Post  Office  1. Chinese Name Stamp  2. ARC  3. Passport  4. Minimum deposit of  NT$100       12  Guide to  Language  Learning  Resources &  English  Proficiency  Test  To be  announced  Center for  Language  Studies  Please bring one of the  documents below:  1. Student ID card  2. Passport  3. ARC  Bachelor Only    Registration  4.2 Student Registration Sheet    18          Administrative  Unit Required Documents Date /  Location  Office of  International  Affairs (OIA)  1. Passport & Visa (with the stamp of entering  Taiwan)  2. ID Photo (4.5*3.5cm)  3. Diploma (Original and Authenticated version)  4. Transcript (Original and Authenticated version)  5. English Proficiency Certificate  6. Chinese Proficiency Certificate  7. Financial Statement  8. Health Certificate or ARC  9. Health Insurance or NHI (If']","To apply for an ARC at CCU, you will need the following documents:

1. Photocopy of Passport & Visa (with the stamp of entering Taiwan)
2. Diploma (Photocopy of Original and Authenticated version)
3. Transcript (Photocopy of Original and Authenticated version)
4. Student academic record entry form (Print out)
5. Registration sheet

The Office of Academic Affairs will check the authenticated versions of your diploma and transcript, and keep the photocopies only.",1.0,0.9454175656824347,0.9999999999666667,Llama3.1
What must you do before applying for dormitory internet access at CCU?,"['After preparing the required information, you can apply through the dormitory internet service system (Dorm Net) in the CCU SSO system, and fill in your bed information and network card address (required only for wired internet).', 'beds, desks, chairs,  book shelf, closets, telephone. Internet access is  available in all dormitories.  3. You can apply for dormitory network in the  Computer Center; the fee is NT$1,000 per semester.    3.4 Public Facilities  Public Facilities for undergraduate, master, and PhD:  shared washing machines, RO drinking water system,  social lounge.    3.5 Dormitory Network  As soon as you settle down your accommodation which means you’ve got your room  number and bed number, you need to apply dormitory network in order to use the  internet (wired network) in the dorm.  For applying the dormitory network, please submit the document online:   https://www.dorm.ccu.edu.tw/student/login  For more information about dormitory network please refer  to: https://www.dorm.ccu.edu.tw/en or call the ext.14151      13    04        Registration Registration  4.1 University Registration    14   No Work Time Location  Required  Documents Note  1 Dorm  Check-in  Starting  from  Feb 20  Dormitory Passport   2  Dorm  Internet', 'beds, desks, chairs,  book shelf, closets, telephone. Internet access is  available in all dormitories.  3. You can apply for dormitory network in the  Computer Center; the fee is NT$1,000 per semester.    3.4 Public Facilities  Public Facilities for undergraduate, master, and PhD:  shared washing machines, RO drinking water system,  social lounge.    3.5 Dormitory Network  As soon as you settle down your accommodation which means you’ve got your room  number and bed number, you need to apply dormitory network in order to use the  internet (wired network) in the dorm.  For applying the dormitory network, please submit the document online:   https://www.dorm.ccu.edu.tw/student/login  For more information about dormitory network please refer  to: https://www.dorm.ccu.edu.tw/en or call the ext.14151      13    04        Registration Registration  4.1 University Registration    14   No Work Time Location  Required  Documents Note  1 Dorm  Check-in  Starting  from  Feb 20  Dormitory Passport   2  Dorm  Internet']","Before applying for dormitory internet access at CCU, you must settle down your accommodation and get your room number and bed number.",1.0,0.9566835744233385,0.5833333333041666,Llama3.1
What should you verify about the landlord before signing an off-campus rental contract?,"['Before signing an off-campus rental contract, it is recommended to verify the landlord’s identity. Tenants may ask the landlord to present identification documents and proof of property ownership, such as a property deed, house tax bill, or real estate registration transcript, to confirm that the person is the legal owner or has the right to rent out the property.', 'When signing the contract, carefully check which furniture and equipment are provided by the landlord, such as the bed, desk and chair, air conditioner, and refrigerator, and pay attention to their condition. If any equipment is old or already damaged, it is recommended to take photos as evidence to avoid disputes over responsibility when moving out.', 'Before signing the contract, tenants should confirm the lease duration, monthly rent amount, deposit amount, methods for calculating rent and utility fees, and whether early termination is allowed.\n\nIt is also important to review responsibilities for equipment use and maintenance, as well as the conditions for deposit refunds when moving out.']","Before signing an off-campus rental contract, you should verify the landlord's identity by asking them to present identification documents and proof of property ownership. Also, check the condition of the provided furniture and equipment, and take photos as evidence if any equipment is old or already damaged. Confirm the lease duration, monthly rent amount, deposit amount, and methods for calculating rent and utility fees. Review responsibilities for equipment use and maintenance, and the conditions for deposit refunds when moving out.",1.0,0.8803511533752921,0.3333333333,Llama3.1
What should you do if any changes are made to a rental contract?,"['If any changes are made to the contract, make sure that both parties stamp or sign next to the modifications to prevent future disputes. After signing, both the landlord and the tenant should keep a copy of the contract as proof.', 'When signing the contract, carefully check which furniture and equipment are provided by the landlord, such as the bed, desk and chair, air conditioner, and refrigerator, and pay attention to their condition. If any equipment is old or already damaged, it is recommended to take photos as evidence to avoid disputes over responsibility when moving out.', 'Overall, before renting, it is best to ask more questions, inspect the property carefully, and compare multiple options to find the most suitable place. If any contract terms are unclear, clarify them in advance or ask a friend who is familiar with Chinese to help review the contract before signing to better protect your rights.']","If any changes are made to the rental contract, make sure that both parties stamp or sign next to the modifications to prevent future disputes. After signing, both the landlord and the tenant should keep a copy of the contract as proof.",1.0,0.9002837548452661,0.9999999999,Llama3.1
What documents are typically required to open a bank account in Taiwan as an international student?,"['As long as you hold a valid Alien Resident Certificate (ARC), international students can open a bank account in Taiwan.', '11 Post (Bank)  Account  After  getting   ARC  Post  Office  1. Chinese Name Stamp  2. ARC  3. Passport  4. Minimum deposit of  NT$100       12  Career- oriented  counseling &  psychological  testing    Office of  Information  Technology     Bachelor Only  13  Guide to  Language  Learning  Resources &  English  Proficiency  Test  To be  announced  Center for  Language  Studies  Please bring one of the  documents below:  1. Student ID card  2. Passport  3. ARC  Bachelor Only    Registration  4.2 Student Registration Sheet    18          Administrative  Unit Required Documents Date /  Location  Office of  International  Affairs (OIA)  1. Passport & Visa (with the stamp of entering  Taiwan)  2. ID Photo (4.5*3.5cm)  3. Diploma (Original and Authenticated version)  4. Transcript (Original and Authenticated version)  5. English Proficiency Certificate  6. Chinese Proficiency Certificate  7. Financial Statement  8. Health Certificate or ARC  9. Health Insurance or NHI (If any)  10. Taiwan Bank (If any)  OIA', 'or  Taiwan Bank  1. Payment Sheet  2. Money  If the amount of fee is  more than 40,000, you  can only pay it at Post  Office or Taiwan Bank  at Administration  Building B1  (9AM – 11:50AM)   Registration  4.1 University Registration    15         No Work Time Location Required  Documents Note  5  Orientation  &  Hand in the  document     Orientation  (Location TBA)  None   Hand in the  original and  copies of  document   (OIA)  1. Passport & Visa  (with the stamp of  entering Taiwan)  2. ID Photo (4.5*3.5cm)  3. Diploma (Original  and Authenticated  version)  4. Transcript (Original  and Authenticated  version)  5. English Proficiency  Certificate  6. Chinese Proficiency  Certificate  7. Financial Statement  8. Health Certificate or  ARC  9. Health Insurance or  NHI (If any)  10. Taiwan Bank (If any)          1. Diploma and  Transcript must  be authenticated  by the Taiwanese  Representative  Office in your  country    2. After OIA check  all the required  documents, you  need to go to  Academic Office  to']","To open a bank account in Taiwan as an international student, you will need to bring one of the following documents: 1. Student ID card, 2. Passport, or 3. Alien Resident Certificate (ARC).",0.75,0.993616823711769,0.99999999995,Llama3.1
What should international students under 20 years old be aware of when opening a bank account?,"['When opening a bank account, you typically need to prepare the original and a copy of your ARC, the original and a copy of your passport, and your student ID or proof of enrollment to verify your student status.\n\nSome banks may also require a second form of identification, such as an NHI card or a driver’s license.', 'Banks differ in their familiarity with international students. Some banks have smoother document review processes, which results in faster overall handling.\n\nTo avoid being unable to open an account due to missing documents, it is recommended to confirm the required documents with the bank’s customer service in advance before visiting.', 'As long as you hold a valid Alien Resident Certificate (ARC), international students can open a bank account in Taiwan.']","When opening a bank account, you will need to prepare the original and a copy of your Alien Resident Certificate (ARC), the original and a copy of your passport, and your student ID or proof of enrollment to verify your student status. Some banks may also require a second form of identification, such as an NHI card or a driver’s license. It is recommended to confirm the required documents with the bank’s customer service in advance to avoid any issues.",0.0,0.7148266567408909,0.9999999999,Llama3.1
What can you do if you need to see a doctor in Taiwan but cannot speak Chinese?,"['If you are not confident in speaking Chinese, you can type your symptoms in English on your phone or translate them into Chinese to show the doctor. You can also use a translation app for real-time communication.', 'Some doctors or nurses can communicate in basic English, but not all clinics provide full English services. If possible, bringing a Chinese-speaking friend with you is the most reassuring option.', 'the first 6 months, we help you get medical insurance at first that  can cover your medical procedures in Taiwan.    II. National Health Insurance (NHI)  It is necessary to apply National Health Insurance for staying in Taiwan. According to  Taiwan National Health Insurance Act, only students who have stayed for more than 6  months are qualified for NHI. For example, if the date of issue on your ARC is on Mar ch  10th, the nearest date you can apply is Sep. 10th.    Registration  4.5 Applying for Resident Visa and  Alien Resident Certificate (ARC)    20     You are required to possess a Resident VISA and an ARC in order to stay in Taiwan for  studying. If you have obtained a Resident VISA before coming to Taiwan, you only need  to apply for an ARC when you arrive at CCU. This will make things easier. If you did  not  apply for a Resident VISA before coming to Taiwan, it is necessary that you apply for a  Resident VISA on your own and then the ARC.    For international students, the Alien Resident Certificate']","If you need to see a doctor in Taiwan but cannot speak Chinese, you can type your symptoms in English on your phone or translate them into Chinese to show the doctor. You can also use a translation app for real-time communication. Some doctors or nurses can communicate in basic English, but not all clinics provide full English services. If possible, bringing a Chinese-speaking friend with you is the most reassuring option.",1.0,0.9348513265864932,0.99999999995,Llama3.1
How can international students find and contact a student club they want to join at CCU?,"['Most student clubs on campus do not restrict membership by nationality. As long as you are a currently enrolled CCU student, clubs generally welcome international students to join.\n\nWhether a club focuses on academics, sports, music and performance, service, or cultural exchange, you are free to participate according to your interests.', 'National Chung Cheng University has a very diverse range of student clubs, which can broadly be categorized into academic, sports, recreational, social, service-oriented, artistic, and music-related clubs. International students are welcome to join based on their interests.\n\nAcademic clubs include groups such as the FinTech Club, AIESEC in CCU, the Innovation and Entrepreneurship Club, the CCU Cybersecurity Research Club, the Debate Club, and the Astronomy Club.', 'To view the complete and most up-to-date list of student clubs, you can visit the official website of the CCU Extracurricular Activities Section, which provides information on current clubs, their categories, contact details, and recruitment information.']","To find and contact a student club you want to join at CCU, you can visit the official website of the CCU Extracurricular Activities Section. This website provides information on current clubs, their categories, contact details, and recruitment information. You can browse through the list to find clubs that match your interests and contact them directly for more information.",0.8571428571428571,0.9433067580682309,0.3333333333,Llama3.1
What is the typical price range for a meal around National Chung Cheng University?,"['There is a wide variety of dining options around the National Chung Cheng University campus, ranging from breakfast and lunch or dinner to late-night snacks. Overall prices are very student-friendly.\n\nIn general, you can find breakfast, bento meals, or noodle dishes for under NT$100, with the most common price range around NT$100 to NT$150. For more refined or specialty dishes, there are also many options priced above NT$200.\n\nIf you are looking for Taiwanese home-style dishes or bento meals, there are many popular student favorites off campus. Hou Ji Chinese Breakfast Shop offers braised pork rice, dry noodles, and tube rice pudding, mainly operating from morning to noon with relatively low prices. Restaurants such as Yu Xiang Yuan, Liu Mei’s Shop, A-Mei Bento, and Yizhuo Island sell chicken legs, pork chops, braised rice dishes, and fried rice, usually operating during lunch and dinner hours with moderate prices.', 'Meal prices around CCU are quite flexible. You can find simple lunchboxes or noodle dishes for under NT$100, and meals above NT$200 are also available. However, most places have an average price range between NT$100 and NT$150.', '● Route: Take a Northbound THSR train to Chiayi Station.\n● Fare: Approx. NT$ 410.\n\nStep 3: THSR Chiayi Station to National Chung Cheng University (CCU)']","Meal prices around CCU are quite flexible. You can find simple lunchboxes or noodle dishes for under NT$100, and meals above NT$200 are also available. However, most places have an average price range between NT$100 and NT$150.",1.0,0.7596219374045002,0.99999999995,Llama3.1
Where can international students find vegetarian food near CCU?,"['If you prefer healthy meals or vegetarian food, you may consider restaurants such as Simple Fit Healthy Meals, Chill Bowl, Shu Xiang Shi Jia, Shu Fu, and Shi Fan. These places focus on healthy meal boxes, salads, or vegetarian dishes. Prices are usually slightly higher, but the food is lighter and healthier.\n\nFor drinks and desserts, nearby options include bubble tea shops such as Cha Tang Hui, TEA’s Original, Fresh Tea, and Wu Jia Black Tea. Dessert and drink shops like Garden Taro Desserts, Ice, Royal Dessert, Coffee Kingdom, and Guo Zhen offer dessert soups, shaved ice, coffee, and fruit juices. Most of these operate from afternoon to evening.\n\nOverall, there is no shortage of food options around National Chung Cheng University. Whether you want to save money, eat a filling meal, enjoy higher-quality food, or find a late-night snack, you can easily find suitable restaurants. It is also a great area for international students to gradually explore and discover their favorite flavors.', 'For noodle lovers, places such as Red Pavilion Noodles, Beef Tendon Earl, Da Si Xi Beef Noodles, and Hao Wei Noodle House offer dry noodles, beef noodles, and traditional soup noodles, and are regular choices for many students.\n\nFried food and late-night snacks are especially popular near CCU. Shops such as Cai Ge Fried Chicken, Feng Fried Chicken, Chung Cheng Chicken Yard, Hai Pai Fried Snacks, and Ai Hen Pepper Chicken usually open from evening until late night or even early morning, making them ideal for late-night meals after studying. For braised snacks, Wen Family Cold Braised Snacks, Ten Mu Tian Braised Snacks, You Go Braised Snacks, and Hao Ji Braised Snacks are also very popular and mostly operate in the evening.', 'If you want to buy vegetarian food off campus, nearby options include Shí Fán, Suitfood Salad, and Veggie House. All of these offer dedicated vegetarian meals. Convenience stores also often sell vegetarian lunchboxes or noodle and rice options.']","If you prefer vegetarian food, you may consider restaurants such as Shí Fán, Suitfood Salad, and Veggie House. These places offer dedicated vegetarian meals. Convenience stores also often sell vegetarian lunchboxes or noodle and rice options.",1.0,0.6889056521582617,0.8333333332916666,Llama3.1
Are vegetarian restaurants near CCU generally more or less expensive than regular restaurants?,"['However, vegetarian restaurants are usually slightly more expensive than regular meals. If you follow a vegetarian diet, you can choose a place that fits your budget.', 'If you prefer healthy meals or vegetarian food, you may consider restaurants such as Simple Fit Healthy Meals, Chill Bowl, Shu Xiang Shi Jia, Shu Fu, and Shi Fan. These places focus on healthy meal boxes, salads, or vegetarian dishes. Prices are usually slightly higher, but the food is lighter and healthier.\n\nFor drinks and desserts, nearby options include bubble tea shops such as Cha Tang Hui, TEA’s Original, Fresh Tea, and Wu Jia Black Tea. Dessert and drink shops like Garden Taro Desserts, Ice, Royal Dessert, Coffee Kingdom, and Guo Zhen offer dessert soups, shaved ice, coffee, and fruit juices. Most of these operate from afternoon to evening.\n\nOverall, there is no shortage of food options around National Chung Cheng University. Whether you want to save money, eat a filling meal, enjoy higher-quality food, or find a late-night snack, you can easily find suitable restaurants. It is also a great area for international students to gradually explore and discover their favorite flavors.', 'Meal prices around CCU are quite flexible. You can find simple lunchboxes or noodle dishes for under NT$100, and meals above NT$200 are also available. However, most places have an average price range between NT$100 and NT$150.']","Vegetarian restaurants near CCU are generally more expensive than regular restaurants. However, prices are usually slightly higher, but the food is lighter and healthier. You can find simple lunchboxes or noodle dishes for under NT$100, and meals above NT$200 are also available. Most places have an average price range between NT$100 and NT$150.",0.5,0.9521454202566436,0.9999999999666667,Llama3.1
Which convenience store brand has multiple locations on the CCU campus?,"['Most convenience stores near CCU are FamilyMart. There are three on campus, located in the Activity Center (2F), the Classroom Building (1F), and the Student Housing building.', 'The campus mainly has convenience stores and student cafeterias.\n\nFor convenience stores, CCU has three FamilyMart locations: on the second floor of the Activity Center, on the first floor of the Classroom Building, and inside the Student Housing building. These stores are convenient for buying drinks, bread, or simple meals.', 'Just outside the campus gate, you can also find other convenience store brands such as 7-Eleven, Hi-Life, and OK Mart.']","There are three FamilyMart locations on the CCU campus. They are located in the Activity Center (2F), the Classroom Building (1F), and the Student Housing building.",1.0,0.787149073282992,0.99999999995,Llama3.1
Where on the CCU campus are the FamilyMart stores located?,"['The campus mainly has convenience stores and student cafeterias.\n\nFor convenience stores, CCU has three FamilyMart locations: on the second floor of the Activity Center, on the first floor of the Classroom Building, and inside the Student Housing building. These stores are convenient for buying drinks, bread, or simple meals.', 'Most convenience stores near CCU are FamilyMart. There are three on campus, located in the Activity Center (2F), the Classroom Building (1F), and the Student Housing building.', 'Shops  There are three convenient stores “Family Mart” on the campus .One is located  in the Students Activity Center; it opens for 24 hours. The other one open during  the office hour and it locates in the center of general education. Except the  convenient stores, there are also beverage shop, coffee shop, vegetarian food  stand, noodle shop, fruit shop, post office, hair -cut salon, bookstore, and so  forth, located in the Student Activity Center. You can even become the  University Supermarket’s “shareholder” by simp ly buy a share of NT$100 and  get your yearly bonus. That NT$100 share is refundable when you graduate.    Hospitals and Clinics  CCU provides on-campus clinics in Health Center. Some Hospitals information  is provided below：    Hospital Address Telephone Website  Tzu Chi Hospital  (Dalin)  No.2, Minsheng Rd., Dalin  Township, Chiayi County 622,  Taiwan  (05) 264-8000  (ext. 5920, 5921)  https://dalin.tzuchi- healthcare.org.tw/   Chiayi Christian  Hospital  No.539, Zhongxiao Rd., East  Dist,']","There are three FamilyMart locations on the CCU campus. One is located on the second floor of the Activity Center, another on the first floor of the Classroom Building, and the third inside the Student Housing building.",1.0,0.9528822644692806,0.9999999999666667,Llama3.1
What convenience store brands can be found just outside the CCU campus gate?,"['Just outside the campus gate, you can also find other convenience store brands such as 7-Eleven, Hi-Life, and OK Mart.', 'Most convenience stores near CCU are FamilyMart. There are three on campus, located in the Activity Center (2F), the Classroom Building (1F), and the Student Housing building.', 'The campus mainly has convenience stores and student cafeterias.\n\nFor convenience stores, CCU has three FamilyMart locations: on the second floor of the Activity Center, on the first floor of the Classroom Building, and inside the Student Housing building. These stores are convenient for buying drinks, bread, or simple meals.']","There are three FamilyMart locations on campus: on the second floor of the Activity Center, on the first floor of the Classroom Building, and inside the Student Housing building.",1.0,0.5898883822686725,0.49999999995,Llama3.1
How do you select a seat in the CCU Library self-study room?,"['The CCU Library provides self-study rooms, research carrels, and discussion rooms to meet different student needs.\n\nSelf-study rooms are designed for quiet study. Students may enter by scanning their student ID during opening hours and select seats through the system.', 'Seats in the self-study room must be selected individually by each user using their own student ID.\n\nUsing multiple student IDs, scanning on behalf of others, or reserving seats for others is considered a violation of the rules.', 'After entering the self-study room, you must scan your student ID and select a seat through the system.\n\nEach session allows 3 hours of use. You may apply for an extension through the system starting 30 minutes before the session ends.']","To select a seat in the CCU Library self-study room, you must scan your student ID and select a seat through the system. Each user must select a seat individually using their own student ID. Using multiple student IDs, scanning on behalf of others, or reserving seats for others is not allowed. You can select a seat after entering the self-study room by scanning your student ID and using the system.",0.8888888888888888,0.9796752403664177,0.9999999999666667,Llama3.1
"How long is each self-study room session, and how can you extend it?","['After entering the self-study room, you must scan your student ID and select a seat through the system.\n\nEach session allows 3 hours of use. You may apply for an extension through the system starting 30 minutes before the session ends.', 'One week before midterm and final exams, as well as during exam weeks, the self-study rooms are open 24 hours.\n\nDuring winter and summer breaks, opening hours are adjusted flexibly according to library announcements.', 'During the semester, self-study rooms are open from Monday to Thursday between 9:00 p.m. and 1:00 a.m., and from Friday at 9:00 p.m. continuously until Monday at 9:00 a.m.']",Each self-study room session allows 3 hours of use. You may apply for an extension through the system starting 30 minutes before the session ends.,1.0,0.9666024874229869,0.9999999999,Llama3.1
Is it allowed to reserve a self-study room seat on behalf of a friend at CCU?,"['Seats in the self-study room must be selected individually by each user using their own student ID.\n\nUsing multiple student IDs, scanning on behalf of others, or reserving seats for others is considered a violation of the rules.', 'The CCU Library provides self-study rooms, research carrels, and discussion rooms to meet different student needs.\n\nSelf-study rooms are designed for quiet study. Students may enter by scanning their student ID during opening hours and select seats through the system.', 'Self-study rooms at the CCU Library are open only to currently enrolled CCU students.\n\nOther individuals who are not enrolled students are not permitted to enter or use these spaces.']","No, it is not allowed to reserve a self-study room seat on behalf of a friend at CCU. Using multiple student IDs, scanning on behalf of others, or reserving seats for others is considered a violation of the rules. Seats in the self-study room must be selected individually by each user using their own student ID.",1.0,0.9999999999999994,0.9999999999666667,Llama3.1
What penalty can result from scanning another student's ID to reserve a self-study room seat?,"['Seats in the self-study room must be selected individually by each user using their own student ID.\n\nUsing multiple student IDs, scanning on behalf of others, or reserving seats for others is considered a violation of the rules.', 'After entering the self-study room, you must scan your student ID and select a seat through the system.\n\nEach session allows 3 hours of use. You may apply for an extension through the system starting 30 minutes before the session ends.', 'In serious cases, violations may result in suspension of self-study room privileges for one semester.']","In serious cases, violations may result in suspension of self-study room privileges for one semester.",1.0,0.7698742414982004,0.8333333332916666,Llama3.1
"What is a research carrel, and who is eligible to use an assigned one at CCU Library?","['A research carrel is a facility that provides a more independent space for longer-term research work.', 'Assigned research carrels are mainly available for graduate students, including master’s and doctoral students, who may apply according to library regulations.\n\nTemporary research carrels are open to general students and are intended for short-term use.', 'Discussion rooms are suitable for group discussions or presentation practice. Use of these rooms requires borrowing a key from the service counter and is subject to limits on the number of users and usage time.\n\nResearch carrels are intended for individual research use and require eligibility and application through the library.']","Assigned research carrels are mainly available for graduate students, including master’s and doctoral students, who may apply according to library regulations. Temporary research carrels are open to general students and are intended for short-term use.",0.8,0.7345785114397948,0.5833333333041666,Llama3.1
How do you borrow a temporary research carrel at the CCU Library?,"['Temporary research carrels require borrowing a key at the service counter. Each session allows four hours of use, and renewal is possible if no other user is waiting.', 'Assigned research carrels are mainly available for graduate students, including master’s and doctoral students, who may apply according to library regulations.\n\nTemporary research carrels are open to general students and are intended for short-term use.', 'The CCU Library provides self-study rooms, research carrels, and discussion rooms to meet different student needs.\n\nSelf-study rooms are designed for quiet study. Students may enter by scanning their student ID during opening hours and select seats through the system.']","To borrow a temporary research carrel at the CCU Library, go to the service counter. You will need to borrow a key for each session, which allows four hours of use. If you need more time, you can renew the key if no other user is waiting.",0.8,0.998143185699263,0.9999999999,Llama3.1
How long can you use a temporary research carrel per session?,"['Temporary research carrels require borrowing a key at the service counter. Each session allows four hours of use, and renewal is possible if no other user is waiting.', 'Assigned research carrels require online application and are available for a usage period of either one month or two months.', 'A research carrel is a facility that provides a more independent space for longer-term research work.']","Temporary research carrels can be used for a maximum of four hours per session. If no other user is waiting, renewal is possible.",1.0,0.840965680236926,0.9999999999,Llama3.1
Can you share a research carrel with another student at the CCU Library?,"['Research carrels are for individual use only.\n\nSharing the space with others, transferring usage rights, or lending the key to another person is not allowed.', 'The CCU Library provides self-study rooms, research carrels, and discussion rooms to meet different student needs.\n\nSelf-study rooms are designed for quiet study. Students may enter by scanning their student ID during opening hours and select seats through the system.', 'Assigned research carrels are mainly available for graduate students, including master’s and doctoral students, who may apply according to library regulations.\n\nTemporary research carrels are open to general students and are intended for short-term use.']","Research carrels are for individual use only. Sharing the space with others, transferring usage rights, or lending the key to another person is not allowed.",1.0,0.6606832651434701,0.9999999999,Llama3.1
Is there a fee to use the gym at the CCU Sports Center?,"['The usage fee is NT$30 per person per visit.\n\nIn other words, entering the Sports Center itself is free, but using the gym requires an additional fee.', 'Students may use Sports Center facilities by bringing their student ID and scanning it at the entrance to verify their identity.\n\nAfter verification, students may enter and use general sports facilities and the swimming pool free of charge.\n\nNon-CCU individuals are required to purchase tickets according to regulations.', 'Non-CCU individuals are required to purchase tickets according to regulations.\n\nPlease note that although students do not need to pay to enter the Sports Center itself, use of the gym still requires a NT$30 fee per visit.']",There is a fee to use the gym at the CCU Sports Center. The fee is NT$30 per person per visit.,1.0,0.9854884137061681,0.8333333332916666,Llama3.1
What do you need to bring when entering the gym at CCU?,"['Students may use Sports Center facilities by bringing their student ID and scanning it at the entrance to verify their identity.\n\nAfter verification, students may enter and use general sports facilities and the swimming pool free of charge.\n\nNon-CCU individuals are required to purchase tickets according to regulations.', 'Overseas Chinese Students:   They may need to complete additional health check-up items, specifically  the ""Residence or Settlement Health Check-up Items Form”.  You can find two kinds of form in handbook or the website.    Information for   Health Examination    52              6. Further Details:   For more information, please refer to the Health and Welfare Section\'s  webpage or follow their Facebook/Instagram.       Information for   Health Examination    53            On-campus health Examination    What When Remark  Do a health check to  complete the CCU  student Health  Examination  115.03.05 (Thu)  09:30-13:30    * Please come before  13:00.  Mandatory for every new student  Fees: NTD$630    Documents required:  ⚫ Your passport  ⚫ CCU student Health Examination form    If you miss the health check that we arrange  on campus, you must go to the hospital by  yourself. The fees will be more expensive.      Health Check-up Instructions  1. Please be sure to bring the health check-up form and fill out the', 'items, specifically  the ""Residence or Settlement Health Check-up Items Form”.  You can find two kinds of form in handbook or the website.    Information for   Health Examination    52              6. Further Details:   For more information, please refer to the Health and Welfare Section\'s  webpage or follow their Facebook/Instagram.       Information for   Health Examination    53            On-campus health Examination    What When Remark  Do a health check to  complete the CCU  student Health  Examination  114.09.03 (Wed)  09:00-10:00    * Please come before  10:00.  Mandatory for every new student  Fees: NTD$630    Documents required:  ⚫ Your passport  ⚫ CCU student Health Examination form    If you miss the health check that we arrange  on campus, you must go to the hospital by  yourself. The fees will be more expensive.      Health Check-up Instructions  1. Please be sure to bring the health check-up form and fill out the self-reported  sections on the front. For the 3 days prior to the check-up,']","To enter the gym at CCU, you need to bring your student ID and scan it at the entrance to verify your identity.",1.0,0.9880041982175699,0.9999999999,Llama3.1
When do most student clubs at CCU recruit new members?,"['Most student clubs recruit new members at the beginning of each semester, especially around the start of the first semester. Recruitment often takes place alongside club fairs or information sessions.\n\nHowever, some clubs continue to accept new members throughout the semester.', 'However, some clubs continue to accept new members throughout the semester.\n\nEven if you miss the main recruitment period at the start of the semester, you can still contact the club directly to ask whether joining is possible.', 'Most student clubs on campus do not restrict membership by nationality. As long as you are a currently enrolled CCU student, clubs generally welcome international students to join.\n\nWhether a club focuses on academics, sports, music and performance, service, or cultural exchange, you are free to participate according to your interests.']","Most student clubs at CCU recruit new members at the beginning of each semester, especially around the start of the first semester. Recruitment often takes place alongside club fairs or information sessions. However, some clubs continue to accept new members throughout the semester. Even if you miss the main recruitment period, you can still contact the club directly to ask whether joining is possible.",1.0,0.958057031267899,0.99999999995,Llama3.1
Can you still join a club if you miss the main recruitment period at the start of semester?,"['However, some clubs continue to accept new members throughout the semester.\n\nEven if you miss the main recruitment period at the start of the semester, you can still contact the club directly to ask whether joining is possible.', 'Most student clubs recruit new members at the beginning of each semester, especially around the start of the first semester. Recruitment often takes place alongside club fairs or information sessions.\n\nHowever, some clubs continue to accept new members throughout the semester.', 'Some clubs also hold recruitment events or orientation sessions at the beginning of each semester, allowing new students to learn more and join on the spot.\n\nTherefore, keeping an eye on club social media platforms is one of the most convenient ways to join a club.']","Yes, you can still join a club if you miss the main recruitment period at the start of semester. Some clubs continue to accept new members throughout the semester. You can contact the club directly to ask whether joining is possible.",0.6666666666666666,0.9629131311362945,0.9999999999666667,Llama3.1
Where can students find information about on-campus activities at CCU?,"['You can visit the CCU Smart Activity and Registration System to view the latest on-campus activity information.\n\nThis system compiles events organized by various departments and administrative units. Simply log in with your university account to browse activity details, including time and location, and complete registration online.', 'King bus http://www.kingbus.com.tw/  8 Taiwan High Speed Rail https://www.thsrc.com.tw/index_en.html  9 Taiwan Railways administration  https://tip.railway.gov.tw/tra-tip- web/tip?lang=EN_US  10 Travel in Chiayi City https://travel.chiayi.gov.tw/English  11 Travel in Chiayi County https://tbocc.cyhg.gov.tw/en/  12 Chiayi County Performing Art Center https://cypac.cyhg.gov.tw/en/  13 Chiayi County Police Bureau https://www.cypd.gov.tw/english    CCU Campus Life    30      Computer  Our campus network has been built up nearly perfect. Users can connect to  Internet from any labs or offices on campus, or even residence halls. There  are also 6 computer classrooms in computer center, Library and  Information building, which are open for both students and teaching  purposes.  Opening time as bellow:  ◼ Monday to Friday: 08:00-21:00  (09 : 00 – 17 : 00 during summer and winter vacation)    On-Campus Wireless Internet  Student can log in to CCU wireless network with CCU student email  account and password.  For', 'King bus http://www.kingbus.com.tw/  8 Taiwan High Speed Rail https://www.thsrc.com.tw/index_en.html  9 Taiwan Railways administration  https://tip.railway.gov.tw/tra-tip- web/tip?lang=EN_US  10 Travel in Chiayi City https://travel.chiayi.gov.tw/English  11 Travel in Chiayi County https://tbocc.cyhg.gov.tw/en/  12 Chiayi County Performing Art Center https://cypac.cyhg.gov.tw/en/  13 Chiayi County Police Bureau https://www.cypd.gov.tw/english    CCU Campus Life    30      Computer  Our campus network has been built up nearly perfect. Users can connect to  Internet from any labs or offices on campus, or even residence halls. There  are also 6 computer classrooms in computer center, Library and  Information building, which are open for both students and teaching  purposes.  Opening time as bellow:  ◼ Monday to Friday: 08:00-21:00  (09 : 00 – 17 : 00 during summer and winter vacation)    On-Campus Wireless Internet  Student can log in to CCU wireless network with CCU student email  account and password.  For']","To find information about on-campus activities at CCU, you can visit the CCU Smart Activity and Registration System. This system compiles events organized by various departments and administrative units. Simply log in with your university account to browse activity details, including time and location, and complete registration online.",1.0,0.9853381052931486,0.9999999999,Llama3.1
How do you register for a campus activity at CCU?,"['You can visit the CCU Smart Activity and Registration System to view the latest on-campus activity information.\n\nThis system compiles events organized by various departments and administrative units. Simply log in with your university account to browse activity details, including time and location, and complete registration online.', 'Most activities can be found and registered for through the CCU Smart Activity and Registration System, where you can check the latest information and sign up online in a convenient manner.', 'and  Transcript must  be authenticated  by the Taiwanese  Representative  Office in your  country    2. After OIA check  all the required  documents, you  need to go to  Academic Office  to complete the  registration.  6  Health  Check for  Freshmen    Sep 03    (Auditorium)      1. CCU Health  Examination Form   2. Fee NT$630  3. Passport  4. Registration Sheet  Metal Accessories and  contact lenses are not  allowed. If you need to  wear contact lenses,  please bring your own  contact lens case.   Registration  4.1 University Registration    16   No Work Time Location on Required  Document s  Note  7 Registration  Before    Sep 8  (1F of East Wing  Administrative  Building)      1. Photocopy of  Passport & Visa  (with the stamp of  entering Taiwan)  2. Diploma (Photocopy  of Original and  Authenticated  version)  3. Transcript (Photocopy  of Original and  Authenticated  version)  4. Student academic  record entry form  (Print out)  5. Registration sheet          1. The Office of  Academic Affairs  will']","To register for a campus activity at CCU, you can visit the CCU Smart Activity and Registration System. Log in with your university account to browse activity details, including time and location, and complete registration online. Most activities can be found and registered for through this system.",1.0,0.9980268379950413,0.99999999995,Llama3.1
What should you do if you registered for an activity but can no longer attend?,"['If you have registered for an activity but cannot attend due to a change in plans, it is recommended to return to the registration system as soon as possible to cancel your registration, or notify the organizer according to the instructions provided in the activity description.', 'Canceling in advance allows your spot to be released to other students and helps organizers manage attendance more accurately.\n\nPlease note that some activities may record no-shows, and repeated unexcused absences could affect your ability to register for future activities. Therefore, canceling in advance when you know you cannot attend is considered best practice.', 'To avoid unnecessary trips, it is recommended to check the activity description in advance to confirm whether registration is required.']","If you have registered for an activity but cannot attend due to a change in plans, it is recommended to return to the registration system as soon as possible to cancel your registration, or notify the organizer according to the instructions provided in the activity description. Canceling in advance allows your spot to be released to other students and helps organizers manage attendance more accurately. Repeated unexcused absences could affect your ability to register for future activities.",1.0,0.9196896469687319,0.49999999995,Llama3.1
What might happen if you repeatedly fail to attend activities you registered for at CCU?,"[""supplementary tests on-site at  the on-campus check-up.   ✓ If you are unable to attend the on-campus check-up, please submit (or mail)  the documents to the Health and Welfare Section directly. Please do not  send them to other offices , as health check -up reports contain sensitive  personal information, and the schoo l will not be responsible for any data  leaks or loss during the process.   5. Fasting Requirement:   Before going to the off -campus hospital, please ask the hospital's check -up  department whether fasting is required, as this could affect the check -up  process.            Information for   Health Examination    56          Health Examination for CCU and ARC  In order to follow government policy, after you register in CCU, you have to  go to the hospital to do your health examination as soon as possible and  provide the health examination report to the Health Center of C CU. Also, in  order to apply for ARC , you must provide your health examination report.  Please complete both health"", 'Most activities can be found and registered for through the CCU Smart Activity and Registration System, where you can check the latest information and sign up online in a convenient manner.', 'You can visit the CCU Smart Activity and Registration System to view the latest on-campus activity information.\n\nThis system compiles events organized by various departments and administrative units. Simply log in with your university account to browse activity details, including time and location, and complete registration online.']","If you repeatedly fail to attend activities you registered for at CCU, it is not explicitly stated in the provided context. However, it is mentioned that if you are unable to attend the on-campus check-up, you should submit the documents to the Health and Welfare Section directly. This implies that there might be consequences for not attending activities, but the specific consequences are not detailed.",0.75,0.0,0.0,Llama3.1
How can students submit a repair request for damaged equipment in a CCU dormitory?,"['If you encounter damaged equipment or need repairs while living in an on-campus dormitory, you can submit a repair request online through the CCU SSO system under the dormitory maintenance platform.\n\nAfter logging in, simply fill out the repair request form, and the responsible unit will arrange for repairs accordingly.', 'CCU dormitories have basic access control and management rules in place to maintain safety and living quality.\n\nResidents typically enter and exit the dormitory by scanning their student ID card, and non-residents are not allowed to enter freely.\n\nDormitories also have staff on duty and regulations regarding the use of public areas, visitors, noise levels, and cleanliness.', 'the  Computer Center; the fee is NT$1,000 per semester.    3.4 Public Facilities  Public Facilities for undergraduate, master, and PhD:  shared washing machines, RO drinking water system,  social lounge.    3.5 Dormitory Network  As soon as you settle down your accommodation which means you’ve got your room  number and bed number, you need to apply dormitory network in order to use the  internet (wired network) in the dorm.  For applying the dormitory network, please submit the document online:   https://www.dorm.ccu.edu.tw/student/login  For more information about dormitory network please refer  to: https://www.dorm.ccu.edu.tw/en or call the ext.14151      13    04        Registration Registration  4.1 University Registration    14   No Work Time Location  Required  Documents Note  1 Dorm  Check-in  Starting  from  Aug 29  Dormitory Passport   2  Dorm  Internet  After the  Dorm  check- in  Office of Information  Technology  (Library 1st floor)  1. CB1 of  Undergraduate  Dormitory (only  7PM- 10PM)  2. Link']","To submit a repair request for damaged equipment in a CCU dormitory, you can submit a repair request online through the CCU SSO system under the dormitory maintenance platform. After logging in, simply fill out the repair request form, and the responsible unit will arrange for repairs accordingly.",1.0,0.981946679762954,0.9999999999,Llama3.1
How do you read a bus route map to find your destination?,"['A bus route map usually lists all the bus stops in order. You only need to locate your current stop, check which direction the bus is heading, and then confirm whether the bus will stop at your desired destination.', 'When riding the MRT, you can either buy a single-journey ticket or use an EasyCard.\n\nSingle-journey tickets can be purchased from ticket machines in MRT stations. The ticket is a physical round token. Tap it when entering the station and insert it into the token slot when exiting.', 'After you call, the driver will pick you up at the location you provide. You only need to tell the taxi fleet your current location and your destination to complete the request.']","To read a bus route map, locate your current stop and check which direction the bus is heading. Then, confirm whether the bus will stop at your desired destination.",1.0,0.9508998071924122,0.9999999999,Llama3.1
What are the main disadvantages of living in Taiwan without a local bank account?,"['Living in Taiwan without a local bank account is generally less convenient, especially the longer you stay and the more matters you need to handle.', 'Without a Taiwanese bank account, you will mainly rely on cash or foreign bank cards. Cash requires frequent withdrawals and is inconvenient for large payments, while foreign cards may involve usage limits, service fees, or exchange rate costs.', 'Having a Taiwanese bank account makes receiving payments, transferring money, and paying bills much smoother, without the need to rely on cash or ask friends to receive money on your behalf.']","Living in Taiwan without a local bank account is generally less convenient, especially the longer you stay and the more matters you need to handle. Without a Taiwanese bank account, you will mainly rely on cash or foreign bank cards. Cash requires frequent withdrawals and is inconvenient for large payments, while foreign cards may involve usage limits, service fees, or exchange rate costs.",1.0,0.9504810087557071,0.9999999999666667,Llama3.1
What should you bring when visiting a doctor in Taiwan?,"['you get medical insurance at first that  can cover your medical procedures in Taiwan.    II. National Health Insurance (NHI)  It is necessary to apply National Health Insurance for staying in Taiwan. According to  Taiwan National Health Insurance Act, only students who have stayed for more than 6  months are qualified for NHI. For example, if the date of issue on your ARC is on March  10th, the nearest date you can apply is Sep. 10th.    Registration  4.5 Applying for Resident Visa and  Alien Resident Certificate (ARC)    20     You are required to possess a Resident VISA and an ARC in order to stay in Taiwan for  studying. If you have obtained a Resident VISA before coming to Taiwan, you only need  to apply for an ARC when you ar rive at CCU. This will make things easier. If you did not  apply for a Resident VISA before coming to Taiwan, it is necessary that you apply for a  Resident VISA on your own and then the ARC.    For international students, the Alien Resident Certificate (ARC) serves as their', 'a hat or a pair of  color glasses. Please refer to the sample photo.  If you are worried that the photos taken in  your country may not meet the requirement,  you can take a new photo at CCU campus  photo shop.    4 Your flight ticket to Taiwan   5 Original Diploma and Transcript (Original version)       6  Authenticated version of the Diploma and Transcript (If the original versions  are not in English or Chinese, the English-translated or Chinese-translated  versions should be authenticated as well.)  *Notes: CCU reserves the right to cancel your admission if the above documents are not  presented on the new students’ registration   day.        7  Personal fund  A personal fund of NT $60,000 (approximately US $2,000) for per semester  is suggested.        8  Clothes and other personal belongings/medication  The voltage in Taiwan is 110 V, and the plug please  refer to the sample photo.          9  Telephone  The country code for Taiwan is “886”. This code is needed when someone wants to  make a call to', '19      4.3 Health Examination     All new students are asked to do a simple health check on campus, even if you have  already done the Health Check that the Taipei Representative Office has required.  Notes:  If you wear glasses or contact lenses, please bring the glasses on the day of health  check so that your post-treatment eyesight can be tested.  4.4 Health Insurance    During your stay in Taiwan, you have to apply for health insurance for your own health  and well-being. There are two kinds of insurances available for international students.   The National Health Insurance is for the international students who have an ARC for  more than 6 months.  The Medical Insurance is for the international students who don’t have an ARC or  staying less than 6 months.  You only need to apply for either one of them. Please refer to the following website for  details: https://www.nhi.gov.tw/en/mp-2.html    I. Short-term Medical and Injury Insurance  According to Article 21 of the MOE Regulations Regarding']","You are required to possess a Resident VISA and an Alien Resident Certificate (ARC) in order to stay in Taiwan for studying. If you have obtained a Resident VISA before coming to Taiwan, you only need to apply for an ARC when you arrive at CCU. This will make things easier. If you did not apply for a Resident VISA before coming to Taiwan, it is necessary that you apply for a Resident VISA on your own and then the ARC. For international students, the Alien Resident Certificate (ARC) serves as their ID card.",1.0,0.6669962614619657,0.0,Llama3.1
Do you need an appointment to visit a clinic in Taiwan?,"['Most clinics accept walk-in registrations, so you can usually see a doctor without an appointment as long as you visit during clinic hours. However, you may need to wait during busy periods.', 'Without NHI, medical costs vary depending on the clinic or hospital.\n\nA single outpatient visit at a clinic usually costs several hundred New Taiwan dollars. Visiting a large hospital or requiring examinations, emergency care, or medications can cost significantly more.', 'you get medical insurance at first that  can cover your medical procedures in Taiwan.    II. National Health Insurance (NHI)  It is necessary to apply National Health Insurance for staying in Taiwan. According to  Taiwan National Health Insurance Act, only students who have stayed for more than 6  months are qualified for NHI. For example, if the date of issue on your ARC is on March  10th, the nearest date you can apply is Sep. 10th.    Registration  4.5 Applying for Resident Visa and  Alien Resident Certificate (ARC)    20     You are required to possess a Resident VISA and an ARC in order to stay in Taiwan for  studying. If you have obtained a Resident VISA before coming to Taiwan, you only need  to apply for an ARC when you ar rive at CCU. This will make things easier. If you did not  apply for a Resident VISA before coming to Taiwan, it is necessary that you apply for a  Resident VISA on your own and then the ARC.    For international students, the Alien Resident Certificate (ARC) serves as their']","Most clinics accept walk-in registrations, so you can usually see a doctor without an appointment as long as you visit during clinic hours. However, you may need to wait during busy periods.",1.0,0.7344194198102928,0.9999999999,Llama3.1
How much does an outpatient visit at a clinic typically cost without NHI coverage?,"['Without NHI, medical costs vary depending on the clinic or hospital.\n\nA single outpatient visit at a clinic usually costs several hundred New Taiwan dollars. Visiting a large hospital or requiring examinations, emergency care, or medications can cost significantly more.', 'Without an NHI card, medical visits are fully self-paid, meaning you must cover all costs, including consultations, examinations, and medications. The overall expense will be significantly higher.', 'After joining NHI, when you become ill, injured, or need medical care, you can visit NHI-contracted clinics or hospitals to receive outpatient services, inpatient care, and prescribed medications.\n\nSome preventive care services, such as adult health checkups, are also included under NHI coverage.']","A single outpatient visit at a clinic usually costs several hundred New Taiwan dollars. Visiting a large hospital or requiring examinations, emergency care, or medications can cost significantly more. Without an NHI card, medical visits are fully self-paid, meaning you must cover all costs, including consultations, examinations, and medications. The overall expense will be significantly higher.",1.0,0.7843082522572121,0.99999999995,Llama3.1
Why is a health certificate required as part of the ARC application in Taiwan?,"['An ARC application must include a Health Certificate for Residence or Settlement. This is a basic requirement set by the Taiwanese government for long-term foreign residents, to ensure that applicants do not have infectious diseases that could affect public health. The health check must be conducted at a designated hospital, and both the examination items and the certificate format', 'Generally, you need a valid ARC and proof that you are legally staying in Taiwan for a legitimate purpose.\n\nInternational students are usually required to provide proof of enrollment to explain their reason for staying in Taiwan.', 'you get medical insurance at first that  can cover your medical procedures in Taiwan.    II. National Health Insurance (NHI)  It is necessary to apply National Health Insurance for staying in Taiwan. According to  Taiwan National Health Insurance Act, only students who have stayed for more than 6  months are qualified for NHI. For example, if the date of issue on your ARC is on March  10th, the nearest date you can apply is Sep. 10th.    Registration  4.5 Applying for Resident Visa and  Alien Resident Certificate (ARC)    20     You are required to possess a Resident VISA and an ARC in order to stay in Taiwan for  studying. If you have obtained a Resident VISA before coming to Taiwan, you only need  to apply for an ARC when you ar rive at CCU. This will make things easier. If you did not  apply for a Resident VISA before coming to Taiwan, it is necessary that you apply for a  Resident VISA on your own and then the ARC.    For international students, the Alien Resident Certificate (ARC) serves as their']",A health certificate is required as part of the ARC application in Taiwan because it ensures that applicants do not have infectious diseases that could affect public health. This is a basic requirement set by the Taiwanese government for long-term foreign residents.,1.0,0.9999999999999991,0.9999999999,Llama3.1
Where must the health check for an ARC application be conducted?,"['An ARC application must include a Health Certificate for Residence or Settlement. This is a basic requirement set by the Taiwanese government for long-term foreign residents, to ensure that applicants do not have infectious diseases that could affect public health. The health check must be conducted at a designated hospital, and both the examination items and the certificate format', ""(or mail)  the documents to the Health and Welfare Section directly. Please do not  send them to other offices , as health check -up reports contain sensitive  personal information, and the school will not be responsible for any data  leaks or loss during the process.  Information for   Health Examination    55          5. Fasting Requirement:   Before going to the off -campus hospital, please ask the hospital's check -up  department whether fasting is required, as this could affect the check -up  process.             Click here to check hospitals near CCU Information for   Health Examination    56          Health Examination for CCU and ARC  In order to follow government policy, after you register in CCU, you have to  go to the hospital to do your health examination as soon as possible and  provide the health examination report to the Health Center of CCU. Also, in  order to apply for ARC , you must provide your health examination report.  Please complete both health examinations as soon as possible."", ""(or mail)  the documents to the Health and Welfare Section directly. Please do not  send them to other offices , as health check -up reports contain sensitive  personal information, and the school will not be responsible for any data  leaks or loss during the process.  Information for   Health Examination    55          5. Fasting Requirement:   Before going to the off -campus hospital, please ask the hospital's check -up  department whether fasting is required, as this could affect the check -up  process.             Click here to check hospitals near CCU Information for   Health Examination    56          Health Examination for CCU and ARC  In order to follow government policy, after you register in CCU, you have to  go to the hospital to do your health examination as soon as possible and  provide the health examination report to the Health Center of CCU. Also, in  order to apply for ARC , you must provide your health examination report.  Please complete both health examinations as soon as possible.""]","The health check for an ARC application must be conducted at a designated hospital. You should mail the health examination report directly to the Health and Welfare Section. Please do not send them to other offices, as health check-up reports contain sensitive personal information.",1.0,0.9050060081925837,0.9999999999666667,Llama3.1
What types of food are available at the student cafeteria inside the CCU Activity Center?,"['For noodle lovers, places such as Red Pavilion Noodles, Beef Tendon Earl, Da Si Xi Beef Noodles, and Hao Wei Noodle House offer dry noodles, beef noodles, and traditional soup noodles, and are regular choices for many students.\n\nFried food and late-night snacks are especially popular near CCU. Shops such as Cai Ge Fried Chicken, Feng Fried Chicken, Chung Cheng Chicken Yard, Hai Pai Fried Snacks, and Ai Hen Pepper Chicken usually open from evening until late night or even early morning, making them ideal for late-night meals after studying. For braised snacks, Wen Family Cold Braised Snacks, Ten Mu Tian Braised Snacks, You Go Braised Snacks, and Hao Ji Braised Snacks are also very popular and mostly operate in the evening.', 'The campus mainly has convenience stores and student cafeterias.\n\nFor convenience stores, CCU has three FamilyMart locations: on the second floor of the Activity Center, on the first floor of the Classroom Building, and inside the Student Housing building. These stores are convenient for buying drinks, bread, or simple meals.', 'Most convenience stores near CCU are FamilyMart. There are three on campus, located in the Activity Center (2F), the Classroom Building (1F), and the Student Housing building.']","The student cafeteria inside the CCU Activity Center offers food. However, the specific types of food available are not mentioned in the context.",0.5,0.0,0.0,Llama3.1
Where on campus can students buy a quick meal or snack besides the cafeteria?,"['The campus mainly has convenience stores and student cafeterias.\n\nFor convenience stores, CCU has three FamilyMart locations: on the second floor of the Activity Center, on the first floor of the Classroom Building, and inside the Student Housing building. These stores are convenient for buying drinks, bread, or simple meals.', 'On campus, you can visit the Campus Store (員生社) to buy most daily items, including bedding, toiletries, stationery, snacks, fruits, and vegetables.\n\nOff campus, Mei Lian She (美聯社) also sells similar daily goods.', 'compared to convenience stores. It is one of the most popular places for students to shop for groceries and household items.']","You can buy a quick meal or snack at the Campus Store (員生社) or Mei Lian She (美聯社) off campus. On campus, you can also visit the convenience stores, specifically FamilyMart, which has three locations: on the second floor of the Activity Center, on the first floor of the Classroom Building, and inside the Student Housing building.",0.8571428571428571,0.9382018533146311,0.9999999999,Llama3.1
Where on campus can students buy daily necessities such as bedding and toiletries?,"['On campus, you can visit the Campus Store (員生社) to buy most daily items, including bedding, toiletries, stationery, snacks, fruits, and vegetables.\n\nOff campus, Mei Lian She (美聯社) also sells similar daily goods.', 'compared to convenience stores. It is one of the most popular places for students to shop for groceries and household items.', 'Daily amenities around the campus gate mainly include restaurants and convenience stores, which meet basic living needs.']","To buy daily necessities such as bedding and toiletries, you can visit the Campus Store (員生社) on campus. They sell most daily items, including bedding, toiletries, stationery, snacks, fruits, and vegetables. Alternatively, you can also go to Mei Lian She (美聯社) off campus, which sells similar daily goods compared to convenience stores.",1.0,0.9565622300110684,0.9999999999,Llama3.1
"Where is the nearest large supermarket to CCU, and how far is it?","['There are no large shopping centers very close to the university, but there are two PX Mart locations about 4–5 kilometers from CCU. PX Mart is a well-known supermarket chain in Taiwan where you can buy a more complete selection of daily necessities, as well as fresher and more diverse ingredients compared to convenience stores. It is one of the most popular places for students to', 'Most convenience stores near CCU are FamilyMart. There are three on campus, located in the Activity Center (2F), the Classroom Building (1F), and the Student Housing building.', 'Shops  There are three convenient stores “Family Mart” on the campus .One is located  in the Students Activity Center; it opens for 24 hours. The other one open during  the office hour and it locates in the center of general education. Except the  convenient stores, there are also beverage shop, coffee shop, vegetarian food  stand, noodle shop, fruit shop, post office, hair -cut salon, bookstore, and so  forth, located in the Student Activity Center. You can even become the  University Supermarket’s “shareholder” by simp ly buy a share of NT$100 and  get your yearly bonus. That NT$100 share is refundable when you graduate.    Hospitals and Clinics  CCU provides on-campus clinics in Health Center. Some Hospitals information  is provided below：    Hospital Address Telephone Website  Tzu Chi Hospital  (Dalin)  No.2, Minsheng Rd., Dalin  Township, Chiayi County 622,  Taiwan  (05) 264-8000  (ext. 5920, 5921)  https://dalin.tzuchi- healthcare.org.tw/   Chiayi Christian  Hospital  No.539, Zhongxiao Rd., East  Dist,']","There are two PX Mart locations about 4–5 kilometers from CCU. PX Mart is a well-known supermarket chain in Taiwan where you can buy a more complete selection of daily necessities, as well as fresher and more diverse ingredients compared to convenience stores. It is one of the most popular places for students to shop.",1.0,0.6136756108719426,0.9999999999,Llama3.1
Where can students buy textbooks and stationery on the CCU campus?,"['The campus mainly has convenience stores and student cafeterias.\n\nFor convenience stores, CCU has three FamilyMart locations: on the second floor of the Activity Center, on the first floor of the Classroom Building, and inside the Student Housing building. These stores are convenient for buying drinks, bread, or simple meals.', 'If you need to make copies or print on campus, you can use the services provided by the CCU Library and the Information Center.', 'Most convenience stores near CCU are FamilyMart. There are three on campus, located in the Activity Center (2F), the Classroom Building (1F), and the Student Housing building.']","There are no stores on campus that sell textbooks and stationery. However, there are convenience stores where you can buy simple items. If you need to make copies or print, you can use the services provided by the CCU Library and the Information Center.",0.75,0.8017022564997328,0.0,Llama3.1
"Can students renew borrowed books at the CCU Library, and how many times?","['the books you borrow are  reserved by others.  4. To protect your privilege, you are recommended to check your borrowing  status every 10 days at the following site   ( https://lib.ccu.edu.tw/ ).  5. Method: Library Home Page & Select「My Account/Renew」.  (https://idm.lib.ccu.edu.tw/sso/idm/saml2/login/?next=/saml2/idp/logi n /process/).  6. Use email for receiving library announcement  ⚫ To protect the environment, it is preferred to reduce the paper used by  announcements.  ⚫ School library does not have record of your email address. You will have  to register yourself.  ⚫ Method: Log in school website → Select「個人借閱查詢」→ Login  → Select「修改住址/E-mail」.  7. Food and beverage are not allowed in the library.  8. Please turn your cell phone to vibration mode in the library  ⚫ Food residuals may cause crawling insects, and destroy  environmental  cleanliness; improper use of cell phone may affect the rights of others.  ⚫ Violator of these regulations is subject to mark down of points, and may  lose the borrowing', 'Students may borrow home-use audiovisual materials from the CCU Library, with a maximum of 4 items at a time. The loan period for these materials is 7 days.\n\nIf audiovisual materials are needed for student clubs or events and are approved by the relevant units, public-performance versions may also be borrowed according to library regulations.', 'As long as you are a currently enrolled student at National Chung Cheng University, you can use your student ID to borrow books from the CCU Library, regardless of whether you are an international student.']","Sorry, I am not sure about it. Maybe you could turn to OIA for help.",0.0,0.0,0.0,Llama3.1
What types of library materials can only be used inside the library and cannot be checked out?,"['Materials such as reference books, journals, newspapers, course reserves designated by professors, and special collections like maps or microforms are generally for in-library use only.\n\nFor course reserve books, students may register at the service counter with their student ID and borrow up to 4 items for 2 hours of in-library use.', 'Please note that newly acquired audiovisual materials are generally restricted to in-library use only during the first two months after being shelved and cannot be borrowed during that period.', 'If no other user has reserved the materials, the usage time may be extended according to library regulations.']","Materials such as reference books, journals, newspapers, course reserves designated by professors, and special collections like maps or microforms are generally for in-library use only. For course reserve books, students may register at the service counter with their student ID and borrow up to 4 items for 2 hours of in-library use. Newly acquired audiovisual materials are generally restricted to in-library use only during the first two months after being shelved and cannot be borrowed during that period.",1.0,0.6944670609780242,0.99999999995,Llama3.1
"How many course reserve items can a student borrow at once, and for how long?","['Materials such as reference books, journals, newspapers, course reserves designated by professors, and special collections like maps or microforms are generally for in-library use only.\n\nFor course reserve books, students may register at the service counter with their student ID and borrow up to 4 items for 2 hours of in-library use.', 'Students may also make online reservations in advance. Each person may hold up to four time slots at the same time.', 'Students may borrow home-use audiovisual materials from the CCU Library, with a maximum of 4 items at a time. The loan period for these materials is 7 days.\n\nIf audiovisual materials are needed for student clubs or events and are approved by the relevant units, public-performance versions may also be borrowed according to library regulations.']","For course reserve books, students may borrow up to 4 items for 2 hours of in-library use.",1.0,0.9262556513821204,0.9999999999,Llama3.1
What public spaces at CCU are suitable for resting or reading between classes?,"['There are several public spaces on campus that are suitable for resting or reading.\n\nInside the CCU Library, in addition to self-study rooms, there are general reading areas and seating where you can read quietly or use a laptop.\n\nThe Activity Center also has open seating and public spaces that are suitable for short breaks, waiting for others, or light reading.', 'The CCU Library provides self-study rooms, research carrels, and discussion rooms to meet different student needs.\n\nSelf-study rooms are designed for quiet study. Students may enter by scanning their student ID during opening hours and select seats through the system.', ""may cause crawling insects, and destroy  environmental  cleanliness; improper use of cell phone may affect the rights of others.  ⚫ Violator of these regulations is subject to mark down of points, and may  lose the borrowing privilege, access to audio -visual center, and access  to library facilities!   CCU Campus Life    32      The layout of each floor is as follows:  https://lib.ccu.edu.tw/p/426-1011-57.php?Lang=zh-tw    Basement Study room (open for 24 hours during the midterm and finals  weeks)  1st floor  Audio-Visual Center, Cafeteria, Offices of Acquisition and  Cataloging Division, Audio -Visual Resources Division, Center  of language study, Center of cultural events  2nd floor  General Information Desk, Reference Desk, Circulation Desk,  Database Research Area, Reference Materials, Microform  Materials, Current Journals, Photocopy Room, Office of  Reader's Services Division  3rd floor Newspapers Reading Area, Bound Western Journals, Art  Exhibition Hall, Study Carrels  4th floor Bound East-Asian""]","There are several public spaces on campus that are suitable for resting or reading. The CCU Library has general reading areas and seating where you can read quietly or use a laptop. The Activity Center also has open seating and public spaces that are suitable for short breaks, waiting for others, or light reading.",1.0,0.8508069138614344,0.9999999999666667,Llama3.1
Where can CCU students use computers on campus free of charge?,"['The Information Center, located next to the main entrance of the CCU Library, provides a computer-use area with several computers available for students to use free of charge.', 'King bus http://www.kingbus.com.tw/  8 Taiwan High Speed Rail https://www.thsrc.com.tw/index_en.html  9 Taiwan Railways administration  https://tip.railway.gov.tw/tra-tip- web/tip?lang=EN_US  10 Travel in Chiayi City https://travel.chiayi.gov.tw/English  11 Travel in Chiayi County https://tbocc.cyhg.gov.tw/en/  12 Chiayi County Performing Art Center https://cypac.cyhg.gov.tw/en/  13 Chiayi County Police Bureau https://www.cypd.gov.tw/english    CCU Campus Life    30      Computer  Our campus network has been built up nearly perfect. Users can connect to  Internet from any labs or offices on campus, or even residence halls. There  are also 6 computer classrooms in computer center, Library and  Information building, which are open for both students and teaching  purposes.  Opening time as bellow:  ◼ Monday to Friday: 08:00-21:00  (09 : 00 – 17 : 00 during summer and winter vacation)    On-Campus Wireless Internet  Student can log in to CCU wireless network with CCU student email  account and password.  For', 'Any currently enrolled CCU student may use these computers. They are suitable for temporary needs such as internet access, document processing, or information searches.']","You can use computers on campus free of charge at the Information Center, located next to the main entrance of the CCU Library.",1.0,0.8583806980737309,0.9999999999,Llama3.1
Where can students make photocopies or print documents on the CCU campus?,"['Students can use photocopying and printing services at the CCU Library.\n\nTo use the service, first go to the service counter inside the library to borrow a photocopy card. Then proceed to the photocopy room located on the right-hand side after entering the main library entrance, where computers and photocopiers are available.', 'If you need to make copies or print on campus, you can use the services provided by the CCU Library and the Information Center.', ""destroy  environmental  cleanliness; improper use of cell phone may affect the rights of others.  ⚫ Violator of these regulations is subject to mark down of points, and may  lose the borrowing privilege, access to audio -visual center, and access  to library facilities!   CCU Campus Life    32      The layout of each floor is as follows:  https://lib.ccu.edu.tw/p/426-1011-57.php?Lang=zh-tw    Basement Study room (open for 24 hours during the midterm and finals  weeks)  1st floor  Audio-Visual Center, Cafeteria, Offices of Acquisition and  Cataloging Division, Audio -Visual Resources Division, Center  of language study, Center of cultural events  2nd floor  General Information Desk, Reference Desk, Circulation Desk,  Database Research Area, Reference Materials, Microform  Materials, Current Journals, Photocopy Room, Office of  Reader's Services Division  3rd floor Newspapers Reading Area, Bound Western Journals, Art  Exhibition Hall, Study Carrels  4th floor Bound East-Asian Journals, Maps & Atlas, Carrels,""]","To make photocopies or print documents on the CCU campus, you can use the services provided by the CCU Library and the Information Center. First, go to the service counter inside the library to borrow a photocopy card. Then proceed to the photocopy room located on the right-hand side after entering the main library entrance, where computers and photocopiers are available.",1.0,0.9668754803571864,0.9999999999666667,Llama3.1
What is the difference in payment method between printing at the library and at the Information Center?,"['At the Information Center next to the library, printing services are also available. You first add value at the service counter, where staff will ask for your student ID number and load the amount into the system. When using the Information Center computers, you log in with your student ID number and can directly copy or print.', 'At the library, you can use photocopying and printing equipment by first borrowing a photocopy card from the service counter. Then, operate the machines in the copy room and return to the counter afterward to settle the payment. Fees are calculated based on the actual number of pages copied or printed.', 'Please note that the library and the Information Center use different payment methods. You may choose the location that is more convenient for your needs.']","To print at the library, you first borrow a photocopy card from the service counter, operate the machines in the copy room, and then return to the counter to settle the payment based on the actual number of pages copied or printed.

To print at the Information Center, you add value at the service counter by providing your student ID number, and then log in with your student ID number to directly copy or print.",1.0,0.8156348420810859,0.8333333332916666,Llama3.1
"Where is the CCU Post Office located, and what services does it offer?","['The CCU Post Office is located on the first floor of the Activity Center.\n\nAt the post office, you can send letters and parcels, receive registered mail, and use basic financial services such as deposits, withdrawals, transfers, and bill payments. You can also purchase stamps and postal supplies.', 'If you need to make copies or print on campus, you can use the services provided by the CCU Library and the Information Center.', 'CRS-I form, and   NTD 100 to the Post Office in CCU to apply for your financial   account of Post Office.']","The CCU Post Office is located on the first floor of the Activity Center. You can send letters and parcels, receive registered mail, and use basic financial services such as deposits, withdrawals, transfers, and bill payments. You can also purchase stamps and postal supplies.",1.0,0.9025258357420212,0.9999999999,Llama3.1
What outdoor sports facilities are available at the CCU Sports Center?,"['Facilities  National Chung Cheng University has the most beautiful campus in Taiwan, and  comprehensive sports facilities. Our outdoor facilities include: 12 tennis courts,  6 volleyball courts, 6 basketball courts, a soccer field, a softball field, a baseball  field, go lf driving range, track, and swimming pool. We also have a large  gymnasium that houses weight training equipment, bowling center, table tennis  courts, squash racquet courts, and etc.      CCU Campus Life    34      Driver’s license  If you want to drive in Taiwan, you must have a driving license. It’s left- hand  drive in Taiwan. You may either takes the exam for driver’s license or  change your home country driving license to Taiwan driving license at  Directorate General of Highways, MOTC. Please note that it is illegal to drive  without a valid driving license. The maximum penalty is NT$24,000 for both  motorcycles and cars. For further information about driving license, please  do not hesitate to visit the website at', 'Facilities  National Chung Cheng University has the most beautiful campus in Taiwan, and  comprehensive sports facilities. Our outdoor facilities include: 12 tennis courts,  6 volleyball courts, 6 basketball courts, a soccer field, a softball field, a baseball  field, go lf driving range, track, and swimming pool. We also have a large  gymnasium that houses weight training equipment, bowling center, table tennis  courts, squash racquet courts, and etc.      CCU Campus Life    34      Driver’s license  If you want to drive in Taiwan, you must have a driving license. It’s left- hand  drive in Taiwan. You may either takes the exam for driver’s license or  change your home country driving license to Taiwan driving license at  Directorate General of Highways, MOTC. Please note that it is illegal to drive  without a valid driving license. The maximum penalty is NT$24,000 for both  motorcycles and cars. For further information about driving license, please  do not hesitate to visit the website at', 'University has the most beautiful campus in Taiwan, and  comprehensive sports facilities. Our outdoor facilities include: 12 tennis courts,  6 volleyball courts, 6 basketball courts, a soccer field, a softball field, a baseball  field, golf driving range, track, and swimming pool. We also have a large  gymnasium that houses weight training equipment, bowling center, table tennis  courts, squash racquet courts, and etc.      CCU Campus Life    34      Driver’s license  If you want to drive in Taiwan, you must have a driving license. It’s left- hand  drive in Taiwan. You may either takes the exam for driver’s license or  change your home country driving license to Taiwan driving license at  Directorate General of Highways, MOTC. Please note that it is illegal to drive  without a valid driving license. The maximum penalty is NT$24,000 for both  motorcycles and cars. For further information about driving license, please  do not hesitate to visit the website at https://www.mvdis.gov.tw/m3-emv- eng/    Required']","The outdoor sports facilities available at the CCU Sports Center include:
- 12 tennis courts
- 6 volleyball courts
- 6 basketball courts
- a soccer field
- a softball field
- a baseball field
- a golf driving range
- a track
- a swimming pool",1.0,0.9999999999999992,0.9999999999666667,Llama3.1
What indoor sports facilities are available at the CCU Sports Center?,"['Indoor facilities are mainly located in the Sports Center and include multipurpose indoor courts, an indoor running track, squash courts, a gym, table tennis rooms, dance studios, martial arts rooms, an auditorium, badminton courts, and a climbing wall.', 'The National Chung Cheng University Sports Center provides a wide range of indoor and outdoor sports facilities.', 'Students may use Sports Center facilities by bringing their student ID and scanning it at the entrance to verify their identity.\n\nAfter verification, students may enter and use general sports facilities and the swimming pool free of charge.\n\nNon-CCU individuals are required to purchase tickets according to regulations.']","The indoor sports facilities available at the CCU Sports Center include multipurpose indoor courts, an indoor running track, squash courts, a gym, table tennis rooms, dance studios, martial arts rooms, an auditorium, badminton courts, and a climbing wall.",1.0,0.9999999999999997,0.9999999999,Llama3.1
"Does CCU have a swimming pool, and what activities does it support?","['In addition, the swimming complex also has an indoor heated standard swimming pool, which supports activities such as water polo, diving, and training.\n\nOverall, whether for daily exercise, fitness training, or group activities, the campus offers a wide variety of sports facilities to meet different needs.', 'CCU dormitories provide a variety of shared living facilities to support daily life.\n\nSelf-service washing machines and dryers are available for laundry needs, and most dormitory buildings also include common rooms or shared spaces for resting, socializing, or studying.', 'Students may use Sports Center facilities by bringing their student ID and scanning it at the entrance to verify their identity.\n\nAfter verification, students may enter and use general sports facilities and the swimming pool free of charge.\n\nNon-CCU individuals are required to purchase tickets according to regulations.']","CCU has a swimming pool that supports activities such as water polo, diving, and training. Students can use the swimming pool free of charge by bringing their student ID and scanning it at the entrance. Non-CCU individuals are required to purchase tickets according to regulations.",1.0,0.9254490651791606,0.8333333332916666,Llama3.1
"Where is the Health Care Center located on the CCU campus, and what are its service hours?","['National Chung Cheng University has a Health Care Center located on the second floor of the Activity Center. Service hours are Monday to Friday, from 9:00 a.m. to 5:00 p.m.', 'Rd., Dalin  Township, Chiayi County 622,  Taiwan  (05) 264-8000  (ext. 5920, 5921)  https://dalin.tzuchi- healthcare.org.tw/   Chiayi Christian  Hospital  No.539, Zhongxiao Rd., East  Dist, Chiayi City 600, Taiwan (05) 2764994 http://elearn2.cych.org.tw /1900/en/index.php  Chang Gung  Memorial Hospital  (Chiayi)  No.8, Sec. W., Jiapu Rd., Puzi  City, Chiayi County 613, Taiwan (05) 3621000 https://www.cgmh.org.tw/e ng/about/system  St. Martin De Porres  Hospital  No.565, Sec. 2, Daya Rd., East  Dist., Chiayi City 600, Taiwan (05) 2756555 https://www.stm.org.tw/s tm_en/  Huider Clinic  No. 281, Sec 1, University Road,  Minxiong Township, Chiayi  County 621, Taiwan  (05) 2721665 https://www.facebook.com /wedeclinic?locale=zh_TW CCU Campus Life    28        Eating-out  Besides enjoying your meals on campus restaurants, you also can find more  restaurants off the campus. For example, walking straight from the front gate of  CCU, you will find many restaurants, stands along two sides of the roads.  Furthermore,', 'provided.    On Campus Shops  There are three convenient stores “Family Mart” on the campus .One is located  in the Students Activity Center; it opens for 24 hours. The other one open during  the office hour and it locates in the center of general education. Except the  convenient stores, there are also beverage shop, coffee shop, vegetarian food  stand, noodle shop, fruit shop, post office, hair -cut salon, bookstore, and so  forth, located in the Student Activity Center. You can even become the  University Supermarket’s “shareholder” by simp ly buy a share of NT$100 and  get your yearly bonus. That NT$100 share is refundable when you graduate.    Hospitals and Clinics  CCU provides on-campus clinics in Health Center. Some Hospitals information  is provided below：    Hospital Address Telephone Website  Tzu Chi Hospital  (Dalin)  No.2, Minsheng Rd., Dalin  Township, Chiayi County 622,  Taiwan  (05) 264-8000  (ext. 5920, 5921)  https://dalin.tzuchi- healthcare.org.tw/   Chiayi Christian  Hospital  No.539,']","The Health Care Center is located on the second floor of the Activity Center. It is open from Monday to Friday, 9:00 a.m. to 5:00 p.m.",1.0,0.8146586471024225,0.9999999999,Llama3.1
What types of medical equipment can students borrow from the CCU Health Care Center?,"['At the Health Care Center, you can borrow basic medical and assistive equipment, including crutches, cold packs, hot packs, first-aid kits, and thermometers.', 'Students may borrow home-use audiovisual materials from the CCU Library, with a maximum of 4 items at a time. The loan period for these materials is 7 days.\n\nIf audiovisual materials are needed for student clubs or events and are approved by the relevant units, public-performance versions may also be borrowed according to library regulations.', 'Students can use photocopying and printing services at the CCU Library.\n\nTo use the service, first go to the service counter inside the library to borrow a photocopy card. Then proceed to the photocopy room located on the right-hand side after entering the main library entrance, where computers and photocopiers are available.']","You can borrow basic medical and assistive equipment, including crutches, cold packs, hot packs, first-aid kits, and thermometers from the CCU Health Care Center.",0.5,0.9493016658696449,0.9999999999,Llama3.1
What self-service health measurements can students take at the CCU Health Care Center?,"['Overseas Chinese Students:   They may need to complete additional health check-up items, specifically  the ""Residence or Settlement Health Check-up Items Form”.  You can find two kinds of form in handbook or the website.    Information for   Health Examination    52              6. Further Details:   For more information, please refer to the Health and Welfare Section\'s  webpage or follow their Facebook/Instagram.       Information for   Health Examination    53            On-campus health Examination    What When Remark  Do a health check to  complete the CCU  student Health  Examination  115.03.05 (Thu)  09:30-13:30    * Please come before  13:00.  Mandatory for every new student  Fees: NTD$630    Documents required:  ⚫ Your passport  ⚫ CCU student Health Examination form    If you miss the health check that we arrange  on campus, you must go to the hospital by  yourself. The fees will be more expensive.      Health Check-up Instructions  1. Please be sure to bring the health check-up form and fill out the', 'Overseas Chinese Students:   They may need to complete additional health check-up items, specifically  the ""Residence or Settlement Health Check-up Items Form”.  You can find two kinds of form in handbook or the website.    Information for   Health Examination    52              6. Further Details:   For more information, please refer to the Health and Welfare Section\'s  webpage or follow their Facebook/Instagram.       Information for   Health Examination    53            On-campus health Examination    What When Remark  Do a health check to  complete the CCU  student Health  Examination  115.03.05 (Thu)  09:30-13:30    * Please come before  13:00.  Mandatory for every new student  Fees: NTD$630    Documents required:  ⚫ Your passport  ⚫ CCU student Health Examination form    If you miss the health check that we arrange  on campus, you must go to the hospital by  yourself. The fees will be more expensive.      Health Check-up Instructions  1. Please be sure to bring the health check-up form and fill out the', 'items, specifically  the ""Residence or Settlement Health Check-up Items Form”.  You can find two kinds of form in handbook or the website.    Information for   Health Examination    52              6. Further Details:   For more information, please refer to the Health and Welfare Section\'s  webpage or follow their Facebook/Instagram.       Information for   Health Examination    53            On-campus health Examination    What When Remark  Do a health check to  complete the CCU  student Health  Examination  114.09.03 (Wed)  09:00-10:00    * Please come before  10:00.  Mandatory for every new student  Fees: NTD$630    Documents required:  ⚫ Your passport  ⚫ CCU student Health Examination form    If you miss the health check that we arrange  on campus, you must go to the hospital by  yourself. The fees will be more expensive.      Health Check-up Instructions  1. Please be sure to bring the health check-up form and fill out the self-reported  sections on the front. For the 3 days prior to the check-up,']","Self-service health measurements that students can take at the CCU Health Care Center are not explicitly mentioned in the provided context. However, the context does mention that students can do a health check to complete the CCU student Health Examination.",1.0,0.0,0.0,Llama3.1
Is enrollment in CCU's Student Group Insurance mandatory?,"['The Student Group Insurance at National Chung Cheng University is a group insurance plan that provides basic coverage for enrolled students. As long as you have student status at CCU, including students on leave, you may choose to enroll voluntarily. Enrollment is not mandatory, but the university encourages participation to ensure students have basic financial protection in case of accidents or hospitalization.', 'items, specifically  the ""Residence or Settlement Health Check-up Items Form”.  You can find two kinds of form in handbook or the website.    Information for   Health Examination    52              6. Further Details:   For more information, please refer to the Health and Welfare Section\'s  webpage or follow their Facebook/Instagram.       Information for   Health Examination    53            On-campus health Examination    What When Remark  Do a health check to  complete the CCU  student Health  Examination  114.09.03 (Wed)  09:00-10:00    * Please come before  10:00.  Mandatory for every new student  Fees: NTD$630    Documents required:  ⚫ Your passport  ⚫ CCU student Health Examination form    If you miss the health check that we arrange  on campus, you must go to the hospital by  yourself. The fees will be more expensive.      Health Check-up Instructions  1. Please be sure to bring the health check-up form and fill out the self-reported  sections on the front. For the 3 days prior to the check-up,', 'Non-CCU individuals are required to purchase tickets according to regulations.\n\nPlease note that although students do not need to pay to enter the Sports Center itself, use of the gym still requires a NT$30 fee per visit.']",Enrollment in CCU's Student Group Insurance is not mandatory. Students can choose to enroll voluntarily. The university encourages participation to ensure students have basic financial protection in case of accidents or hospitalization.,1.0,0.9934581032108362,0.9999999999,Llama3.1
What types of accidents are covered under CCU's Student Group Insurance?,"['The main coverage falls into two categories: accidental injuries and illnesses. Accidental injuries include situations such as traffic accidents, falls while walking or exercising, burns or scalds, sports injuries, and animal or insect bites. For illnesses, coverage mainly focuses on hospitalization and surgery. General outpatient visits for illnesses are usually not covered.', 'The Student Group Insurance at National Chung Cheng University is a group insurance plan that provides basic coverage for enrolled students. As long as you have student status at CCU, including students on leave, you may choose to enroll voluntarily. Enrollment is not mandatory, but the university encourages participation to ensure students have basic financial protection in case of accidents or hospitalization.', 'Student group insurance does not cover outpatient visits for illnesses, emergency visits for illnesses, or outpatient dental procedures, unless they are caused by accidental injuries.']","The Student Group Insurance at National Chung Cheng University covers accidental injuries, including traffic accidents, falls while walking or exercising, burns or scalds, sports injuries, and animal or insect bites. It also covers hospitalization and surgery for illnesses. However, general outpatient visits for illnesses and emergency visits for illnesses are usually not covered. Outpatient dental procedures are also not covered, unless they are caused by accidental injuries.",1.0,0.6942611676579599,0.8333333332916666,Llama3.1
Does CCU's Student Group Insurance cover general outpatient visits for illness?,"['Student group insurance does not cover outpatient visits for illnesses, emergency visits for illnesses, or outpatient dental procedures, unless they are caused by accidental injuries.', 'The Student Group Insurance at National Chung Cheng University is a group insurance plan that provides basic coverage for enrolled students. As long as you have student status at CCU, including students on leave, you may choose to enroll voluntarily. Enrollment is not mandatory, but the university encourages participation to ensure students have basic financial protection in case of accidents or hospitalization.', 'The main coverage falls into two categories: accidental injuries and illnesses. Accidental injuries include situations such as traffic accidents, falls while walking or exercising, burns or scalds, sports injuries, and animal or insect bites. For illnesses, coverage mainly focuses on hospitalization and surgery. General outpatient visits for illnesses are usually not covered.']",General outpatient visits for illnesses are usually not covered by CCU's Student Group Insurance.,1.0,0.9885187101086039,0.9999999999666667,Llama3.1
What categories of student clubs are available at National Chung Cheng University?,"['National Chung Cheng University has a very diverse range of student clubs, which can broadly be categorized into academic, sports, recreational, social, service-oriented, artistic, and music-related clubs. International students are welcome to join based on their interests.\n\nAcademic clubs include groups such as the FinTech Club, AIESEC in CCU, the Innovation and Entrepreneurship Club, the CCU Cybersecurity Research Club, the Debate Club, and the Astronomy Club.', 'National Chung Cheng University provides on-campus student dormitories that enrolled students, including international students, can apply for.', 'National Chung Cheng University offers a wide variety of on-campus activities.\n\nAlmost every department and administrative unit regularly organizes different types of events, including academic lectures, coursework- and research-related activities, as well as activities focused on stress relief, mental and physical well-being, career exploration, and employment guidance.']","National Chung Cheng University has a diverse range of student clubs, categorized into academic, sports, recreational, social, service-oriented, artistic, and music-related clubs. Academic clubs include the FinTech Club, AIESEC in CCU, the Innovation and Entrepreneurship Club, the CCU Cybersecurity Research Club, the Debate Club, and the Astronomy Club.",1.0,0.9282074979097263,0.9999999999,Llama3.1
Where can students find the complete and up-to-date list of student clubs at CCU?,"['To view the complete and most up-to-date list of student clubs, you can visit the official website of the CCU Extracurricular Activities Section, which provides information on current clubs, their categories, contact details, and recruitment information.', 'National Chung Cheng University has a very diverse range of student clubs, which can broadly be categorized into academic, sports, recreational, social, service-oriented, artistic, and music-related clubs. International students are welcome to join based on their interests.\n\nAcademic clubs include groups such as the FinTech Club, AIESEC in CCU, the Innovation and Entrepreneurship Club, the CCU Cybersecurity Research Club, the Debate Club, and the Astronomy Club.', 'Most student clubs on campus do not restrict membership by nationality. As long as you are a currently enrolled CCU student, clubs generally welcome international students to join.\n\nWhether a club focuses on academics, sports, music and performance, service, or cultural exchange, you are free to participate according to your interests.']","To view the complete and most up-to-date list of student clubs at CCU, you can visit the official website of the CCU Extracurricular Activities Section. This website provides information on current clubs, their categories, contact details, and recruitment information. International students are welcome to join based on their interests.",1.0,0.9343262569164822,0.9999999999,Llama3.1
Do all on-campus activities at CCU require prior registration?,"['You can visit the CCU Smart Activity and Registration System to view the latest on-campus activity information.\n\nThis system compiles events organized by various departments and administrative units. Simply log in with your university account to browse activity details, including time and location, and complete registration online.', 'Most activities can be found and registered for through the CCU Smart Activity and Registration System, where you can check the latest information and sign up online in a convenient manner.', 'and  Transcript must  be authenticated  by the Taiwanese  Representative  Office in your  country    2. After OIA check  all the required  documents, you  need to go to  Academic Office  to complete the  registration.  6  Health  Check for  Freshmen    Sep 03    (Auditorium)      1. CCU Health  Examination Form   2. Fee NT$630  3. Passport  4. Registration Sheet  Metal Accessories and  contact lenses are not  allowed. If you need to  wear contact lenses,  please bring your own  contact lens case.   Registration  4.1 University Registration    16   No Work Time Location on Required  Document s  Note  7 Registration  Before    Sep 8  (1F of East Wing  Administrative  Building)      1. Photocopy of  Passport & Visa  (with the stamp of  entering Taiwan)  2. Diploma (Photocopy  of Original and  Authenticated  version)  3. Transcript (Photocopy  of Original and  Authenticated  version)  4. Student academic  record entry form  (Print out)  5. Registration sheet          1. The Office of  Academic Affairs  will']",Most on-campus activities at CCU can be found and registered for through the CCU Smart Activity and Registration System. You can log in with your university account to browse activity details and complete registration online.,0.6666666666666666,0.8807693551728825,0.99999999995,Llama3.1
What kinds of activities does the CCU Office of International Affairs organize for international students?,"['The Office of International Affairs at National Chung Cheng University regularly organizes activities specifically designed for international students.\n\nThese activities include orientation events, cultural exchange programs, daily life briefings, and festival experiences, all of which help international students adapt more quickly to campus life and living in Taiwan.', 'experience in pursuing your academic study and research  at CCU.    Since this may be the first time you visit Taiwan or CCU, and there will be many  procedures and responsibilities you will soon have to work on, we have prepared  the Handbook for International Students to help you go through these tasks  smoothly.    In what follows, we first provide a guideline of items you need to prepare before  departure from your home country. We then provide a wide range of useful  information, including answer to many of the questions you may have when you  arrive at National Chung Cheng University. In case you still need any further support,  please feel free to contact our office or visit our English website at  https://oia.ccu.edu.tw/?Lang=en  .     E-mail: ccuoiais@ccu.edu.tw   Phone: 866-5-2720411, ext.17618    Again, welcome to CCU and we are looking forward to seeing you on campus soon.    Best regards,    Office of International Affairs  National Chung Cheng University        Welcome to CCU!          3    01', 'experience in pursuing your academic study and research  at CCU.    Since this may be the first time you visit Taiwan or CCU, and there will be many  procedures and responsibilities you will soon have to work on, we have prepared  the Handbook for International Students to help you go through these tasks  smoothly.    In what follows, we first provide a guideline of items you need to prepare before  departure from your home country. We then provide a wide range of useful  information, including answer to many of the questions you may have when you  arrive at National Chung Cheng University. In case you still need any further support,  please feel free to contact our office or visit our English website at  https://oia.ccu.edu.tw/?Lang=en  .     E-mail: ccuoiais@ccu.edu.tw   Phone: 866-5-2720411, ext.17618    Again, welcome to CCU and we are looking forward to seeing you on campus soon.    Best regards,    Office of International Affairs  National Chung Cheng University        Welcome to CCU!          3    01']","The Office of International Affairs at National Chung Cheng University regularly organizes activities specifically designed for international students. These activities include orientation events, cultural exchange programs, daily life briefings, and festival experiences, all of which help international students adapt more quickly to campus life and living in Taiwan.",1.0,0.7836326580885048,0.9999999999,Llama3.1
Where are international student activities at CCU typically announced?,"['Such events are usually announced through the campus activity registration system or official notices from the Office of International Affairs. International students are encouraged to pay close attention to these announcements.', 'Most student clubs on campus do not restrict membership by nationality. As long as you are a currently enrolled CCU student, clubs generally welcome international students to join.\n\nWhether a club focuses on academics, sports, music and performance, service, or cultural exchange, you are free to participate according to your interests.', 'to CCU and we are looking forward to seeing you on campus soon.    Best regards,    Office of International Affairs  National Chung Cheng University        Welcome to CCU!          3    01  CCU’s Calendar  for  Spring Semester  2026  CCU’s Calendar for Spring Semester 2026 國立中正大學 114 學年度第 2 學期行事曆  4  The academic calendar for CCU(114 學年度行事曆) is available at this website.  https://oia.ccu.edu.tw/p/405-1008-63090,c1425.php?Lang=en  Date 日期 Event  行事  2026.02.20 (Mon.)  Spring semester begins 第 2 學期開始 Dormitory move-in day 學生宿舍進住日  2026.02.23 (Mon.) New Student Registration 新生註冊  2026.02.23 (Mon.) ~ 2026.03.06 (Fri.)  First Course Selection for New Students (including Special Programs) 新生(含專班)第一階段選課  2026.02.25 (Wed.) 2026 Spring welcome orientation for international students 新生說明會  2026.02.27 (Fri.) ~ 2026.02.28 (Sat.)  Peace Memorial Day (day off) 二二八和平紀念日(放假)  2026.03.16 (Mon.)  Deadline for Students to Submit ""Waiver of Student Group Insurance"" 繳交「不參加學生團體保險切結書」截止日  2026.04.01 (Wed.)  Deadline for']",International student activities at CCU are typically announced through the campus activity registration system or official notices from the Office of International Affairs.,1.0,0.9856554150091682,0.9999999999,Llama3.1
How much does a semester in a master's dormitory at CCU typically cost?,"['On-campus dormitory fees at CCU vary by building and room type, but overall they are generally affordable for students.\n\nFor master’s dormitories in Buildings A to D, which are double-occupancy non-suite rooms, the dormitory fee is about NT$7,210 per semester. In addition, there is a one-time deposit of NT$1,600, prepaid electricity of about NT$1,500 for the first semester and about NT$500 for the second semester, and a separate internet fee of NT$1,000 per semester.', '33,000 (3,500 ~ 5,500 per month)  Computer lab fee  Bachelor 1,155 / Master 460 per semester  only pay for it in the first year (two semesters)  Living Expenses  around 54,000 (9,000 per month)  *Actual expenses depend on consumption habits of each person.  Currency Unit: NT (NT$31.40=US$1)  based on the rate on 2026/12/29      10                                03  Accommodation Accommodation    11     1. On-campus accommodation is guaranteed for international students. The first- year-students don’t need to apply; the CCU Office of International Affairs will  arrange it for you . However, your dormitory room will be assigned ; you are  unable to choose your own rooms or roommates.  2. Your dormitory room is not equipped with mattress, pillow, and quilt.  3. Besides the dormitory fee, each one of you has to pay a residence deposit of  NT$1,600 and an electricity cha rge of NT$ 2,000, a total of NT$3, 600 (not  included in CCU scholarship). You will get an IC card saved with NT$1,000 to use  for the', '33,000 (3,500 ~ 5,500 per month)  Computer lab fee  Bachelor 1,155 / Master 460 per semester  only pay for it in the first year (two semesters)  Living Expenses  around 54,000 (9,000 per month)  *Actual expenses depend on consumption habits of each person.  Currency Unit: NT (NT$31.40=US$1)  based on the rate on 2026/12/29      10                                03  Accommodation Accommodation    11     1. On-campus accommodation is guaranteed for international students. The first- year-students don’t need to apply; the CCU Office of International Affairs will  arrange it for you . However, your dormitory room will be assigned ; you are  unable to choose your own rooms or roommates.  2. Your dormitory room is not equipped with mattress, pillow, and quilt.  3. Besides the dormitory fee, each one of you has to pay a residence deposit of  NT$1,600 and an electricity cha rge of NT$ 2,000, a total of NT$3, 600 (not  included in CCU scholarship). You will get an IC card saved with NT$1,000 to use  for the']","The dormitory fee for master's dormitories in Buildings A to D is about NT$7,210 per semester. Additionally, you will need to pay a one-time deposit of NT$1,600, prepaid electricity of about NT$1,500 for the first semester and about NT$500 for the second semester, and a separate internet fee of NT$1,000 per semester.",1.0,0.7320625126725729,0.9999999999666667,Llama3.1
What additional fees besides the dormitory fee do students need to pay when moving into CCU dormitories?,"['Expenses  around 54,000 (9,000 per month)  *Actual expenses depend on consumption habits of each person.  Currency Unit: NT (NT$28.89=US$1)           based on the rate on 2025/7/03      10                                03  Accommodation Accommodation    11     1. On-campus accommodation is guaranteed for international students. The first- year-students don’t need to apply; the CCU Office of International Affairs will  arrange it for you . However, your dormitory room will be assigned ; you are  unable to choose your own rooms or roommates.  2. Your dormitory room is not equipped with mattress, pillow, and quilt.  3. Besides the dormitory fee, each one of  you has to pay a residence deposit of  NT$1,600 and an electricity cha rge of NT$ 2,000, a total of NT$3, 600 (not  included in CCU scholarship). You will get an IC card saved with NT$1,000 to use  for the electricity cost of your room. If the amount of NT$1,000 runs out, you  should go to the Dormitory Service Center, with your card & money, to recharge', 'On-campus dormitory fees at CCU vary by building and room type, but overall they are generally affordable for students.\n\nFor master’s dormitories in Buildings A to D, which are double-occupancy non-suite rooms, the dormitory fee is about NT$7,210 per semester. In addition, there is a one-time deposit of NT$1,600, prepaid electricity of about NT$1,500 for the first semester and about NT$500 for the second semester, and a separate internet fee of NT$1,000 per semester.', '33,000 (3,500 ~ 5,500 per month)  Computer lab fee  Bachelor 1,155 / Master 460 per semester  only pay for it in the first year (two semesters)  Living Expenses  around 54,000 (9,000 per month)  *Actual expenses depend on consumption habits of each person.  Currency Unit: NT (NT$31.40=US$1)  based on the rate on 2026/12/29      10                                03  Accommodation Accommodation    11     1. On-campus accommodation is guaranteed for international students. The first- year-students don’t need to apply; the CCU Office of International Affairs will  arrange it for you . However, your dormitory room will be assigned ; you are  unable to choose your own rooms or roommates.  2. Your dormitory room is not equipped with mattress, pillow, and quilt.  3. Besides the dormitory fee, each one of you has to pay a residence deposit of  NT$1,600 and an electricity cha rge of NT$ 2,000, a total of NT$3, 600 (not  included in CCU scholarship). You will get an IC card saved with NT$1,000 to use  for the']","Besides the dormitory fee, you have to pay a residence deposit of NT$1,600 and an electricity charge of NT$2,000, a total of NT$3,600. You will get an IC card saved with NT$1,000 to use for the electricity cost of your room. If the amount of NT$1,000 runs out, you should go to the Dormitory Service Center to recharge.",1.0,0.744662245447732,0.9999999999666667,Llama3.1
Which types of financial institutions in Taiwan are generally more friendly toward international students opening accounts?,"['Based on practical experience, Taiwan’s post offices and some large commercial banks are relatively familiar with international students, and their account opening processes are usually smoother.', 'As long as you hold a valid Alien Resident Certificate (ARC), international students can open a bank account in Taiwan.', 'Opening a bank account in Taiwan is not legally mandatory. However, international students who plan to stay in Taiwan for a longer period are usually advised to open one.']","Taiwan’s post offices and some large commercial banks are relatively familiar with international students, and their account opening processes are usually smoother.",1.0,0.9094852323212438,0.9999999999,Llama3.1
What are the two main transportation methods from Taoyuan International Airport to CCU?,"['Method 1: Airport MRT → High-Speed Rail → CCU (fastest option)\nStep 1: From Terminal 1 (A12) or Terminal 2 (A13), take the Taoyuan Airport MRT to A18 ""THSR Taoyuan Station"". The fare is around NT$35.\nStep 2: Transfer to the High-Speed Rail and ride from THSR Taoyuan to THSR Chiayi Station. The fare is around NT$920.\nStep 3: From THSR Chiayi Station, you can choose one of the following to reach CCU:\n- Taxi: Around NT$600. This is convenient if you have heavy luggage.', 'From Taoyuan International Airport to CCU, there are two main transportation options. You can choose based on whether you care more about speed or cost.', 'YOUR GUIDE TO CCUWelcome to Taiwan! Your Guide to Reaching  National Chung Cheng University (CCU) ✈  For new international students  🧭  Step-by-step travel guide from Taiwan Airports to CCU  🎓  Let’s begin your journey!From Taoyuan Airport to CCU 1.FROM TAOYUAN AIRPORT (TPE)  TO CCU 2.FROM  KAOHSIUNG AIRPORT (KHH)  TO CCU1.Take MRT (Airport MRT) → From Terminal 1 (A12) / 2 (A13)  to     HSR Taoyuan Station (A18)  2.Take Taiwan High-Speed Rail (HSR)(~1 hour 20 minutes /NT$920) From HSR Taoyuan → to HSR Chiayi 3.From HSR Chiayi Station to CCU: Option 1: Taxi (~25 minutes / ~BELOW NT$1,000) Option 2: Bus (Route 106)(~1 hour 20 minutes / ~NT$120) 1.FROM TAOYUAN AIRPORT (TPE) TO CCU STEPS:🚇  Taoyuan Airport MRT( ~20 minutes/ ~NT$35) Board at Terminal 1 (A12) or Terminal 2 (A13) Get off at A18: HSR Taoyuan Station 🚇  HSR Taoyuan to HSR Chiayi Board at HSR Taoyuan Station ，Get off at HSR Chiayi Station You can buy HSR tickets on-site at the station or book online :    👉 https://en.thsrc.com.tw/  🚇  HSR Chiayi']","There are two main transportation methods from Taoyuan International Airport to CCU:

1. Airport MRT → High-Speed Rail → CCU (fastest option)
   - Take the Taoyuan Airport MRT to A18 ""THSR Taoyuan Station"" (NT$35)
   - Transfer to the High-Speed Rail and ride from THSR Taoyuan to THSR Chiayi Station (NT$920)
   - From THSR Chiayi Station, you can choose one of the following to reach CCU:
     - Taxi: Around NT$600
2. Taxi: Around NT$600",0.7777777777777778,0.9964175430784162,0.9999999999666667,Llama3.1
What is the fare for the Taoyuan Airport MRT to THSR Taoyuan Station (A18)?,"['Method 1: Airport MRT → High-Speed Rail → CCU (fastest option)\nStep 1: From Terminal 1 (A12) or Terminal 2 (A13), take the Taoyuan Airport MRT to A18 ""THSR Taoyuan Station"". The fare is around NT$35.\nStep 2: Transfer to the High-Speed Rail and ride from THSR Taoyuan to THSR Chiayi Station. The fare is around NT$920.\nStep 3: From THSR Chiayi Station, you can choose one of the following to reach CCU:\n- Taxi: Around NT$600. This is convenient if you have heavy luggage.', 'The most convenient and fastest option is the **High-Speed Rail (HSR)**.\n\n**Detailed Steps and Estimated Costs:**\n\n**1. TPE Airport to Taoyuan HSR Station (A18)**\n\n* **Mode of Transport:** Taoyuan Airport MRT\n* **Boarding Location:** \n\t* Terminal 1: B2 level\n\t* Terminal 2: B2 level\n* **Route:** Take the train heading towards ""Huanbei"". It is recommended to choose the **Express train (Purple)**, as it stops at A18 Taoyuan HSR Station.\n* **Cost:** Approximately NT$ 30 per person.', 'HSR Taoyuan to HSR Chiayi Board at HSR Taoyuan Station ，Get off at HSR Chiayi Station You can buy HSR tickets on-site at the station or book online :    👉 https://en.thsrc.com.tw/  🚇  HSR Chiayi Station to CCU (BUS:Route 106) Board at HSR Chiayi Station ，Get off at CCU To check bus routes, schedules, and real-time info, visit: https://www.taiwanbus.tw/eBUSPage/Query/QueryResult.as px?rno=07460&rn=1669878703021&lan=E 1.Take MRT (Red Line) → From Kaohsiung Airport Station (R4)    →  Zuoying Station (R16) 2.Take Taiwan High-Speed Rail (HSR)（ ~ 30 minutes/NT$410 ） From HSR Zuoying →  to HSR Chiayi 3.From HSR Chiayi Station to CCU: Option 1: Taxi (~25 minutes / ~BELOW NT$1,000) Option 2: Bus (Route 106)(~1 hour 20 minutes / ~NT$120) 2.FROM KAOHSIUNG AIRPORT (KHH) TO CCU STEPS:🚇  Kaohsiung Airport MRT( ~30 minutes/ ~NT$35) Board at Kaohsiung International Airport (R4)  Get off at Zuoying（ R16) 🚇  HSR Zuoying to HSR Chiayi Board at HSR Zuoying Station ，Get off at HSR Chiayi Station You can buy HSR tickets on-site']",The fare for the Taoyuan Airport MRT to THSR Taoyuan Station (A18) is approximately NT$35.,1.0,0.9999999999999994,0.99999999995,Llama3.1
What is the approximate HSR fare from THSR Taoyuan Station to THSR Chiayi Station?,"['**2. Taoyuan HSR Station to Chiayi HSR Station**\n\n* **Mode of Transport:** Taiwan High Speed Rail (THSR)\n* **Route:** Take a southbound train to Chiayi HSR Station (located in Taibao City).\n* **Cost:** Approximately NT$ 980 per person for Standard Car.\n\n**3. Chiayi HSR Station to National Chung Cheng University**', 'HSR Taoyuan to HSR Chiayi Board at HSR Taoyuan Station ，Get off at HSR Chiayi Station You can buy HSR tickets on-site at the station or book online :    👉 https://en.thsrc.com.tw/  🚇  HSR Chiayi Station to CCU (BUS:Route 106) Board at HSR Chiayi Station ，Get off at CCU To check bus routes, schedules, and real-time info, visit: https://www.taiwanbus.tw/eBUSPage/Query/QueryResult.as px?rno=07460&rn=1669878703021&lan=E 1.Take MRT (Red Line) → From Kaohsiung Airport Station (R4)    →  Zuoying Station (R16) 2.Take Taiwan High-Speed Rail (HSR)（ ~ 30 minutes/NT$410 ） From HSR Zuoying →  to HSR Chiayi 3.From HSR Chiayi Station to CCU: Option 1: Taxi (~25 minutes / ~BELOW NT$1,000) Option 2: Bus (Route 106)(~1 hour 20 minutes / ~NT$120) 2.FROM KAOHSIUNG AIRPORT (KHH) TO CCU STEPS:🚇  Kaohsiung Airport MRT( ~30 minutes/ ~NT$35) Board at Kaohsiung International Airport (R4)  Get off at Zuoying（ R16) 🚇  HSR Zuoying to HSR Chiayi Board at HSR Zuoying Station ，Get off at HSR Chiayi Station You can buy HSR tickets on-site', 'HSR Taoyuan to HSR Chiayi Board at HSR Taoyuan Station ，Get off at HSR Chiayi Station You can buy HSR tickets on-site at the station or book online :    👉 https://en.thsrc.com.tw/  🚇  HSR Chiayi Station to CCU (BUS:Route 106) Board at HSR Chiayi Station ，Get off at CCU To check bus routes, schedules, and real-time info, visit: https://www.taiwanbus.tw/eBUSPage/Query/QueryResult.as px?rno=07460&rn=1669878703021&lan=E 1.Take MRT (Red Line) → From Kaohsiung Airport Station (R4)    →  Zuoying Station (R16) 2.Take Taiwan High-Speed Rail (HSR)（ ~ 30 minutes/NT$410 ） From HSR Zuoying →  to HSR Chiayi 3.From HSR Chiayi Station to CCU: Option 1: Taxi (~25 minutes / ~BELOW NT$1,000) Option 2: Bus (Route 106)(~1 hour 20 minutes / ~NT$120) 2.FROM KAOHSIUNG AIRPORT (KHH) TO CCU STEPS:🚇  Kaohsiung Airport MRT( ~30 minutes/ ~NT$35) Board at Kaohsiung International Airport (R4)  Get off at Zuoying（ R16) 🚇  HSR Zuoying to HSR Chiayi Board at HSR Zuoying Station ，Get off at HSR Chiayi Station You can buy HSR tickets on-site']",The approximate HSR fare from THSR Taoyuan Station to THSR Chiayi Station is NT$ 980 per person for Standard Car.,1.0,0.9614493375102396,0.9999999999,Llama3.1
What is the cheaper long-distance option from Taoyuan Airport to CCU that avoids the HSR?,"['HSR Taoyuan to HSR Chiayi Board at HSR Taoyuan Station ，Get off at HSR Chiayi Station You can buy HSR tickets on-site at the station or book online :    👉 https://en.thsrc.com.tw/  🚇  HSR Chiayi Station to CCU (BUS:Route 106) Board at HSR Chiayi Station ，Get off at CCU To check bus routes, schedules, and real-time info, visit: https://www.taiwanbus.tw/eBUSPage/Query/QueryResult.as px?rno=07460&rn=1669878703021&lan=E 1.Take MRT (Red Line) → From Kaohsiung Airport Station (R4)    →  Zuoying Station (R16) 2.Take Taiwan High-Speed Rail (HSR)（ ~ 30 minutes/NT$410 ） From HSR Zuoying →  to HSR Chiayi 3.From HSR Chiayi Station to CCU: Option 1: Taxi (~25 minutes / ~BELOW NT$1,000) Option 2: Bus (Route 106)(~1 hour 20 minutes / ~NT$120) 2.FROM KAOHSIUNG AIRPORT (KHH) TO CCU STEPS:🚇  Kaohsiung Airport MRT( ~30 minutes/ ~NT$35) Board at Kaohsiung International Airport (R4)  Get off at Zuoying（ R16) 🚇  HSR Zuoying to HSR Chiayi Board at HSR Zuoying Station ，Get off at HSR Chiayi Station You can buy HSR tickets on-site', 'HSR Taoyuan to HSR Chiayi Board at HSR Taoyuan Station ，Get off at HSR Chiayi Station You can buy HSR tickets on-site at the station or book online :    👉 https://en.thsrc.com.tw/  🚇  HSR Chiayi Station to CCU (BUS:Route 106) Board at HSR Chiayi Station ，Get off at CCU To check bus routes, schedules, and real-time info, visit: https://www.taiwanbus.tw/eBUSPage/Query/QueryResult.as px?rno=07460&rn=1669878703021&lan=E 1.Take MRT (Red Line) → From Kaohsiung Airport Station (R4)    →  Zuoying Station (R16) 2.Take Taiwan High-Speed Rail (HSR)（ ~ 30 minutes/NT$410 ） From HSR Zuoying →  to HSR Chiayi 3.From HSR Chiayi Station to CCU: Option 1: Taxi (~25 minutes / ~BELOW NT$1,000) Option 2: Bus (Route 106)(~1 hour 20 minutes / ~NT$120) 2.FROM KAOHSIUNG AIRPORT (KHH) TO CCU STEPS:🚇  Kaohsiung Airport MRT( ~30 minutes/ ~NT$35) Board at Kaohsiung International Airport (R4)  Get off at Zuoying（ R16) 🚇  HSR Zuoying to HSR Chiayi Board at HSR Zuoying Station ，Get off at HSR Chiayi Station You can buy HSR tickets on-site', 'HSR Taoyuan to HSR Chiayi Board at HSR Taoyuan Station ，Get off at HSR Chiayi Station You can buy HSR tickets on-site at the station or book online :    👉 https://en.thsrc.com.tw/  🚇  HSR Chiayi Station to CCU (BUS:Route 106) Board at HSR Chiayi Station ，Get off at CCU To check bus routes, schedules, and real-time info, visit: https://www.taiwanbus.tw/eBUSPage/Query/QueryResult.as px?rno=07460&rn=1669878703021&lan=E 1.Take MRT (Red Line) → From Kaohsiung Airport Station (R4)    →  Zuoying Station (R16) 2.Take Taiwan High-Speed Rail (HSR)（ ~ 30 minutes/NT$410 ） From HSR Zuoying →  to HSR Chiayi 3.From HSR Chiayi Station to CCU: Option 1: Taxi (~25 minutes / ~BELOW NT$1,000) Option 2: Bus (Route 106)(~1 hour 20 minutes / ~NT$120) 2.FROM KAOHSIUNG AIRPORT (KHH) TO CCU STEPS:🚇  Kaohsiung Airport MRT( ~30 minutes/ ~NT$35) Board at Kaohsiung International Airport (R4)  Get off at Zuoying（ R16) 🚇  HSR Zuoying to HSR Chiayi Board at HSR Zuoying Station ，Get off at HSR Chiayi Station You can buy HSR tickets on-site']","To avoid the HSR, take MRT (Red Line) from Kaohsiung Airport Station (R4) to Zuoying Station (R16), then take Taiwan High-Speed Rail (HSR) from HSR Zuoying to HSR Chiayi. From HSR Chiayi Station to CCU, take Bus (Route 106) (~1 hour 20 minutes / ~NT$120).",0.8,0.7554793514882411,0.9999999999666667,Llama3.1
What MRT line and station should you use to travel from Kaohsiung Airport to THSR Zuoying Station?,"['Step 1: Kaohsiung International Airport (KHH) to THSR Zuoying Station\n\n● Boarding Point: MRT ""R4 Kaohsiung International Airport"" Station (B1/B2).\n● Route: Take the Kaohsiung MRT Red Line (Towards Gangshan) to ""R16 Zuoying Station"".\n● Fare: NT$ 50.\n\nStep 2: THSR Zuoying Station to THSR Chiayi Station\n\n● Route: Take a Northbound THSR train to Chiayi Station.\n● Fare: Approx. NT$ 410.', 'Step 2: THSR Chiayi Station to THSR Zuoying Station\n\n● Route: Take a Southbound THSR train to Zuoying Station.\n● Fare: Approx. NT$ 410.\n\nStep 3: THSR Zuoying Station to Kaohsiung International Airport (KHH)\n\n● Route: Transfer to Kaohsiung MRT Red Line (Towards Siaogang). Alight at ""R4 Kaohsiung International Airport"".\n● Fare: NT$ 50.', 'HSR Taoyuan to HSR Chiayi Board at HSR Taoyuan Station ，Get off at HSR Chiayi Station You can buy HSR tickets on-site at the station or book online :    👉 https://en.thsrc.com.tw/  🚇  HSR Chiayi Station to CCU (BUS:Route 106) Board at HSR Chiayi Station ，Get off at CCU To check bus routes, schedules, and real-time info, visit: https://www.taiwanbus.tw/eBUSPage/Query/QueryResult.as px?rno=07460&rn=1669878703021&lan=E 1.Take MRT (Red Line) → From Kaohsiung Airport Station (R4)    →  Zuoying Station (R16) 2.Take Taiwan High-Speed Rail (HSR)（ ~ 30 minutes/NT$410 ） From HSR Zuoying →  to HSR Chiayi 3.From HSR Chiayi Station to CCU: Option 1: Taxi (~25 minutes / ~BELOW NT$1,000) Option 2: Bus (Route 106)(~1 hour 20 minutes / ~NT$120) 2.FROM KAOHSIUNG AIRPORT (KHH) TO CCU STEPS:🚇  Kaohsiung Airport MRT( ~30 minutes/ ~NT$35) Board at Kaohsiung International Airport (R4)  Get off at Zuoying（ R16) 🚇  HSR Zuoying to HSR Chiayi Board at HSR Zuoying Station ，Get off at HSR Chiayi Station You can buy HSR tickets on-site']","To travel from Kaohsiung Airport to THSR Zuoying Station, you should:
1. Board at MRT ""R4 Kaohsiung International Airport"" Station.
2. Take the Kaohsiung MRT Red Line (Towards Gangshan) to ""R16 Zuoying Station"".
3. The fare is NT$ 50.",1.0,0.8934916686099706,0.9999999999666667,Llama3.1
What is the approximate taxi fare from THSR Chiayi Station to CCU?,"['Step 3: From THSR Chiayi Station, choose one of the following ways to reach CCU:\n- Option A: Taxi — Around NT$600. Most convenient, especially if you have luggage.\n- Option B: Bus 106 — Around NT$113. Board at the bus stop outside the HSR station and get off at the CCU stop.', '● Route: Take a Northbound THSR train to Chiayi Station.\n● Fare: Approx. NT$ 410.\n\nStep 3: THSR Chiayi Station to National Chung Cheng University (CCU)', '● Route: Take a Southbound THSR train to Chiayi Station.\n● Fare: Approx. NT$ 380.\n\nStep 3: THSR Chiayi Station to National Chung Cheng University (CCU)']",The taxi fare from THSR Chiayi Station to CCU is around NT$600.,1.0,0.9999999999999994,0.9999999999,Llama3.1
What is the approximate bus fare for Bus 106 from THSR Chiayi Station to CCU?,"['Step 3: From THSR Chiayi Station, choose one of the following ways to reach CCU:\n- Option A: Taxi — Around NT$600. Most convenient, especially if you have luggage.\n- Option B: Bus 106 — Around NT$113. Board at the bus stop outside the HSR station and get off at the CCU stop.', '- Taxi: Around NT$600. This is convenient if you have heavy luggage.\n- Bus 106: Around NT$113. Board at the bus stop outside the HSR station and get off at the CCU stop.', 'Step 3: After arriving at Chiayi or Minxiong Station, you can reach CCU by:\n- From Chiayi Station: Taxi (around NT$500–600) or Bus 106 (around NT$47).\n- From Minxiong Station: Taxi, usually around NT$100–200.']",The bus fare for Bus 106 from THSR Chiayi Station to CCU is around NT$113.,1.0,0.9928309382275731,0.99999999995,Llama3.1
Where is off-campus housing near CCU mainly concentrated?,"['Off-campus housing around National Chung Cheng University is mainly concentrated near the main campus entrance.\n\nMost rental options in this area are student studio apartments or shared rooms. Because they are close to campus, commuting is convenient and suitable for students who do not have transportation or prefer to walk or bike to class.', 'Most convenience stores near CCU are FamilyMart. There are three on campus, located in the Activity Center (2F), the Classroom Building (1F), and the Student Housing building.', 'you also can find more  restaurants off the campus. For example, walking straight from the front gate of  CCU, you will find many restaurants, stands along two sides of the roads.  Furthermore, there are many snacks, and restaurants located in Minxiong  downtown.              38  Around the dormitories at CCU, eateries are generally grouped by  location along the slope. CCU Campus Life    29      Useful Links    NO. ITEM LINK  1 Tourism Bureau https://eng.taiwan.net.tw/  2 Office of International Affairs https://oia.ccu.edu.tw/?Lang=en  3 Buy & Sell of CCU  https://www.facebook.com/groups/6964191703 71204/  4 Ministry of Education https://english.moe.gov.tw/mp-1.html  5 Ministry of Foreign Affairs https://www.boca.gov.tw/mp-2.html   6 Alishan National Scenic Area https://www.ali-nsa.net/en  7 King bus http://www.kingbus.com.tw/  8 Taiwan High Speed Rail https://www.thsrc.com.tw/index_en.html  9 Taiwan Railways administration  https://tip.railway.gov.tw/tra-tip- web/tip?lang=EN_US  10 Travel in Chiayi City']",Off-campus housing near National Chung Cheng University is mainly concentrated near the main campus entrance.,1.0,0.7653974666028508,0.9999999999,Llama3.1
What is the typical monthly rent range for a student studio apartment near CCU?,"['The cost of off-campus housing varies depending on room type, location, and available facilities.\n\nFor students, a typical studio apartment usually costs around NT$4,000 to NT$7,000 per month.', 'On-campus dormitory fees at CCU vary by building and room type, but overall they are generally affordable for students.\n\nFor master’s dormitories in Buildings A to D, which are double-occupancy non-suite rooms, the dormitory fee is about NT$7,210 per semester. In addition, there is a one-time deposit of NT$1,600, prepaid electricity of about NT$1,500 for the first semester and about NT$500 for the second semester, and a separate internet fee of NT$1,000 per semester.', 'Expenses  around 54,000 (9,000 per month)  *Actual expenses depend on consumption habits of each person.  Currency Unit: NT (NT$28.89=US$1)           based on the rate on 2025/7/03      10                                03  Accommodation Accommodation    11     1. On-campus accommodation is guaranteed for international students. The first- year-students don’t need to apply; the CCU Office of International Affairs will  arrange it for you . However, your dormitory room will be assigned ; you are  unable to choose your own rooms or roommates.  2. Your dormitory room is not equipped with mattress, pillow, and quilt.  3. Besides the dormitory fee, each one of  you has to pay a residence deposit of  NT$1,600 and an electricity cha rge of NT$ 2,000, a total of NT$3, 600 (not  included in CCU scholarship). You will get an IC card saved with NT$1,000 to use  for the electricity cost of your room. If the amount of NT$1,000 runs out, you  should go to the Dormitory Service Center, with your card & money, to recharge']","The typical monthly rent range for a student studio apartment near CCU is NT$4,000 to NT$7,000 per month.",0.5,0.9999999999999991,0.9999999999,Llama3.1
"Besides monthly rent, what other fees do tenants typically pay when renting off campus?","['When renting off campus, in addition to the monthly rent, tenants usually need to pay other fees such as a security deposit and utility costs.\n\nThe security deposit is typically equal to one to two months’ rent and is refunded at the end of the lease if the room is returned without damage.', 'The cost of off-campus housing varies depending on room type, location, and available facilities.\n\nFor students, a typical studio apartment usually costs around NT$4,000 to NT$7,000 per month.', 'don’t have NHI card) /  (826*6 months, for new students who have NHI card already)  Rent   a    room  On-campus  Accommodation Fee : 7,530  (Deposit 1,600 & Electricity Fees  2,000 per semester)  Accommodation Fee :  7,210 / 10,130  (Including Winter Vacation 1,100  / Summer Vacation 2,900 in the  payment sheet per semester)  (Deposit 1,600 & Electricity  Fees 2,000 per semester)  Winter Vacation : 1,130  (Deposit 600 & Electricity Fees 500)  Summer Vacation : 3,000  (Deposit 1,000 & Electricity Fees 1,000)  Network connection fees: 1,000  (per semester for on-campus dormitory)  300  (Fees for living in the dormitory during the Chinese New Year period)  Off-campus 21,000 ~ 33,000 (3,500 ~ 5,500 per month)  Computer lab fee  Bachelor 1,155 / Master 460 per semester  only pay for it in the first year (two semesters)  Living Expenses  around 54,000 (9,000 per month)  *Actual expenses depend on consumption habits of each person.  Currency Unit: NT (NT$28.89=US$1)           based on the rate on 2025/7/03      10']","When renting off campus, tenants usually need to pay a security deposit, which is typically equal to one to two months’ rent and is refunded at the end of the lease if the room is returned without damage. Additionally, tenants need to pay utility costs.",1.0,0.8898486070758641,0.8333333332916666,Llama3.1
How is the security deposit for off-campus housing in Taiwan typically calculated?,"['When renting off campus, in addition to the monthly rent, tenants usually need to pay other fees such as a security deposit and utility costs.\n\nThe security deposit is typically equal to one to two months’ rent and is refunded at the end of the lease if the room is returned without damage.', 'pay a residence deposit of  NT$1,600 and an electricity cha rge of NT$ 2,000, a total of NT$3, 600 (not  included in CCU scholarship). You will get an IC card saved with NT$1,000 to use  for the electricity cost of your room. If the amount of NT$1,000 runs out, you  should go to the Dormitory Service Center, with your card & money, to recharge  your card. The rest of NT$500 is reserved for the cost of public space. In the end  of every semester, the Dormitory Service Center will calculate the exact cost of  the electricity charge. If it is greater than the amount paid in the beginning of  semester, you will have to pay the difference.  4. The dormitory doesn’t supply the sheet for tenants. Furthermore, it doesn’t  include kitchen space, so please do not cook in your room.  5. Please ask the buddy assigned by OIA to help you regarding the check in  procedure at Dormitory Service Center.    3.1 Undergraduate student Dormitory  1. Undergraduate: 4 students share a room.  2. Each room is equipped with beds,', 'pay a residence deposit of  NT$1,600 and an electricity cha rge of NT$ 2,000, a total of NT$3, 600 (not  included in CCU scholarship). You will get an IC card saved with NT$1,000 to use  for the electricity cost of your room. If the amount of NT$1,000 runs out, you  should go to the Dormitory Service Center, with your card & money, to recharge  your card. The rest of NT$500 is reserved for the cost of public space. In the end  of every semester, the Dormitory Service Center will calculate the exact cost of  the electricity charge. If it is greater than the amount paid in the beginning of  semester, you will have to pay the difference.  4. The dormitory doesn’t supply the sheet for tenants. Furthermore, it doesn’t  include kitchen space, so please do not cook in your room.  5. Please ask the buddy assigned by OIA to help you regarding the check in  procedure at Dormitory Service Center.    3.1 Undergraduate student Dormitory  1. Undergraduate: 4 students share a room.  2. Each room is equipped with beds,']",The security deposit is typically equal to one to two months’ rent and is refunded at the end of the lease if the room is returned without damage.,1.0,0.683223075600922,0.9999999999,Llama3.1
Is it necessary to sign a rental contract when renting off campus in Taiwan?,"['It is essential to sign a rental contract when renting off campus, as a lease protects the rights of both tenants and landlords. This is especially important for international students to help prevent future disputes.', 'required. Students are advised to allow sufficient time for the application process to avoid affecting their stay in Taiwan or university registration.', 'saved into your post bank account)    After getting bank account, remember to send the following documents to OIA  (ccuoiais@ccu.edu.tw)    Filled Personal Account Form    Bank of Passbook      Registration  4.7 Guides for Part-time Jobs  OFF/ON Campus    22        A. OFF Campus (Work permit required!)  International students who would like to work in Taiwan OFF campus, including  both full-time and part -time jobs, are required to obtain a work permit from  the Workforce Development Agency. Working without such an official work  permit, you will be subject to a fine of NT $30,000 to $150,000 . Further, only  degree-seeking students are allowed to apply for a work permit.     B. ON Campus (Requirement of work permit  depends on type of part-time job)  All part-time assistant jobs ON campus are classified into two types, namely (a)  Learning-Oriented Part-Time Assistant, for which there is no need to apply for  work permit, and (b) Labor-Oriented Part-Time Assistant, for which work permit  must be applied f']","It is essential to sign a rental contract when renting off campus, as a lease protects the rights of both tenants and landlords. This is especially important for international students to help prevent future disputes.",1.0,0.8123286397410129,0.9999999999,Llama3.1
What key terms should you confirm before signing an off-campus rental contract?,"['Before signing an off-campus rental contract, it is recommended to verify the landlord’s identity. Tenants may ask the landlord to present identification documents and proof of property ownership, such as a property deed, house tax bill, or real estate registration transcript, to confirm that the person is the legal owner or has the right to rent out the property.', 'Before signing the contract, tenants should confirm the lease duration, monthly rent amount, deposit amount, methods for calculating rent and utility fees, and whether early termination is allowed.\n\nIt is also important to review responsibilities for equipment use and maintenance, as well as the conditions for deposit refunds when moving out.', 'You should also clearly confirm key rental terms in advance, including the rent amount, payment schedule, lease duration, whether a deposit is required and its amount, and the accepted payment methods, such as cash, bank transfer, or other options.']","Before signing an off-campus rental contract, you should confirm the following key terms:

* The landlord's identity
* Lease duration
* Monthly rent amount
* Deposit amount
* Methods for calculating rent and utility fees
* Whether early termination is allowed
* Responsibilities for equipment use and maintenance
* Conditions for deposit refunds when moving out
* Rent amount
* Payment schedule
* Whether a deposit is required and its amount
* Accepted payment methods",1.0,0.9991137569584917,0.5833333333041666,Llama3.1
Does CCU provide mattresses or bedding in dormitory rooms?,"['CCU dormitories provide a variety of shared living facilities to support daily life.\n\nSelf-service washing machines and dryers are available for laundry needs, and most dormitory buildings also include common rooms or shared spaces for resting, socializing, or studying.', 'On-campus dormitories at National Chung Cheng University only provide bed frames.\n\nStudents are required to prepare their own mattresses, blankets, pillows, and bed sheets.', 'CCU dormitories have basic access control and management rules in place to maintain safety and living quality.\n\nResidents typically enter and exit the dormitory by scanning their student ID card, and non-residents are not allowed to enter freely.\n\nDormitories also have staff on duty and regulations regarding the use of public areas, visitors, noise levels, and cleanliness.']","CCU dormitories only provide bed frames. Students are required to prepare their own mattresses, blankets, pillows, and bed sheets.",1.0,0.8542402372783174,0.49999999995,Llama3.1
What shared facilities are available in CCU dormitories?,"['CCU dormitories provide a variety of shared living facilities to support daily life.\n\nSelf-service washing machines and dryers are available for laundry needs, and most dormitory buildings also include common rooms or shared spaces for resting, socializing, or studying.', 'the  Computer Center; the fee is NT$1,000 per semester.    3.4 Public Facilities  Public Facilities for undergraduate, master, and PhD:  shared washing machines, RO drinking water system,  social lounge.    3.5 Dormitory Network  As soon as you settle down your accommodation which means you’ve got your room  number and bed number, you need to apply dormitory network in order to use the  internet (wired network) in the dorm.  For applying the dormitory network, please submit the document online:   https://www.dorm.ccu.edu.tw/student/login  For more information about dormitory network please refer  to: https://www.dorm.ccu.edu.tw/en or call the ext.14151      13    04        Registration Registration  4.1 University Registration    14   No Work Time Location  Required  Documents Note  1 Dorm  Check-in  Starting  from  Aug 29  Dormitory Passport   2  Dorm  Internet  After the  Dorm  check- in  Office of Information  Technology  (Library 1st floor)  1. CB1 of  Undergraduate  Dormitory (only  7PM- 10PM)  2. Link', 'beds, desks, chairs,  book shelf, closets, telephone. Internet access is  available in all dormitories.  3. You can apply for dormitory network in the  Computer Center; the fee is NT$1,000 per semester.    3.4 Public Facilities  Public Facilities for undergraduate, master, and PhD:  shared washing machines, RO drinking water system,  social lounge.    3.5 Dormitory Network  As soon as you settle down your accommodation which means you’ve got your room  number and bed number, you need to apply dormitory network in order to use the  internet (wired network) in the dorm.  For applying the dormitory network, please submit the document online:   https://www.dorm.ccu.edu.tw/student/login  For more information about dormitory network please refer  to: https://www.dorm.ccu.edu.tw/en or call the ext.14151      13    04        Registration Registration  4.1 University Registration    14   No Work Time Location  Required  Documents Note  1 Dorm  Check-in  Starting  from  Feb 20  Dormitory Passport   2  Dorm  Internet']","Shared facilities available in CCU dormitories include:
- Self-service washing machines and dryers for laundry needs
- Common rooms or shared spaces for resting, socializing, or studying
- RO drinking water system
- Social lounge
- Internet access (wired network) available in all dormitories
- Computer Center for applying dormitory network (fee: NT$1,000 per semester)",1.0,0.9999999999999991,0.5833333333041666,Llama3.1
Which CCU dormitory room type includes a private kitchen and balcony?,"['For PhD students, dormitories in Building E include single suite rooms, double small suites, and triple large suites, all equipped with private bathrooms. The triple large suite also includes a private kitchen and balcony, providing greater privacy and convenience.', 'Some room types, such as the PhD triple large suite, include a private kitchen inside the room. For most other room types, facilities are mainly shared, and the exact setup may vary depending on the dormitory building and room type.', 'CCU dormitories provide a variety of shared living facilities to support daily life.\n\nSelf-service washing machines and dryers are available for laundry needs, and most dormitory buildings also include common rooms or shared spaces for resting, socializing, or studying.']",The PhD triple large suite room type includes a private kitchen and balcony.,1.0,0.4893988046963034,0.99999999995,Llama3.1
How do residents enter and exit CCU dormitories?,"['CCU dormitories have basic access control and management rules in place to maintain safety and living quality.\n\nResidents typically enter and exit the dormitory by scanning their student ID card, and non-residents are not allowed to enter freely.\n\nDormitories also have staff on duty and regulations regarding the use of public areas, visitors, noise levels, and cleanliness.', ""may cause crawling insects, and destroy  environmental  cleanliness; improper use of cell phone may affect the rights of others.  ⚫ Violator of these regulations is subject to mark down of points, and may  lose the borrowing privilege, access to audio -visual center, and access  to library facilities!   CCU Campus Life    32      The layout of each floor is as follows:  https://lib.ccu.edu.tw/p/426-1011-57.php?Lang=zh-tw    Basement Study room (open for 24 hours during the midterm and finals  weeks)  1st floor  Audio-Visual Center, Cafeteria, Offices of Acquisition and  Cataloging Division, Audio -Visual Resources Division, Center  of language study, Center of cultural events  2nd floor  General Information Desk, Reference Desk, Circulation Desk,  Database Research Area, Reference Materials, Microform  Materials, Current Journals, Photocopy Room, Office of  Reader's Services Division  3rd floor Newspapers Reading Area, Bound Western Journals, Art  Exhibition Hall, Study Carrels  4th floor Bound East-Asian"", ""may cause crawling insects, and destroy  environmental  cleanliness; improper use of cell phone may affect the rights of others.  ⚫ Violator of these regulations is subject to mark down of points, and may  lose the borrowing privilege, access to audio -visual center, and access  to library facilities!   CCU Campus Life    32      The layout of each floor is as follows:  https://lib.ccu.edu.tw/p/426-1011-57.php?Lang=zh-tw    Basement Study room (open for 24 hours during the midterm and finals  weeks)  1st floor  Audio-Visual Center, Cafeteria, Offices of Acquisition and  Cataloging Division, Audio -Visual Resources Division, Center  of language study, Center of cultural events  2nd floor  General Information Desk, Reference Desk, Circulation Desk,  Database Research Area, Reference Materials, Microform  Materials, Current Journals, Photocopy Room, Office of  Reader's Services Division  3rd floor Newspapers Reading Area, Bound Western Journals, Art  Exhibition Hall, Study Carrels  4th floor Bound East-Asian""]",Residents enter and exit the dormitory by scanning their student ID card. Non-residents are not allowed to enter freely.,1.0,0.7519242197129407,0.9999999999,Llama3.1
Can non-residents freely enter CCU dormitories?,"['CCU dormitories have basic access control and management rules in place to maintain safety and living quality.\n\nResidents typically enter and exit the dormitory by scanning their student ID card, and non-residents are not allowed to enter freely.\n\nDormitories also have staff on duty and regulations regarding the use of public areas, visitors, noise levels, and cleanliness.', 'Self-study rooms at the CCU Library are open only to currently enrolled CCU students.\n\nOther individuals who are not enrolled students are not permitted to enter or use these spaces.', 'the  Computer Center; the fee is NT$1,000 per semester.    3.4 Public Facilities  Public Facilities for undergraduate, master, and PhD:  shared washing machines, RO drinking water system,  social lounge.    3.5 Dormitory Network  As soon as you settle down your accommodation which means you’ve got your room  number and bed number, you need to apply dormitory network in order to use the  internet (wired network) in the dorm.  For applying the dormitory network, please submit the document online:   https://www.dorm.ccu.edu.tw/student/login  For more information about dormitory network please refer  to: https://www.dorm.ccu.edu.tw/en or call the ext.14151      13    04        Registration Registration  4.1 University Registration    14   No Work Time Location  Required  Documents Note  1 Dorm  Check-in  Starting  from  Aug 29  Dormitory Passport   2  Dorm  Internet  After the  Dorm  check- in  Office of Information  Technology  (Library 1st floor)  1. CB1 of  Undergraduate  Dormitory (only  7PM- 10PM)  2. Link']",Non-residents are not allowed to enter CCU dormitories freely. Residents typically enter and exit the dormitory by scanning their student ID card.,1.0,0.8556277604860457,0.9999999999,Llama3.1
Is dormitory internet access automatically activated when you move into a CCU dorm?,"['At National Chung Cheng University, dormitory internet access must be applied for by students themselves and is not automatically activated after moving in. Before applying, students must first activate their university SSO account, as the dormitory internet application is processed through the campus dormitory network service system, which requires logging in with an SSO account. If the SSO account has not yet been activated, students must complete activation on the university’s designated SSO activation page before proceeding.\n\nAfter activating the SSO account, students should prepare the required information for the application. This includes the student ID number and password, an email address that can receive verification messages, and current dormitory bed information. If planning to use a wired internet connection, students must also confirm their computer’s network card (MAC) address in advance. If electronic payment is chosen, proof of payment must be prepared for later upload.', 'beds, desks, chairs,  book shelf, closets, telephone. Internet access is  available in all dormitories.  3. You can apply for dormitory network in the  Computer Center; the fee is NT$1,000 per semester.    3.4 Public Facilities  Public Facilities for undergraduate, master, and PhD:  shared washing machines, RO drinking water system,  social lounge.    3.5 Dormitory Network  As soon as you settle down your accommodation which means you’ve got your room  number and bed number, you need to apply dormitory network in order to use the  internet (wired network) in the dorm.  For applying the dormitory network, please submit the document online:   https://www.dorm.ccu.edu.tw/student/login  For more information about dormitory network please refer  to: https://www.dorm.ccu.edu.tw/en or call the ext.14151      13    04        Registration Registration  4.1 University Registration    14   No Work Time Location  Required  Documents Note  1 Dorm  Check-in  Starting  from  Feb 20  Dormitory Passport   2  Dorm  Internet', 'beds, desks, chairs,  book shelf, closets, telephone. Internet access is  available in all dormitories.  3. You can apply for dormitory network in the  Computer Center; the fee is NT$1,000 per semester.    3.4 Public Facilities  Public Facilities for undergraduate, master, and PhD:  shared washing machines, RO drinking water system,  social lounge.    3.5 Dormitory Network  As soon as you settle down your accommodation which means you’ve got your room  number and bed number, you need to apply dormitory network in order to use the  internet (wired network) in the dorm.  For applying the dormitory network, please submit the document online:   https://www.dorm.ccu.edu.tw/student/login  For more information about dormitory network please refer  to: https://www.dorm.ccu.edu.tw/en or call the ext.14151      13    04        Registration Registration  4.1 University Registration    14   No Work Time Location  Required  Documents Note  1 Dorm  Check-in  Starting  from  Feb 20  Dormitory Passport   2  Dorm  Internet']","No, dormitory internet access is not automatically activated when you move into a CCU dorm. You must apply for it in the Computer Center, and the fee is NT$1,000 per semester. To apply, submit the document online at https://www.dorm.ccu.edu.tw/student/login. For more information, refer to https://www.dorm.ccu.edu.tw/en or call ext. 14151.",0.8333333333333334,0.9752786200469549,0.9999999999666667,Llama3.1
What account must be activated before applying for dormitory internet at CCU?,"['Before applying for dormitory internet access, you must first activate your university SSO account. The SSO account is a shared account used for various campus systems, including the dormitory internet application system.', 'At National Chung Cheng University, dormitory internet access must be applied for by students themselves and is not automatically activated after moving in. Before applying, students must first activate their university SSO account, as the dormitory internet application is processed through the campus dormitory network service system, which requires logging in with an SSO account. If the SSO account has not yet been activated, students must complete activation on the university’s designated SSO activation page before proceeding.\n\nAfter activating the SSO account, students should prepare the required information for the application. This includes the student ID number and password, an email address that can receive verification messages, and current dormitory bed information. If planning to use a wired internet connection, students must also confirm their computer’s network card (MAC) address in advance. If electronic payment is chosen, proof of payment must be prepared for later upload.', 'beds, desks, chairs,  book shelf, closets, telephone. Internet access is  available in all dormitories.  3. You can apply for dormitory network in the  Computer Center; the fee is NT$1,000 per semester.    3.4 Public Facilities  Public Facilities for undergraduate, master, and PhD:  shared washing machines, RO drinking water system,  social lounge.    3.5 Dormitory Network  As soon as you settle down your accommodation which means you’ve got your room  number and bed number, you need to apply dormitory network in order to use the  internet (wired network) in the dorm.  For applying the dormitory network, please submit the document online:   https://www.dorm.ccu.edu.tw/student/login  For more information about dormitory network please refer  to: https://www.dorm.ccu.edu.tw/en or call the ext.14151      13    04        Registration Registration  4.1 University Registration    14   No Work Time Location  Required  Documents Note  1 Dorm  Check-in  Starting  from  Feb 20  Dormitory Passport   2  Dorm  Internet']","Before applying for dormitory internet access at CCU, you must first activate your university SSO account. This is because the dormitory internet application system requires logging in with an SSO account.",1.0,0.9042153738036766,0.99999999995,Llama3.1
What extra information is required when applying for wired internet in a CCU dormitory?,"['After preparing the required information, you can apply through the dormitory internet service system (Dorm Net) in the CCU SSO system, and fill in your bed information and network card address (required only for wired internet).', 'the  Computer Center; the fee is NT$1,000 per semester.    3.4 Public Facilities  Public Facilities for undergraduate, master, and PhD:  shared washing machines, RO drinking water system,  social lounge.    3.5 Dormitory Network  As soon as you settle down your accommodation which means you’ve got your room  number and bed number, you need to apply dormitory network in order to use the  internet (wired network) in the dorm.  For applying the dormitory network, please submit the document online:   https://www.dorm.ccu.edu.tw/student/login  For more information about dormitory network please refer  to: https://www.dorm.ccu.edu.tw/en or call the ext.14151      13    04        Registration Registration  4.1 University Registration    14   No Work Time Location  Required  Documents Note  1 Dorm  Check-in  Starting  from  Aug 29  Dormitory Passport   2  Dorm  Internet  After the  Dorm  check- in  Office of Information  Technology  (Library 1st floor)  1. CB1 of  Undergraduate  Dormitory (only  7PM- 10PM)  2. Link', 'beds, desks, chairs,  book shelf, closets, telephone. Internet access is  available in all dormitories.  3. You can apply for dormitory network in the  Computer Center; the fee is NT$1,000 per semester.    3.4 Public Facilities  Public Facilities for undergraduate, master, and PhD:  shared washing machines, RO drinking water system,  social lounge.    3.5 Dormitory Network  As soon as you settle down your accommodation which means you’ve got your room  number and bed number, you need to apply dormitory network in order to use the  internet (wired network) in the dorm.  For applying the dormitory network, please submit the document online:   https://www.dorm.ccu.edu.tw/student/login  For more information about dormitory network please refer  to: https://www.dorm.ccu.edu.tw/en or call the ext.14151      13    04        Registration Registration  4.1 University Registration    14   No Work Time Location  Required  Documents Note  1 Dorm  Check-in  Starting  from  Feb 20  Dormitory Passport   2  Dorm  Internet']","To apply for wired internet in a CCU dormitory, you need to submit the document online at https://www.dorm.ccu.edu.tw/student/login. You will also need to fill in your bed information and network card address.",1.0,0.9127440739702656,0.9999999999666667,Llama3.1
Where must dormitory internet fees be paid at CCU?,"['Aug 29  Dormitory Passport   2  Dorm  Internet  After the  Dorm  check- in  Office of Information  Technology  (Library 1st floor)  1. CB1 of  Undergraduate  Dormitory (only  7PM- 10PM)  2. Link to CCU  Dormitory Network  System:  https://www.dorm.ccu.e du.tw/en   1. NT$1,000   2. Computer  Address  3. Internet Cable    3  Uploading  a digital  photo to  New  Students  ID System    Link to CCU Student  Academic Record Entry  System:  https://www026198.ccu.edu .tw/academic/     Digital Photo     (.jpg or .jpeg)  * The default password  birth date + first 2  capital letters of  student’s name  * Print out the form  after you finish  filling it online  4 Paying the  fees   1. Download the  payment sheet via  https://school.bot.com.tw/new Twbank/StudentLogin.aspx  2. Pay the fees at  convenience stores,  Post office or  Taiwan Bank  1. Payment Sheet  2. Money  If the amount of fee is  more than 40,000, you  can only pay it at Post  Office or Taiwan Bank  at Administration  Building B1  (9AM – 11:50AM)', 'beds, desks, chairs,  book shelf, closets, telephone. Internet access is  available in all dormitories.  3. You can apply for dormitory network in the  Computer Center; the fee is NT$1,000 per semester.    3.4 Public Facilities  Public Facilities for undergraduate, master, and PhD:  shared washing machines, RO drinking water system,  social lounge.    3.5 Dormitory Network  As soon as you settle down your accommodation which means you’ve got your room  number and bed number, you need to apply dormitory network in order to use the  internet (wired network) in the dorm.  For applying the dormitory network, please submit the document online:   https://www.dorm.ccu.edu.tw/student/login  For more information about dormitory network please refer  to: https://www.dorm.ccu.edu.tw/en or call the ext.14151      13    04        Registration Registration  4.1 University Registration    14   No Work Time Location  Required  Documents Note  1 Dorm  Check-in  Starting  from  Feb 20  Dormitory Passport   2  Dorm  Internet', 'beds, desks, chairs,  book shelf, closets, telephone. Internet access is  available in all dormitories.  3. You can apply for dormitory network in the  Computer Center; the fee is NT$1,000 per semester.    3.4 Public Facilities  Public Facilities for undergraduate, master, and PhD:  shared washing machines, RO drinking water system,  social lounge.    3.5 Dormitory Network  As soon as you settle down your accommodation which means you’ve got your room  number and bed number, you need to apply dormitory network in order to use the  internet (wired network) in the dorm.  For applying the dormitory network, please submit the document online:   https://www.dorm.ccu.edu.tw/student/login  For more information about dormitory network please refer  to: https://www.dorm.ccu.edu.tw/en or call the ext.14151      13    04        Registration Registration  4.1 University Registration    14   No Work Time Location  Required  Documents Note  1 Dorm  Check-in  Starting  from  Feb 20  Dormitory Passport   2  Dorm  Internet']","To pay dormitory internet fees, you can do so at the Office of Information Technology (located on the 1st floor of the Library) from 7PM-10PM. Alternatively, you can pay at convenience stores, Post office, or Taiwan Bank. If the amount of fee is more than NT$40,000, you can only pay it at Post Office or Taiwan Bank at Administration Building B1 (9AM – 11:50AM).",0.7777777777777778,0.7762953072233678,0.9999999999,Llama3.1
What is the minimum number of people required to borrow a discussion room at the CCU Library?,"['In general, borrowing a discussion room requires at least three people, including yourself.\n\nSome larger discussion rooms require a minimum of five people, including yourself.', 'To borrow a discussion room, you must present your student ID at the service counter to borrow the room key.\n\nEach session allows up to four hours of use. If there is no subsequent reservation, you may renew the usage according to library regulations.', 'The CCU Library provides self-study rooms, research carrels, and discussion rooms to meet different student needs.\n\nSelf-study rooms are designed for quiet study. Students may enter by scanning their student ID during opening hours and select seats through the system.']","The minimum number of people required to borrow a discussion room at the CCU Library is at least three people, including yourself.",1.0,0.9999999999999991,0.9999999999,Llama3.1
How long can you use a discussion room per session at the CCU Library?,"['To borrow a discussion room, you must present your student ID at the service counter to borrow the room key.\n\nEach session allows up to four hours of use. If there is no subsequent reservation, you may renew the usage according to library regulations.', 'Students may borrow home-use audiovisual materials from the CCU Library, with a maximum of 4 items at a time. The loan period for these materials is 7 days.\n\nIf audiovisual materials are needed for student clubs or events and are approved by the relevant units, public-performance versions may also be borrowed according to library regulations.', ""may cause crawling insects, and destroy  environmental  cleanliness; improper use of cell phone may affect the rights of others.  ⚫ Violator of these regulations is subject to mark down of points, and may  lose the borrowing privilege, access to audio -visual center, and access  to library facilities!   CCU Campus Life    32      The layout of each floor is as follows:  https://lib.ccu.edu.tw/p/426-1011-57.php?Lang=zh-tw    Basement Study room (open for 24 hours during the midterm and finals  weeks)  1st floor  Audio-Visual Center, Cafeteria, Offices of Acquisition and  Cataloging Division, Audio -Visual Resources Division, Center  of language study, Center of cultural events  2nd floor  General Information Desk, Reference Desk, Circulation Desk,  Database Research Area, Reference Materials, Microform  Materials, Current Journals, Photocopy Room, Office of  Reader's Services Division  3rd floor Newspapers Reading Area, Bound Western Journals, Art  Exhibition Hall, Study Carrels  4th floor Bound East-Asian""]","You can use a discussion room per session up to 4 hours. If there is no subsequent reservation, you may renew the usage according to library regulations.",1.0,0.7670528967851457,0.9999999999,Llama3.1
How many discussion room time slots can one person hold at the same time?,"['In general, borrowing a discussion room requires at least three people, including yourself.\n\nSome larger discussion rooms require a minimum of five people, including yourself.', 'Students may also make online reservations in advance. Each person may hold up to four time slots at the same time.', 'To borrow a discussion room, you must present your student ID at the service counter to borrow the room key.\n\nEach session allows up to four hours of use. If there is no subsequent reservation, you may renew the usage according to library regulations.']",Each person may hold up to four time slots at the same time.,1.0,0.8491625942546096,0.49999999995,Llama3.1
Do CCU students need to pay to enter the Sports Center?,"['Students may use Sports Center facilities by bringing their student ID and scanning it at the entrance to verify their identity.\n\nAfter verification, students may enter and use general sports facilities and the swimming pool free of charge.\n\nNon-CCU individuals are required to purchase tickets according to regulations.', 'Non-CCU individuals are required to purchase tickets according to regulations.\n\nPlease note that although students do not need to pay to enter the Sports Center itself, use of the gym still requires a NT$30 fee per visit.', 'For currently enrolled National Chung Cheng University students, most Sports Center facilities and the swimming pool are free of charge.\n\nOnly the gym requires an additional fee, which is NT$30 per person per visit.']","For currently enrolled National Chung Cheng University students, most Sports Center facilities and the swimming pool are free of charge. However, the gym requires an additional fee of NT$30 per person per visit.",1.0,0.7122328171840296,0.9999999999666667,Llama3.1
What do CCU students need to bring to enter the Sports Center?,"['Students may use Sports Center facilities by bringing their student ID and scanning it at the entrance to verify their identity.\n\nAfter verification, students may enter and use general sports facilities and the swimming pool free of charge.\n\nNon-CCU individuals are required to purchase tickets according to regulations.', 'items, specifically  the ""Residence or Settlement Health Check-up Items Form”.  You can find two kinds of form in handbook or the website.    Information for   Health Examination    52              6. Further Details:   For more information, please refer to the Health and Welfare Section\'s  webpage or follow their Facebook/Instagram.       Information for   Health Examination    53            On-campus health Examination    What When Remark  Do a health check to  complete the CCU  student Health  Examination  114.09.03 (Wed)  09:00-10:00    * Please come before  10:00.  Mandatory for every new student  Fees: NTD$630    Documents required:  ⚫ Your passport  ⚫ CCU student Health Examination form    If you miss the health check that we arrange  on campus, you must go to the hospital by  yourself. The fees will be more expensive.      Health Check-up Instructions  1. Please be sure to bring the health check-up form and fill out the self-reported  sections on the front. For the 3 days prior to the check-up,', 'Non-CCU individuals are required to purchase tickets according to regulations.\n\nPlease note that although students do not need to pay to enter the Sports Center itself, use of the gym still requires a NT$30 fee per visit.']","To enter the Sports Center, CCU students need to bring their student ID and scan it at the entrance to verify their identity.",1.0,0.9698160233847218,0.9999999999,Llama3.1
What types of clinics are available in the Minxiong area near CCU?,"['The Minxiong area around National Chung Cheng University has many clinics that can handle most common or chronic conditions, including rehabilitation medicine, ENT, ophthalmology, dentistry, dermatology, and gynecology. These clinics are mostly located in Minxiong town and are easy to reach from campus. They are suitable for issues such as colds, skin problems, toothaches, and', 'Rd., Dalin  Township, Chiayi County 622,  Taiwan  (05) 264-8000  (ext. 5920, 5921)  https://dalin.tzuchi- healthcare.org.tw/   Chiayi Christian  Hospital  No.539, Zhongxiao Rd., East  Dist, Chiayi City 600, Taiwan (05) 2764994 http://elearn2.cych.org.tw /1900/en/index.php  Chang Gung  Memorial Hospital  (Chiayi)  No.8, Sec. W., Jiapu Rd., Puzi  City, Chiayi County 613, Taiwan (05) 3621000 https://www.cgmh.org.tw/e ng/about/system  St. Martin De Porres  Hospital  No.565, Sec. 2, Daya Rd., East  Dist., Chiayi City 600, Taiwan (05) 2756555 https://www.stm.org.tw/s tm_en/  Huider Clinic  No. 281, Sec 1, University Road,  Minxiong Township, Chiayi  County 621, Taiwan  (05) 2721665 https://www.facebook.com /wedeclinic?locale=zh_TW CCU Campus Life    28        Eating-out  Besides enjoying your meals on campus restaurants, you also can find more  restaurants off the campus. For example, walking straight from the front gate of  CCU, you will find many restaurants, stands along two sides of the roads.  Furthermore,', '(Dalin)  No.2, Minsheng Rd., Dalin  Township, Chiayi County 622,  Taiwan  (05) 264-8000  (ext. 5920, 5921)  https://dalin.tzuchi- healthcare.org.tw/   Chiayi Christian  Hospital  No.539, Zhongxiao Rd., East  Dist, Chiayi City 600, Taiwan (05) 2764994 http://elearn2.cych.org.tw /1900/en/index.php  Chang Gung  Memorial Hospital  (Chiayi)  No.8, Sec. W., Jiapu Rd., Puzi  City, Chiayi County 613, Taiwan (05) 3621000 https://www.cgmh.org.tw/e ng/about/system  St. Martin De Porres  Hospital  No.565, Sec. 2, Daya Rd., East  Dist., Chiayi City 600, Taiwan (05) 2756555 https://www.stm.org.tw/s tm_en/  Huider Clinic  No. 281, Sec 1, University Road,  Minxiong Township, Chiayi  County 621, Taiwan  (05) 2721665 https://www.facebook.com /wedeclinic?locale=zh_TW CCU Campus Life    28        Eating-out  Besides enjoying your meals on campus restaurants, you also can find more  restaurants off the campus. For example, walking straight from the front gate of  CCU, you will find many restaurants, stands along two sides of']","There are several clinics available in the Minxiong area near CCU. These clinics include rehabilitation medicine, ENT, ophthalmology, dentistry, dermatology, and gynecology. They are mostly located in Minxiong town and are easy to reach from campus. They can handle most common or chronic conditions, such as colds, skin problems, toothaches, and other issues.",1.0,0.9806082071302201,0.9999999999,Llama3.1
Which large hospitals in Chiayi City can students visit for serious medical conditions?,"['If more comprehensive examinations, hospitalization, or treatment for serious conditions are required, you can visit large hospitals in Chiayi City, such as Chiayi Christian Hospital, Dalin Tzu Chi Hospital, or St. Martin De Porres Hospital. These hospitals have complete facilities and departments and provide emergency and specialist medical services.', 'For most students, visiting a clinic in Minxiong first is more convenient for minor issues, while going to a hospital in Chiayi City is recommended for more serious conditions.', '(Dalin)  No.2, Minsheng Rd., Dalin  Township, Chiayi County 622,  Taiwan  (05) 264-8000  (ext. 5920, 5921)  https://dalin.tzuchi- healthcare.org.tw/   Chiayi Christian  Hospital  No.539, Zhongxiao Rd., East  Dist, Chiayi City 600, Taiwan (05) 2764994 http://elearn2.cych.org.tw /1900/en/index.php  Chang Gung  Memorial Hospital  (Chiayi)  No.8, Sec. W., Jiapu Rd., Puzi  City, Chiayi County 613, Taiwan (05) 3621000 https://www.cgmh.org.tw/e ng/about/system  St. Martin De Porres  Hospital  No.565, Sec. 2, Daya Rd., East  Dist., Chiayi City 600, Taiwan (05) 2756555 https://www.stm.org.tw/s tm_en/  Huider Clinic  No. 281, Sec 1, University Road,  Minxiong Township, Chiayi  County 621, Taiwan  (05) 2721665 https://www.facebook.com /wedeclinic?locale=zh_TW CCU Campus Life    28        Eating-out  Besides enjoying your meals on campus restaurants, you also can find more  restaurants off the campus. For example, walking straight from the front gate of  CCU, you will find many restaurants, stands along two sides of']","For serious medical conditions, you can visit large hospitals in Chiayi City, such as Chiayi Christian Hospital, Dalin Tzu Chi Hospital, or St. Martin De Porres Hospital. These hospitals have complete facilities and departments and provide emergency and specialist medical services.",1.0,0.9195627974249199,0.9999999999666667,Llama3.1
What medical services are covered under Taiwan's National Health Insurance?,"['you get medical insurance at first that  can cover your medical procedures in Taiwan.    II. National Health Insurance (NHI)  It is necessary to apply National Health Insurance for staying in Taiwan. According to  Taiwan National Health Insurance Act, only students who have stayed for more than 6  months are qualified for NHI. For example, if the date of issue on your ARC is on March  10th, the nearest date you can apply is Sep. 10th.    Registration  4.5 Applying for Resident Visa and  Alien Resident Certificate (ARC)    20     You are required to possess a Resident VISA and an ARC in order to stay in Taiwan for  studying. If you have obtained a Resident VISA before coming to Taiwan, you only need  to apply for an ARC when you ar rive at CCU. This will make things easier. If you did not  apply for a Resident VISA before coming to Taiwan, it is necessary that you apply for a  Resident VISA on your own and then the ARC.    For international students, the Alien Resident Certificate (ARC) serves as their', 'the first 6 months, we help you get medical insurance at first that  can cover your medical procedures in Taiwan.    II. National Health Insurance (NHI)  It is necessary to apply National Health Insurance for staying in Taiwan. According to  Taiwan National Health Insurance Act, only students who have stayed for more than 6  months are qualified for NHI. For example, if the date of issue on your ARC is on Mar ch  10th, the nearest date you can apply is Sep. 10th.    Registration  4.5 Applying for Resident Visa and  Alien Resident Certificate (ARC)    20     You are required to possess a Resident VISA and an ARC in order to stay in Taiwan for  studying. If you have obtained a Resident VISA before coming to Taiwan, you only need  to apply for an ARC when you arrive at CCU. This will make things easier. If you did  not  apply for a Resident VISA before coming to Taiwan, it is necessary that you apply for a  Resident VISA on your own and then the ARC.    For international students, the Alien Resident Certificate', 'Please refer to the following website for  details: https://www.nhi.gov.tw/en/mp-2.html    I. Short-term Medical and Injury Insurance  According to Article 21 of the MOE Regulations Regarding International Students  Undertaking Studies in Taiwan, ""At the time of re gistration a new international student  shall present proof of a medical and injury insurance policy which is valid for at least 6  months from the date the student enters Taiwan. Current student shall present written  proof that they have joined Taiwan’s the  National Health Insurance Plan. The above- mentioned written proof of insurance issued in foreign country shall be verified by the  ‘Overseas Agencies’.”  Since you can only get NHI after 6 months of your arrival, in order to safeguard your right  to health care during the first 6 months, we help you get medical insurance at first that  can cover your medical procedures in Taiwan.    II. National Health Insurance (NHI)  It is necessary to apply National Health Insurance for staying in']","According to the Taiwan National Health Insurance Act, only students who have stayed for more than 6 months are qualified for NHI. For the first 6 months, you can get medical insurance that can cover your medical procedures in Taiwan. Please refer to the following website for details: https://www.nhi.gov.tw/en/mp-2.html",0.6666666666666666,0.7531352340721065,0.9999999999666667,Llama3.1
What is the processing fee to replace a lost or damaged NHI IC card?,"['If your NHI IC card is lost, damaged, or needs to be replaced due to changes in personal information or your photo, you can apply for a replacement or reissuance through the NHI authority.', 'These documents are used to apply for or produce your NHI IC card.', 'After submission, it usually takes about two weeks for the NHI card to be mailed to the address you provided.']","Sorry, I am not sure about it. Maybe you could turn to OIA for help.",0.0,0.0,0.0,Llama3.1
Do student clubs at CCU typically charge membership fees?,"['Most student clubs on campus do not restrict membership by nationality. As long as you are a currently enrolled CCU student, clubs generally welcome international students to join.\n\nWhether a club focuses on academics, sports, music and performance, service, or cultural exchange, you are free to participate according to your interests.', 'Usually, student clubs do charge membership fees, but the fee structure and amount vary by club.\n\nSome clubs charge a one-time membership fee to cover general activity or equipment costs, while others may charge additional fees depending on specific activities or events.', 'On-campus dormitory fees at CCU vary by building and room type, but overall they are generally affordable for students.\n\nFor master’s dormitories in Buildings A to D, which are double-occupancy non-suite rooms, the dormitory fee is about NT$7,210 per semester. In addition, there is a one-time deposit of NT$1,600, prepaid electricity of about NT$1,500 for the first semester and about NT$500 for the second semester, and a separate internet fee of NT$1,000 per semester.']","Student clubs at CCU usually charge membership fees. The fee structure and amount vary by club. Some clubs charge a one-time membership fee to cover general activity or equipment costs, while others may charge additional fees depending on specific activities or events.",1.0,0.9547620296217149,0.49999999995,Llama3.1
Is Chinese language ability required to join a student club at CCU?,"['Whether Chinese is required depends on the nature of the club.\n\nSome clubs mainly use Chinese for communication, but many clubs have members who can communicate in English or are willing to help international students. This is especially common in international exchange, academic, or service-oriented clubs.', 'Even if your Chinese is not yet fluent, you can still try joining a club and gradually become more familiar with the language and environment through activities. Student clubs are generally very welcoming to international students.', ""4. Certificate oof  Residence (from  OIA)  5. Fee NT$1,000  6. Photo  https://coa.immigrati on.gov.tw/coa- frontend/student/ent ry?lang=en    Registration  4.1 University Registration    17   No Work Time Location Required  Documents Note  10 Chinese  Program  1. The Chinese Training Program is credit-loaded and free for  international students. We sincerely encourage our  international students to join at least one Chinese training  course during their stay at CCU.  2. The Chinese Language Center of National Chung  Cheng University aims to provide high-quality  Chinese language instruction, integrating multimedia  technology, games and AI-based tools to cultivate  learners' various Chinese language abilities and  understanding of local cultures.   More information scan QR CODE or click link below:  https://chineselanguagecenter.ccu.edu.tw/?Lang=en       11 Post (Bank)  Account  After  getting   ARC  Post  Office  1. Chinese Name Stamp  2. ARC  3. Passport  4. Minimum deposit of  NT$100       12  Career-""]","Whether Chinese is required to join a student club at CCU depends on the nature of the club. Some clubs mainly use Chinese for communication, but many clubs have members who can communicate in English or are willing to help international students. This is especially common in international exchange, academic, or service-oriented clubs. Even if your Chinese is not yet fluent, you can still try joining a club and gradually become more familiar with the language and environment through activities.",1.0,0.9523038515186145,0.99999999995,Llama3.1
What are the two ways to get from THSR Chiayi Station to CCU?,"['Step 3: From THSR Chiayi Station, choose one of the following ways to reach CCU:\n- Option A: Taxi — Around NT$600. Most convenient, especially if you have luggage.\n- Option B: Bus 106 — Around NT$113. Board at the bus stop outside the HSR station and get off at the CCU stop.', 'After arriving at THSR Chiayi Station, you can go to CCU by taxi or bus. Both options are easy to use, so you can choose based on your time and budget.', 'YOUR GUIDE TO CCUWelcome to Taiwan! Your Guide to Reaching  National Chung Cheng University (CCU) ✈  For new international students  🧭  Step-by-step travel guide from Taiwan Airports to CCU  🎓  Let’s begin your journey!From Taoyuan Airport to CCU 1.FROM TAOYUAN AIRPORT (TPE)  TO CCU 2.FROM  KAOHSIUNG AIRPORT (KHH)  TO CCU1.Take MRT (Airport MRT) → From Terminal 1 (A12) / 2 (A13)  to     HSR Taoyuan Station (A18)  2.Take Taiwan High-Speed Rail (HSR)(~1 hour 20 minutes /NT$920) From HSR Taoyuan → to HSR Chiayi 3.From HSR Chiayi Station to CCU: Option 1: Taxi (~25 minutes / ~BELOW NT$1,000) Option 2: Bus (Route 106)(~1 hour 20 minutes / ~NT$120) 1.FROM TAOYUAN AIRPORT (TPE) TO CCU STEPS:🚇  Taoyuan Airport MRT( ~20 minutes/ ~NT$35) Board at Terminal 1 (A12) or Terminal 2 (A13) Get off at A18: HSR Taoyuan Station 🚇  HSR Taoyuan to HSR Chiayi Board at HSR Taoyuan Station ，Get off at HSR Chiayi Station You can buy HSR tickets on-site at the station or book online :    👉 https://en.thsrc.com.tw/  🚇  HSR Chiayi']","There are two ways to get from THSR Chiayi Station to CCU:
1. Taxi — Around NT$600.
2. Bus 106 — Around NT$113.",1.0,0.943899293700873,0.9999999999666667,Llama3.1
How much does Bus 106 cost from THSR Chiayi Station to CCU?,"['- Taxi: Around NT$600. This is convenient if you have heavy luggage.\n- Bus 106: Around NT$113. Board at the bus stop outside the HSR station and get off at the CCU stop.', 'Step 3: From THSR Chiayi Station, choose one of the following ways to reach CCU:\n- Option A: Taxi — Around NT$600. Most convenient, especially if you have luggage.\n- Option B: Bus 106 — Around NT$113. Board at the bus stop outside the HSR station and get off at the CCU stop.', 'Step 3: After arriving at Chiayi or Minxiong Station, you can reach CCU by:\n- From Chiayi Station: Taxi (around NT$500–600) or Bus 106 (around NT$47).\n- From Minxiong Station: Taxi, usually around NT$100–200.']",Bus 106 costs around NT$113. Board at the bus stop outside the HSR station and get off at the CCU stop.,1.0,0.8352414529985053,0.99999999995,Llama3.1
Where can you buy an EasyCard in Taiwan?,"['You can buy an EasyCard at most convenience stores in Taiwan, including 7-Eleven, FamilyMart, Hi-Life, and OK Mart. You can also purchase one at service counters or ticket windows in TRA train stations and MRT stations. After purchasing, you can add value', 'Convenience stores in Taiwan offer many services. Aside from buying drinks, bread, microwavable meals, snacks, and daily-use items, you can also pay bills, make copies, print documents, pick up online shopping packages, send packages, recharge EasyCards, and even purchase tickets.', 'You can go to any convenience store counter and ask the staff to help you add value to your EasyCard—simply tell them the amount you want to add. The process only takes a few seconds.']","You can buy an EasyCard at most convenience stores in Taiwan, including 7-Eleven, FamilyMart, Hi-Life, and OK Mart. You can also purchase one at service counters or ticket windows in TRA train stations and MRT stations.",1.0,0.9999999999999996,0.99999999995,Llama3.1
How do you pay for the MRT using an EasyCard?,"['Some MRT and train stations also have automatic top-up machines. Just place your card on the reader and insert cash to complete the value reload. After topping up, your EasyCard is ready for use and will be very convenient for taking buses and MRTs.', 'You can pay for the bus fare with either cash or an EasyCard. If you use cash, ask the driver for the fare amount before getting off. Please note that cash must be exact, as the driver does not provide change.', 'When riding the MRT, you can either buy a single-journey ticket or use an EasyCard.\n\nSingle-journey tickets can be purchased from ticket machines in MRT stations. The ticket is a physical round token. Tap it when entering the station and insert it into the token slot when exiting.']","To pay for the MRT using an EasyCard, place your card on the reader and insert cash to complete the value reload at an automatic top-up machine. After topping up, your EasyCard is ready for use.",1.0,0.9999999999999997,0.9999999999,Llama3.1
What should you be aware of when paying for a bus with cash instead of an EasyCard?,"['You can pay for the bus fare with either cash or an EasyCard. If you use cash, ask the driver for the fare amount before getting off. Please note that cash must be exact, as the driver does not provide change.', 'Because using cash is less convenient, it is recommended to buy an EasyCard in advance and add value at a convenience store. You can then simply tap your card when boarding the bus for easy payment.', 'If you use an EasyCard, simply tap the card once when entering and once when exiting. EasyCards can be reloaded and are very convenient, making them the most recommended payment method.']","When paying for a bus with cash instead of an EasyCard, please be aware that the driver does not provide change. Therefore, you must pay with exact cash.",1.0,0.9933282757344766,0.99999999995,Llama3.1
How can you buy a TRA train ticket in advance?,"['If you prefer to book in advance, you may also purchase tickets online through the official TRA website. After paying, you can either retrieve your ticket using the provided information or use an electronic ticket to board, making it very convenient.', 'You can buy tickets at the ticket counters or automatic ticket machines in TRA stations by selecting your departure station, arrival station, and travel time.', 'If you want to book in advance, you can also purchase tickets online through the official HSR website. After completing payment, you can use the ticket information directly to enter the station, which is very convenient.']","You can buy tickets in advance by purchasing them online through the official TRA website. After paying, you can either retrieve your ticket using the provided information or use an electronic ticket to board. Alternatively, you can also buy tickets at the ticket counters or automatic ticket machines in TRA stations by selecting your departure station, arrival station, and travel time.",1.0,0.9097056310702296,0.3333333333,Llama3.1
How can you purchase an HSR ticket without going to the station?,"['You can purchase tickets directly at the ticket counters or automatic ticket machines at any HSR station. Simply select your departure station, arrival station, and preferred travel time.', 'If you want to book in advance, you can also purchase tickets online through the official HSR website. After completing payment, you can use the ticket information directly to enter the station, which is very convenient.', 'HSR Taoyuan to HSR Chiayi Board at HSR Taoyuan Station ，Get off at HSR Chiayi Station You can buy HSR tickets on-site at the station or book online :    👉 https://en.thsrc.com.tw/  🚇  HSR Chiayi Station to CCU (BUS:Route 106) Board at HSR Chiayi Station ，Get off at CCU To check bus routes, schedules, and real-time info, visit: https://www.taiwanbus.tw/eBUSPage/Query/QueryResult.as px?rno=07460&rn=1669878703021&lan=E 1.Take MRT (Red Line) → From Kaohsiung Airport Station (R4)    →  Zuoying Station (R16) 2.Take Taiwan High-Speed Rail (HSR)（ ~ 30 minutes/NT$410 ） From HSR Zuoying →  to HSR Chiayi 3.From HSR Chiayi Station to CCU: Option 1: Taxi (~25 minutes / ~BELOW NT$1,000) Option 2: Bus (Route 106)(~1 hour 20 minutes / ~NT$120) 2.FROM KAOHSIUNG AIRPORT (KHH) TO CCU STEPS:🚇  Kaohsiung Airport MRT( ~30 minutes/ ~NT$35) Board at Kaohsiung International Airport (R4)  Get off at Zuoying（ R16) 🚇  HSR Zuoying to HSR Chiayi Board at HSR Zuoying Station ，Get off at HSR Chiayi Station You can buy HSR tickets on-site']","You can purchase HSR tickets online through the official HSR website. After completing payment, you can use the ticket information directly to enter the station, which is very convenient. You can find the website at: https://en.thsrc.com.tw/.",1.0,0.8457995323464768,0.5833333333041666,Llama3.1
What daily necessities can you buy at a convenience store in Taiwan?,"['Most items you might urgently need—such as umbrellas, masks, stationery, basic medicine, or personal care products—can be found in convenience stores, making them extremely useful for daily life in Taiwan.', 'Convenience stores in Taiwan offer many services. Aside from buying drinks, bread, microwavable meals, snacks, and daily-use items, you can also pay bills, make copies, print documents, pick up online shopping packages, send packages, recharge EasyCards, and even purchase tickets.', 'Convenience stores offer a wide range of daily necessities, including toothbrushes, toothpaste, shampoo, body wash, razors, tissues, masks, feminine hygiene products, and other basic personal care items.']","You can buy the following daily necessities at a convenience store in Taiwan:
• Umbrellas
• Masks
• Stationery
• Basic medicine
• Personal care products
• Toothbrushes
• Toothpaste
• Shampoo
• Body wash
• Razors
• Tissues
• Feminine hygiene products
• Other basic personal care items",1.0,0.9999999999999999,0.9999999999666667,Llama3.1
Can you send or receive packages at a convenience store in Taiwan?,"['Convenience stores in Taiwan offer many services. Aside from buying drinks, bread, microwavable meals, snacks, and daily-use items, you can also pay bills, make copies, print documents, pick up online shopping packages, send packages, recharge EasyCards, and even purchase tickets.', 'Yes. Most convenience stores provide both shipping and pickup services. You can give your package to the store staff to send it out, or choose a convenience store as the pickup location when shopping online. Later, you can collect your package using the notification message or your ID. The process is very simple and convenient.', 'If you’re not in your dorm or at home, having packages delivered to a convenience store is one of the easiest options.']","Yes, convenience stores in Taiwan provide both shipping and pickup services. You can give your package to the store staff to send it out, or choose a convenience store as the pickup location when shopping online. Later, you can collect your package using the notification message or your ID. This process is very simple and convenient. If you’re not in your dorm or at home, having packages delivered to a convenience store is one of the easiest options.",1.0,0.9158995169138415,0.9999999999666667,Llama3.1
"Besides shopping, what other services do convenience stores in Taiwan offer?","['Convenience stores in Taiwan offer many services. Aside from buying drinks, bread, microwavable meals, snacks, and daily-use items, you can also pay bills, make copies, print documents, pick up online shopping packages, send packages, recharge EasyCards, and even purchase tickets.', 'Most items you might urgently need—such as umbrellas, masks, stationery, basic medicine, or personal care products—can be found in convenience stores, making them extremely useful for daily life in Taiwan.', 'You can buy an EasyCard at most convenience stores in Taiwan, including 7-Eleven, FamilyMart, Hi-Life, and OK Mart. You can also purchase one at service counters or ticket windows in TRA train stations and MRT stations. After purchasing, you can add value']","Besides shopping, convenience stores in Taiwan offer services such as paying bills, making copies, printing documents, picking up online shopping packages, sending packages, recharging EasyCards, and purchasing tickets. They also provide items like umbrellas, masks, stationery, basic medicine, and personal care products.",1.0,0.990336705807937,0.99999999995,Llama3.1
What can you do with a Taiwanese bank account after opening one?,"['After opening a Taiwanese bank account, the most commonly used functions include receiving payments, transferring money, withdrawing cash, and paying bills.', 'Overall, having a Taiwanese bank account helps you manage finances more like a normal daily life in Taiwan and makes everyday transactions much more convenient.', 'Having a Taiwanese bank account makes receiving payments, transferring money, and paying bills much smoother, without the need to rely on cash or ask friends to receive money on your behalf.']","After opening a Taiwanese bank account, you can receive payments, transfer money, withdraw cash, and pay bills. This makes everyday transactions much more convenient and helps you manage finances like a normal daily life in Taiwan.",1.0,0.9061359125944525,0.9999999999666667,Llama3.1
Can international students manage their Taiwanese bank account through a mobile app?,"['As long as you hold a valid Alien Resident Certificate (ARC), international students can open a bank account in Taiwan.', 'Opening a bank account in Taiwan is not legally mandatory. However, international students who plan to stay in Taiwan for a longer period are usually advised to open one.', 'If you are only staying short-term, not opening an account may still be manageable. However, if you plan to stay for more than one semester or have scholarships, part-time work, rent payments, or frequent transfer needs, opening a Taiwanese bank account usually makes daily life much easier.']","As long as you hold a valid Alien Resident Certificate (ARC), international students can open a bank account in Taiwan. However, opening a bank account in Taiwan is not legally mandatory. If you plan to stay for more than one semester or have scholarships, part-time work, rent payments, or frequent transfer needs, opening a Taiwanese bank account usually makes daily life much easier.",1.0,0.8410495346580467,0.0,Llama3.1
What are the CCU Library's opening hours during the semester on weekdays?,"[""may cause crawling insects, and destroy  environmental  cleanliness; improper use of cell phone may affect the rights of others.  ⚫ Violator of these regulations is subject to mark down of points, and may  lose the borrowing privilege, access to audio -visual center, and access  to library facilities!   CCU Campus Life    32      The layout of each floor is as follows:  https://lib.ccu.edu.tw/p/426-1011-57.php?Lang=zh-tw    Basement Study room (open for 24 hours during the midterm and finals  weeks)  1st floor  Audio-Visual Center, Cafeteria, Offices of Acquisition and  Cataloging Division, Audio -Visual Resources Division, Center  of language study, Center of cultural events  2nd floor  General Information Desk, Reference Desk, Circulation Desk,  Database Research Area, Reference Materials, Microform  Materials, Current Journals, Photocopy Room, Office of  Reader's Services Division  3rd floor Newspapers Reading Area, Bound Western Journals, Art  Exhibition Hall, Study Carrels  4th floor Bound East-Asian"", ""may cause crawling insects, and destroy  environmental  cleanliness; improper use of cell phone may affect the rights of others.  ⚫ Violator of these regulations is subject to mark down of points, and may  lose the borrowing privilege, access to audio -visual center, and access  to library facilities!   CCU Campus Life    32      The layout of each floor is as follows:  https://lib.ccu.edu.tw/p/426-1011-57.php?Lang=zh-tw    Basement Study room (open for 24 hours during the midterm and finals  weeks)  1st floor  Audio-Visual Center, Cafeteria, Offices of Acquisition and  Cataloging Division, Audio -Visual Resources Division, Center  of language study, Center of cultural events  2nd floor  General Information Desk, Reference Desk, Circulation Desk,  Database Research Area, Reference Materials, Microform  Materials, Current Journals, Photocopy Room, Office of  Reader's Services Division  3rd floor Newspapers Reading Area, Bound Western Journals, Art  Exhibition Hall, Study Carrels  4th floor Bound East-Asian"", '08:00-21:00  (09 : 00 – 17 : 00 during summer and winter vacation)    On-Campus Wireless Internet  Student can log in to CCU wireless network with CCU student email  account and password.  For your default CCU email account and password please see the following  table.     Account Password  New Student  Transcode the first number of  your student ID to an alphabet.  ◆ 4 → u  ◆ 6 → g  ◆ 5 → s  ◆ 8 → d  E.g., 400000123 → u00000123  Edu$ + last 5 digits of  your ID number  (default ID number is  your birthday + the first  2 capital letters of your  name)  Exchange  Student  Edu$ + the last 5  numerals of your  passport number CCU Campus Life    31        CCU Library  1. If you want to use the Library Online System,  please login through the CCU SSO System.   2. Check your borrowing status regularly.  3. Your borrowing due date is subject to change if the books you borrow are  reserved by others.  4. To protect your privilege, you are recommended to check your borrowing  status every 10 days at the following']","Sorry, I am not sure about it. Maybe you could turn to OIA for help.",0.0,0.0,0.0,Llama3.1
Is the CCU Library open on Sundays?,"['During winter and summer breaks, Monday to Friday hours are adjusted to 8:10 a.m. to 8:30 p.m. Saturdays remain open from 9:00 a.m. to 5:00 p.m., and Sundays are closed.\n\nIn addition, the library is almost always closed on national holidays. It is recommended to check whether the library is open before visiting.', 'The National Chung Cheng University Library has different opening hours depending on the semester and holidays.\n\nDuring the semester, the library is open Monday to Friday from 8:10 a.m. to 9:30 p.m., Saturday from 9:00 a.m. to 5:00 p.m., and closed on Sundays.', '08:00-21:00  (09 : 00 – 17 : 00 during summer and winter vacation)    On-Campus Wireless Internet  Student can log in to CCU wireless network with CCU student email  account and password.  For your default CCU email account and password please see the following  table.     Account Password  New Student  Transcode the first number of  your student ID to an alphabet.  ◆ 4 → u  ◆ 6 → g  ◆ 5 → s  ◆ 8 → d  E.g., 400000123 → u00000123  Edu$ + last 5 digits of  your ID number  (default ID number is  your birthday + the first  2 capital letters of your  name)  Exchange  Student  Edu$ + the last 5  numerals of your  passport number CCU Campus Life    31        CCU Library  1. If you want to use the Library Online System,  please login through the CCU SSO System.   2. Check your borrowing status regularly.  3. Your borrowing due date is subject to change if the books you borrow are  reserved by others.  4. To protect your privilege, you are recommended to check your borrowing  status every 10 days at the following']",The CCU Library is closed on Sundays.,1.0,0.9999999999999994,0.99999999995,Llama3.1
What types of study spaces does the CCU Library provide?,"['The CCU Library provides self-study rooms, research carrels, and discussion rooms to meet different student needs.\n\nSelf-study rooms are designed for quiet study. Students may enter by scanning their student ID during opening hours and select seats through the system.', 'There are several public spaces on campus that are suitable for resting or reading.\n\nInside the CCU Library, in addition to self-study rooms, there are general reading areas and seating where you can read quietly or use a laptop.\n\nThe Activity Center also has open seating and public spaces that are suitable for short breaks, waiting for others, or light reading.', ""destroy  environmental  cleanliness; improper use of cell phone may affect the rights of others.  ⚫ Violator of these regulations is subject to mark down of points, and may  lose the borrowing privilege, access to audio -visual center, and access  to library facilities!   CCU Campus Life    32      The layout of each floor is as follows:  https://lib.ccu.edu.tw/p/426-1011-57.php?Lang=zh-tw    Basement Study room (open for 24 hours during the midterm and finals  weeks)  1st floor  Audio-Visual Center, Cafeteria, Offices of Acquisition and  Cataloging Division, Audio -Visual Resources Division, Center  of language study, Center of cultural events  2nd floor  General Information Desk, Reference Desk, Circulation Desk,  Database Research Area, Reference Materials, Microform  Materials, Current Journals, Photocopy Room, Office of  Reader's Services Division  3rd floor Newspapers Reading Area, Bound Western Journals, Art  Exhibition Hall, Study Carrels  4th floor Bound East-Asian Journals, Maps & Atlas, Carrels,""]","The CCU Library provides the following study spaces:
- Self-study rooms
- Research carrels
- Discussion rooms
- General reading areas
- Seating areas for reading quietly or using a laptop",1.0,0.9936543447548214,0.3333333333,Llama3.1
Who is eligible to use the self-study rooms at the CCU Library?,"['Self-study rooms at the CCU Library are open only to currently enrolled CCU students.\n\nOther individuals who are not enrolled students are not permitted to enter or use these spaces.', 'The CCU Library provides self-study rooms, research carrels, and discussion rooms to meet different student needs.\n\nSelf-study rooms are designed for quiet study. Students may enter by scanning their student ID during opening hours and select seats through the system.', 'There are several public spaces on campus that are suitable for resting or reading.\n\nInside the CCU Library, in addition to self-study rooms, there are general reading areas and seating where you can read quietly or use a laptop.\n\nThe Activity Center also has open seating and public spaces that are suitable for short breaks, waiting for others, or light reading.']",Currently enrolled CCU students are eligible to use the self-study rooms at the CCU Library. They can enter by scanning their student ID during opening hours and select seats through the system.,1.0,0.9871550388768902,0.99999999995,Llama3.1
How do you use the photocopying service at the CCU Library?,"['Students can use photocopying and printing services at the CCU Library.\n\nTo use the service, first go to the service counter inside the library to borrow a photocopy card. Then proceed to the photocopy room located on the right-hand side after entering the main library entrance, where computers and photocopiers are available.', 'If you need to make copies or print on campus, you can use the services provided by the CCU Library and the Information Center.', 'At the library, you can use photocopying and printing equipment by first borrowing a photocopy card from the service counter. Then, operate the machines in the copy room and return to the counter afterward to settle the payment. Fees are calculated based on the actual number of pages copied or printed.']","To use the photocopying service at the CCU Library, first go to the service counter inside the library to borrow a photocopy card. Then, proceed to the photocopy room located on the right-hand side after entering the main library entrance, where computers and photocopiers are available. Operate the machines in the copy room and return to the counter afterward to settle the payment. Fees are calculated based on the actual number of pages copied or printed.",1.0,0.9679934599745782,0.8333333332916666,Llama3.1
How are photocopying and printing fees calculated at the CCU Library?,"['At the library, you can use photocopying and printing equipment by first borrowing a photocopy card from the service counter. Then, operate the machines in the copy room and return to the counter afterward to settle the payment. Fees are calculated based on the actual number of pages copied or printed.', 'Fees are calculated based on the actual number of pages copied or printed and are deducted from your printing quota or stored value. The process is simple, and if you are unsure how to use the machines, you can ask the counter staff or on-site personnel for assistance.', 'Students can use photocopying and printing services at the CCU Library.\n\nTo use the service, first go to the service counter inside the library to borrow a photocopy card. Then proceed to the photocopy room located on the right-hand side after entering the main library entrance, where computers and photocopiers are available.']","Fees are calculated based on the actual number of pages copied or printed. You can use your printing quota or stored value to settle the payment. If you are unsure how to use the machines, you can ask the counter staff or on-site personnel for assistance.",1.0,0.7632458583219721,0.99999999995,Llama3.1
What are the possible consequences of repeatedly violating CCU Library study space rules?,"['In serious cases, violations may result in suspension of self-study room privileges for one semester.', ""may cause crawling insects, and destroy  environmental  cleanliness; improper use of cell phone may affect the rights of others.  ⚫ Violator of these regulations is subject to mark down of points, and may  lose the borrowing privilege, access to audio -visual center, and access  to library facilities!   CCU Campus Life    32      The layout of each floor is as follows:  https://lib.ccu.edu.tw/p/426-1011-57.php?Lang=zh-tw    Basement Study room (open for 24 hours during the midterm and finals  weeks)  1st floor  Audio-Visual Center, Cafeteria, Offices of Acquisition and  Cataloging Division, Audio -Visual Resources Division, Center  of language study, Center of cultural events  2nd floor  General Information Desk, Reference Desk, Circulation Desk,  Database Research Area, Reference Materials, Microform  Materials, Current Journals, Photocopy Room, Office of  Reader's Services Division  3rd floor Newspapers Reading Area, Bound Western Journals, Art  Exhibition Hall, Study Carrels  4th floor Bound East-Asian"", ""may cause crawling insects, and destroy  environmental  cleanliness; improper use of cell phone may affect the rights of others.  ⚫ Violator of these regulations is subject to mark down of points, and may  lose the borrowing privilege, access to audio -visual center, and access  to library facilities!   CCU Campus Life    32      The layout of each floor is as follows:  https://lib.ccu.edu.tw/p/426-1011-57.php?Lang=zh-tw    Basement Study room (open for 24 hours during the midterm and finals  weeks)  1st floor  Audio-Visual Center, Cafeteria, Offices of Acquisition and  Cataloging Division, Audio -Visual Resources Division, Center  of language study, Center of cultural events  2nd floor  General Information Desk, Reference Desk, Circulation Desk,  Database Research Area, Reference Materials, Microform  Materials, Current Journals, Photocopy Room, Office of  Reader's Services Division  3rd floor Newspapers Reading Area, Bound Western Journals, Art  Exhibition Hall, Study Carrels  4th floor Bound East-Asian""]","Repeatedly violating CCU Library study space rules may cause crawling insects, and destroy environmental cleanliness. Improper use of a cell phone may affect the rights of others. Violator of these regulations is subject to a mark down of points, and may lose the borrowing privilege, access to the audio-visual center, and access to library facilities.",1.0,0.9930095742627291,0.5833333333041666,Llama3.1
What must students do at the library before completing graduation or departure procedures?,"['Before completing graduation or departure procedures, students must return all borrowed library materials and pay any overdue fines or compensation fees.\n\nIf these requirements are not fulfilled, the graduation or departure process cannot be completed.', 'If library books or equipment are lost, stained, or damaged, students are required to provide compensation according to library regulations.', 'If you fail to do so within the required time, the reservation will be considered forfeited, and the library will release the room for use by other students.']","Before completing graduation or departure procedures, students must return all borrowed library materials and pay any overdue fines or compensation fees. If library books or equipment are lost, stained, or damaged, students are required to provide compensation according to library regulations. Failure to do so within the required time will result in the reservation being considered forfeited, and the library will release the room for use by other students.",0.8,0.9080928410348376,0.9999999999666667,Llama3.1
What documents are typically required when filing a student group insurance claim at CCU?,"['The Student Group Insurance at National Chung Cheng University is a group insurance plan that provides basic coverage for enrolled students. As long as you have student status at CCU, including students on leave, you may choose to enroll voluntarily. Enrollment is not mandatory, but the university encourages participation to ensure students have basic financial protection in case of accidents or hospitalization.', '7. Financial Statement  8. Health Certificate or  ARC  9. Health Insurance or  NHI (If any)  10. Taiwan Bank (If any)        1. Diploma and  Transcript must be  authenticated by  the Taiwanese  Representative  Office in your  country    2. After OIA check all  the required  documents, you  need to go to  Academic Office to  complete the  registration.  Feb. 25 Orientation None   6  Health  Check for  Freshmen    Mar 05    (Auditorium)      1. CCU Health  Examination Form   2. Fee NT$630  3. Passport  4. Registration Sheet  Metal Accessories and  contact lenses are not  allowed. If you need to  wear contact lenses,  please bring your own  contact lens case.   Registration  4.1 University Registration    16   No Work Time Location Required  Document s  Note  7 Registration  Before    Apr 1  (1F of East Wing  Administrative  Building)      1. Photocopy of  Passport & Visa  (with the stamp of  entering Taiwan)  2. Diploma (Photocopy  of Original and  Authenticated  version)  3. Transcript (Photocopy  of', '7. Financial Statement  8. Health Certificate or  ARC  9. Health Insurance or  NHI (If any)  10. Taiwan Bank (If any)        1. Diploma and  Transcript must be  authenticated by  the Taiwanese  Representative  Office in your  country    2. After OIA check all  the required  documents, you  need to go to  Academic Office to  complete the  registration.  Feb. 25 Orientation None   6  Health  Check for  Freshmen    Mar 05    (Auditorium)      1. CCU Health  Examination Form   2. Fee NT$630  3. Passport  4. Registration Sheet  Metal Accessories and  contact lenses are not  allowed. If you need to  wear contact lenses,  please bring your own  contact lens case.   Registration  4.1 University Registration    16   No Work Time Location Required  Document s  Note  7 Registration  Before    Apr 1  (1F of East Wing  Administrative  Building)      1. Photocopy of  Passport & Visa  (with the stamp of  entering Taiwan)  2. Diploma (Photocopy  of Original and  Authenticated  version)  3. Transcript (Photocopy  of']","Sorry, I am not sure about it. Maybe you could turn to OIA for help.",0.0,0.0,0.0,Llama3.1
What types of incidents are NOT covered by CCU's student group insurance?,"['Student group insurance does not cover outpatient visits for illnesses, emergency visits for illnesses, or outpatient dental procedures, unless they are caused by accidental injuries.', 'The Student Group Insurance at National Chung Cheng University is a group insurance plan that provides basic coverage for enrolled students. As long as you have student status at CCU, including students on leave, you may choose to enroll voluntarily. Enrollment is not mandatory, but the university encourages participation to ensure students have basic financial protection in case of accidents or hospitalization.', 'The main coverage falls into two categories: accidental injuries and illnesses. Accidental injuries include situations such as traffic accidents, falls while walking or exercising, burns or scalds, sports injuries, and animal or insect bites. For illnesses, coverage mainly focuses on hospitalization and surgery. General outpatient visits for illnesses are usually not covered.']","The types of incidents NOT covered by CCU's student group insurance are:

* Outpatient visits for illnesses
* Emergency visits for illnesses
* Outpatient dental procedures, unless they are caused by accidental injuries",1.0,0.9999999999999994,0.9999999999,Llama3.1
What additional document is required for international students when filing an insurance claim?,"['1. Insurance Claim Application Form. For applicants under 18 years old, a legal guardian’s signature is required.\n2. Medical Certificate (original).\n3. Medical expense receipts (original or copy). Copies must be stamped by the medical institution as ""consistent with the original,"" along with detailed expense statements.\n4. Proof of payment for the student insurance premium for the semester in which the accident occurred. This should be printed from the Bank of Taiwan tuition and fees payment portal.', 'Examination  4.4 Health Insurance    19      4.3 Health Examination     All new students are asked to do a simple health check on campus, even if you have  already done the Health Check that the Taipei Representative Office has required.   Notes:  If you wear glasses or contact lenses, please bring the glasses on the day of health  check so that your post-treatment eyesight can be tested.  4.4 Health Insurance    During your stay in Taiwan, you have to apply for health insurance for your own health  and well-being. There are two kinds of insurances available for international students.   The National Health Insurance is for the international students who have an ARC for  more than 6 months.  The Medical Insurance is for the international students who don’t have an ARC or  staying less than 6 months.  You only need to apply for either one of them. Please refer to the following website for  details: https://www.nhi.gov.tw/en/mp-2.html    I. Short-term Medical and Injury Insurance  According to Article 21 of', 'Examination  4.4 Health Insurance    19      4.3 Health Examination     All new students are asked to do a simple health check on campus, even if you have  already done the Health Check that the Taipei Representative Office has required.   Notes:  If you wear glasses or contact lenses, please bring the glasses on the day of health  check so that your post-treatment eyesight can be tested.  4.4 Health Insurance    During your stay in Taiwan, you have to apply for health insurance for your own health  and well-being. There are two kinds of insurances available for international students.   The National Health Insurance is for the international students who have an ARC for  more than 6 months.  The Medical Insurance is for the international students who don’t have an ARC or  staying less than 6 months.  You only need to apply for either one of them. Please refer to the following website for  details: https://www.nhi.gov.tw/en/mp-2.html    I. Short-term Medical and Injury Insurance  According to Article 21 of']","To file an insurance claim, you need to submit the following documents: 
1. Insurance Claim Application Form.
2. Medical Certificate (original).
3. Medical expense receipts (original or copy), which must be stamped by the medical institution as ""consistent with the original,"" along with detailed expense statements.
4. Proof of payment for the student insurance premium for the semester in which the accident occurred, printed from the Bank of Taiwan tuition and fees payment portal.",1.0,0.7910560873957045,0.9999999999,Llama3.1
How do you borrow equipment from the CCU Health Care Center?,"['At the Health Care Center, you can borrow basic medical and assistive equipment, including crutches, cold packs, hot packs, first-aid kits, and thermometers.', 'If you need to borrow equipment, you can visit the Health Care Center on the second floor of the Activity Center during service hours and explain your condition and the equipment you need to the counter staff.', 'Students may borrow home-use audiovisual materials from the CCU Library, with a maximum of 4 items at a time. The loan period for these materials is 7 days.\n\nIf audiovisual materials are needed for student clubs or events and are approved by the relevant units, public-performance versions may also be borrowed according to library regulations.']","To borrow equipment from the CCU Health Care Center, visit the center on the second floor of the Activity Center during service hours. Explain your condition and the equipment you need to the counter staff. They will assist you with borrowing the necessary equipment.",0.6666666666666666,0.9719706777859988,0.49999999995,Llama3.1
What information do you need to provide when borrowing equipment from the Health Care Center?,"['At the Health Care Center, you can borrow basic medical and assistive equipment, including crutches, cold packs, hot packs, first-aid kits, and thermometers.', 'If you need to borrow equipment, you can visit the Health Care Center on the second floor of the Activity Center during service hours and explain your condition and the equipment you need to the counter staff.', 'You will usually be asked to fill out a borrowing form and provide your contact information. After use, simply return the equipment within the required time. The overall process is simple and suitable for urgent situations.']","When borrowing equipment from the Health Care Center, you will need to fill out a borrowing form and provide your contact information.",1.0,0.925480222695065,0.3333333333,Llama3.1
Where can students pay the dormitory internet fee at CCU?,"['Aug 29  Dormitory Passport   2  Dorm  Internet  After the  Dorm  check- in  Office of Information  Technology  (Library 1st floor)  1. CB1 of  Undergraduate  Dormitory (only  7PM- 10PM)  2. Link to CCU  Dormitory Network  System:  https://www.dorm.ccu.e du.tw/en   1. NT$1,000   2. Computer  Address  3. Internet Cable    3  Uploading  a digital  photo to  New  Students  ID System    Link to CCU Student  Academic Record Entry  System:  https://www026198.ccu.edu .tw/academic/     Digital Photo     (.jpg or .jpeg)  * The default password  birth date + first 2  capital letters of  student’s name  * Print out the form  after you finish  filling it online  4 Paying the  fees   1. Download the  payment sheet via  https://school.bot.com.tw/new Twbank/StudentLogin.aspx  2. Pay the fees at  convenience stores,  Post office or  Taiwan Bank  1. Payment Sheet  2. Money  If the amount of fee is  more than 40,000, you  can only pay it at Post  Office or Taiwan Bank  at Administration  Building B1  (9AM – 11:50AM)', 'On-campus dormitory fees at CCU vary by building and room type, but overall they are generally affordable for students.\n\nFor master’s dormitories in Buildings A to D, which are double-occupancy non-suite rooms, the dormitory fee is about NT$7,210 per semester. In addition, there is a one-time deposit of NT$1,600, prepaid electricity of about NT$1,500 for the first semester and about NT$500 for the second semester, and a separate internet fee of NT$1,000 per semester.', 'beds, desks, chairs,  book shelf, closets, telephone. Internet access is  available in all dormitories.  3. You can apply for dormitory network in the  Computer Center; the fee is NT$1,000 per semester.    3.4 Public Facilities  Public Facilities for undergraduate, master, and PhD:  shared washing machines, RO drinking water system,  social lounge.    3.5 Dormitory Network  As soon as you settle down your accommodation which means you’ve got your room  number and bed number, you need to apply dormitory network in order to use the  internet (wired network) in the dorm.  For applying the dormitory network, please submit the document online:   https://www.dorm.ccu.edu.tw/student/login  For more information about dormitory network please refer  to: https://www.dorm.ccu.edu.tw/en or call the ext.14151      13    04        Registration Registration  4.1 University Registration    14   No Work Time Location  Required  Documents Note  1 Dorm  Check-in  Starting  from  Feb 20  Dormitory Passport   2  Dorm  Internet']","To pay the dormitory internet fee at CCU, you can download the payment sheet via https://school.bot.com.tw/newTwbank/StudentLogin.aspx and pay the fees at convenience stores, Post office, or Taiwan Bank. If the amount of fee is more than NT$40,000, you can only pay it at Post Office or Taiwan Bank at Administration Building B1 (9AM – 11:50AM).",0.6666666666666666,0.9746697600385194,0.9999999999,Llama3.1
What must students do after choosing electronic payment for the dormitory internet fee?,"['Once all information is ready, students log in to the dormitory network service system and fill in their personal information and dormitory bed details according to the system instructions. Users applying for wired internet must additionally enter their network card address, while those using wireless internet (Wi-Fi) do not need to provide this information. After submitting the application, the system will guide users through the payment process.\n\nDormitory internet fees must be paid at locations designated by the university’s Information Center, such as Information Center Room R219. Payment can be made in cash or through electronic payment methods. If electronic payment is used, proof of payment must be uploaded to the system for review after the transaction is completed. In general, Wi-Fi service becomes available only after payment is confirmed, while wired internet usually provides a short trial period at the beginning of the semester.', 'You can pay the dormitory internet fee at Information Center Room R219. Payment methods include cash payment and electronic payment. If you choose electronic payment, you must upload the proof of payment after completing the transaction.', 'At National Chung Cheng University, dormitory internet access must be applied for by students themselves and is not automatically activated after moving in. Before applying, students must first activate their university SSO account, as the dormitory internet application is processed through the campus dormitory network service system, which requires logging in with an SSO account. If the SSO account has not yet been activated, students must complete activation on the university’s designated SSO activation page before proceeding.\n\nAfter activating the SSO account, students should prepare the required information for the application. This includes the student ID number and password, an email address that can receive verification messages, and current dormitory bed information. If planning to use a wired internet connection, students must also confirm their computer’s network card (MAC) address in advance. If electronic payment is chosen, proof of payment must be prepared for later upload.']","If you choose electronic payment for the dormitory internet fee, you must upload the proof of payment after completing the transaction. You can pay the fee at Information Center Room R219. Payment methods include cash and electronic payment.",1.0,0.8622764657717292,0.9999999999666667,Llama3.1
What is the difference in purpose between discussion rooms and research carrels at the CCU Library?,"['Discussion rooms are suitable for group discussions or presentation practice. Use of these rooms requires borrowing a key from the service counter and is subject to limits on the number of users and usage time.\n\nResearch carrels are intended for individual research use and require eligibility and application through the library.', 'The CCU Library provides self-study rooms, research carrels, and discussion rooms to meet different student needs.\n\nSelf-study rooms are designed for quiet study. Students may enter by scanning their student ID during opening hours and select seats through the system.', 'A research carrel is a facility that provides a more independent space for longer-term research work.']","Discussion rooms are for group discussions or presentation practice, and require borrowing a key from the service counter with limits on the number of users and usage time. Research carrels are for individual research use, requiring eligibility and application through the library. They provide a more independent space for longer-term research work.",1.0,0.7751673019418922,0.9999999999,Llama3.1
What is the recommended payment method when riding a bus in Taiwan and why?,"['* **Mode of Transport (Most Convenient):** **Taxi or Dedicated Shuttle Service**\n* **Mode of Transport (Economical Option):** **Chiayi County Bus**\n    * **Bus Routes:** Take **Chiayi County Bus Route 7309** or **Taiwan Tourist Shuttle 106**.\n    * **Recommended Stop:** **Activity Center Bus Stop (活動中心前候車亭)** (The only stop inside the campus).\n* **Cost (Taxi):** Approximately NT$ 550 - 600 per trip. **Cost (Bus):** Approximately NT$ 50 - 100 per person.', 'You can pay for the bus fare with either cash or an EasyCard. If you use cash, ask the driver for the fare amount before getting off. Please note that cash must be exact, as the driver does not provide change.', 'Because using cash is less convenient, it is recommended to buy an EasyCard in advance and add value at a convenience store. You can then simply tap your card when boarding the bus for easy payment.']","When riding a bus in Taiwan, it is recommended to pay with an EasyCard. You can buy an EasyCard in advance and add value at a convenience store. Then, simply tap your card when boarding the bus for easy payment. If you prefer to pay with cash, ask the driver for the fare amount before getting off, but please note that cash must be exact as the driver does not provide change.",1.0,0.9928234886005757,0.5833333333041666,Llama3.1
Can non-CCU students use the self-study rooms at the CCU Library?,"['Self-study rooms at the CCU Library are open only to currently enrolled CCU students.\n\nOther individuals who are not enrolled students are not permitted to enter or use these spaces.', 'The CCU Library provides self-study rooms, research carrels, and discussion rooms to meet different student needs.\n\nSelf-study rooms are designed for quiet study. Students may enter by scanning their student ID during opening hours and select seats through the system.', 'There are several public spaces on campus that are suitable for resting or reading.\n\nInside the CCU Library, in addition to self-study rooms, there are general reading areas and seating where you can read quietly or use a laptop.\n\nThe Activity Center also has open seating and public spaces that are suitable for short breaks, waiting for others, or light reading.']","No, non-CCU students cannot use the self-study rooms at the CCU Library. They are open only to currently enrolled CCU students.",1.0,0.9999999999999994,0.99999999995,Llama3.1
What is the recommended transportation from CCU to Taoyuan International Airport?,"['Method 1: Airport MRT → High-Speed Rail → CCU (fastest option)\nStep 1: From Terminal 1 (A12) or Terminal 2 (A13), take the Taoyuan Airport MRT to A18 ""THSR Taoyuan Station"". The fare is around NT$35.\nStep 2: Transfer to the High-Speed Rail and ride from THSR Taoyuan to THSR Chiayi Station. The fare is around NT$920.\nStep 3: From THSR Chiayi Station, you can choose one of the following to reach CCU:\n- Taxi: Around NT$600. This is convenient if you have heavy luggage.', 'YOUR GUIDE TO CCUWelcome to Taiwan! Your Guide to Reaching  National Chung Cheng University (CCU) ✈  For new international students  🧭  Step-by-step travel guide from Taiwan Airports to CCU  🎓  Let’s begin your journey!From Taoyuan Airport to CCU 1.FROM TAOYUAN AIRPORT (TPE)  TO CCU 2.FROM  KAOHSIUNG AIRPORT (KHH)  TO CCU1.Take MRT (Airport MRT) → From Terminal 1 (A12) / 2 (A13)  to     HSR Taoyuan Station (A18)  2.Take Taiwan High-Speed Rail (HSR)(~1 hour 20 minutes /NT$920) From HSR Taoyuan → to HSR Chiayi 3.From HSR Chiayi Station to CCU: Option 1: Taxi (~25 minutes / ~BELOW NT$1,000) Option 2: Bus (Route 106)(~1 hour 20 minutes / ~NT$120) 1.FROM TAOYUAN AIRPORT (TPE) TO CCU STEPS:🚇  Taoyuan Airport MRT( ~20 minutes/ ~NT$35) Board at Terminal 1 (A12) or Terminal 2 (A13) Get off at A18: HSR Taoyuan Station 🚇  HSR Taoyuan to HSR Chiayi Board at HSR Taoyuan Station ，Get off at HSR Chiayi Station You can buy HSR tickets on-site at the station or book online :    👉 https://en.thsrc.com.tw/  🚇  HSR Chiayi', 'YOUR GUIDE TO CCUWelcome to Taiwan! Your Guide to Reaching  National Chung Cheng University (CCU) ✈  For new international students  🧭  Step-by-step travel guide from Taiwan Airports to CCU  🎓  Let’s begin your journey!From Taoyuan Airport to CCU 1.FROM TAOYUAN AIRPORT (TPE)  TO CCU 2.FROM  KAOHSIUNG AIRPORT (KHH)  TO CCU1.Take MRT (Airport MRT) → From Terminal 1 (A12) / 2 (A13)  to     HSR Taoyuan Station (A18)  2.Take Taiwan High-Speed Rail (HSR)(~1 hour 20 minutes /NT$920) From HSR Taoyuan → to HSR Chiayi 3.From HSR Chiayi Station to CCU: Option 1: Taxi (~25 minutes / ~BELOW NT$1,000) Option 2: Bus (Route 106)(~1 hour 20 minutes / ~NT$120) 1.FROM TAOYUAN AIRPORT (TPE) TO CCU STEPS:🚇  Taoyuan Airport MRT( ~20 minutes/ ~NT$35) Board at Terminal 1 (A12) or Terminal 2 (A13) Get off at A18: HSR Taoyuan Station 🚇  HSR Taoyuan to HSR Chiayi Board at HSR Taoyuan Station ，Get off at HSR Chiayi Station You can buy HSR tickets on-site at the station or book online :    👉 https://en.thsrc.com.tw/  🚇  HSR Chiayi']","To reach CCU from Taoyuan International Airport, follow these steps:

1. Take the Taoyuan Airport MRT from Terminal 1 (A12) or Terminal 2 (A13) to A18 ""THSR Taoyuan Station"". The fare is around NT$35.
2. Transfer to the High-Speed Rail and ride from THSR Taoyuan to THSR Chiayi Station. The fare is around NT$920.
3. From THSR Chiayi Station, you can choose one of the following to reach CCU:
- Taxi: Around NT$600.
- Bus (Route 106): Around NT$120.",1.0,0.9172995679259509,0.9999999999666667,Llama3.1
What is the approximate HSR fare from THSR Chiayi Station to THSR Taoyuan Station?,"['**2. Taoyuan HSR Station to Chiayi HSR Station**\n\n* **Mode of Transport:** Taiwan High Speed Rail (THSR)\n* **Route:** Take a southbound train to Chiayi HSR Station (located in Taibao City).\n* **Cost:** Approximately NT$ 980 per person for Standard Car.\n\n**3. Chiayi HSR Station to National Chung Cheng University**', 'Step 2: THSR Chiayi Station to THSR Taichung Station\n\n● Route: Take a Northbound THSR train to Taichung Station.\n● Fare: Approx. NT$ 380.\n\nStep 3: THSR Taichung Station to Taichung International Airport (RMQ)', 'HSR Taoyuan to HSR Chiayi Board at HSR Taoyuan Station ，Get off at HSR Chiayi Station You can buy HSR tickets on-site at the station or book online :    👉 https://en.thsrc.com.tw/  🚇  HSR Chiayi Station to CCU (BUS:Route 106) Board at HSR Chiayi Station ，Get off at CCU To check bus routes, schedules, and real-time info, visit: https://www.taiwanbus.tw/eBUSPage/Query/QueryResult.as px?rno=07460&rn=1669878703021&lan=E 1.Take MRT (Red Line) → From Kaohsiung Airport Station (R4)    →  Zuoying Station (R16) 2.Take Taiwan High-Speed Rail (HSR)（ ~ 30 minutes/NT$410 ） From HSR Zuoying →  to HSR Chiayi 3.From HSR Chiayi Station to CCU: Option 1: Taxi (~25 minutes / ~BELOW NT$1,000) Option 2: Bus (Route 106)(~1 hour 20 minutes / ~NT$120) 2.FROM KAOHSIUNG AIRPORT (KHH) TO CCU STEPS:🚇  Kaohsiung Airport MRT( ~30 minutes/ ~NT$35) Board at Kaohsiung International Airport (R4)  Get off at Zuoying（ R16) 🚇  HSR Zuoying to HSR Chiayi Board at HSR Zuoying Station ，Get off at HSR Chiayi Station You can buy HSR tickets on-site']","To travel from THSR Chiayi Station to THSR Taoyuan Station, take a northbound THSR train. The fare is approximately NT$ 380 per person.",0.0,0.9542217528871036,0.3333333333,Llama3.1
Which MRT train type should you take from THSR Taoyuan Station (A18) to reach Taoyuan Airport?,"['Method 1: Airport MRT → High-Speed Rail → CCU (fastest option)\nStep 1: From Terminal 1 (A12) or Terminal 2 (A13), take the Taoyuan Airport MRT to A18 ""THSR Taoyuan Station"". The fare is around NT$35.\nStep 2: Transfer to the High-Speed Rail and ride from THSR Taoyuan to THSR Chiayi Station. The fare is around NT$920.\nStep 3: From THSR Chiayi Station, you can choose one of the following to reach CCU:\n- Taxi: Around NT$600. This is convenient if you have heavy luggage.', 'The most convenient and fastest option is the **High-Speed Rail (HSR)**.\n\n**Detailed Steps and Estimated Costs:**\n\n**1. TPE Airport to Taoyuan HSR Station (A18)**\n\n* **Mode of Transport:** Taoyuan Airport MRT\n* **Boarding Location:** \n\t* Terminal 1: B2 level\n\t* Terminal 2: B2 level\n* **Route:** Take the train heading towards ""Huanbei"". It is recommended to choose the **Express train (Purple)**, as it stops at A18 Taoyuan HSR Station.\n* **Cost:** Approximately NT$ 30 per person.', 'HSR Taoyuan to HSR Chiayi Board at HSR Taoyuan Station ，Get off at HSR Chiayi Station You can buy HSR tickets on-site at the station or book online :    👉 https://en.thsrc.com.tw/  🚇  HSR Chiayi Station to CCU (BUS:Route 106) Board at HSR Chiayi Station ，Get off at CCU To check bus routes, schedules, and real-time info, visit: https://www.taiwanbus.tw/eBUSPage/Query/QueryResult.as px?rno=07460&rn=1669878703021&lan=E 1.Take MRT (Red Line) → From Kaohsiung Airport Station (R4)    →  Zuoying Station (R16) 2.Take Taiwan High-Speed Rail (HSR)（ ~ 30 minutes/NT$410 ） From HSR Zuoying →  to HSR Chiayi 3.From HSR Chiayi Station to CCU: Option 1: Taxi (~25 minutes / ~BELOW NT$1,000) Option 2: Bus (Route 106)(~1 hour 20 minutes / ~NT$120) 2.FROM KAOHSIUNG AIRPORT (KHH) TO CCU STEPS:🚇  Kaohsiung Airport MRT( ~30 minutes/ ~NT$35) Board at Kaohsiung International Airport (R4)  Get off at Zuoying（ R16) 🚇  HSR Zuoying to HSR Chiayi Board at HSR Zuoying Station ，Get off at HSR Chiayi Station You can buy HSR tickets on-site']","To reach Taoyuan Airport from THSR Taoyuan Station (A18), take the Taoyuan Airport MRT from Terminal 1 (A12) or Terminal 2 (A13). The fare is around NT$35. Then, transfer to the High-Speed Rail and ride from THSR Taoyuan to THSR Chiayi Station. The fare is around NT$920.",0.8333333333333334,0.7295791911257069,0.0,Llama3.1
What is the fastest way to travel from Songshan Airport to CCU?,"['Method 1: Airport MRT → High-Speed Rail → CCU (fastest option)\nStep 1: From Terminal 1 (A12) or Terminal 2 (A13), take the Taoyuan Airport MRT to A18 ""THSR Taoyuan Station"". The fare is around NT$35.\nStep 2: Transfer to the High-Speed Rail and ride from THSR Taoyuan to THSR Chiayi Station. The fare is around NT$920.\nStep 3: From THSR Chiayi Station, you can choose one of the following to reach CCU:\n- Taxi: Around NT$600. This is convenient if you have heavy luggage.', 'YOUR GUIDE TO CCUWelcome to Taiwan! Your Guide to Reaching  National Chung Cheng University (CCU) ✈  For new international students  🧭  Step-by-step travel guide from Taiwan Airports to CCU  🎓  Let’s begin your journey!From Taoyuan Airport to CCU 1.FROM TAOYUAN AIRPORT (TPE)  TO CCU 2.FROM  KAOHSIUNG AIRPORT (KHH)  TO CCU1.Take MRT (Airport MRT) → From Terminal 1 (A12) / 2 (A13)  to     HSR Taoyuan Station (A18)  2.Take Taiwan High-Speed Rail (HSR)(~1 hour 20 minutes /NT$920) From HSR Taoyuan → to HSR Chiayi 3.From HSR Chiayi Station to CCU: Option 1: Taxi (~25 minutes / ~BELOW NT$1,000) Option 2: Bus (Route 106)(~1 hour 20 minutes / ~NT$120) 1.FROM TAOYUAN AIRPORT (TPE) TO CCU STEPS:🚇  Taoyuan Airport MRT( ~20 minutes/ ~NT$35) Board at Terminal 1 (A12) or Terminal 2 (A13) Get off at A18: HSR Taoyuan Station 🚇  HSR Taoyuan to HSR Chiayi Board at HSR Taoyuan Station ，Get off at HSR Chiayi Station You can buy HSR tickets on-site at the station or book online :    👉 https://en.thsrc.com.tw/  🚇  HSR Chiayi', 'YOUR GUIDE TO CCUWelcome to Taiwan! Your Guide to Reaching  National Chung Cheng University (CCU) ✈  For new international students  🧭  Step-by-step travel guide from Taiwan Airports to CCU  🎓  Let’s begin your journey!From Taoyuan Airport to CCU 1.FROM TAOYUAN AIRPORT (TPE)  TO CCU 2.FROM  KAOHSIUNG AIRPORT (KHH)  TO CCU1.Take MRT (Airport MRT) → From Terminal 1 (A12) / 2 (A13)  to     HSR Taoyuan Station (A18)  2.Take Taiwan High-Speed Rail (HSR)(~1 hour 20 minutes /NT$920) From HSR Taoyuan → to HSR Chiayi 3.From HSR Chiayi Station to CCU: Option 1: Taxi (~25 minutes / ~BELOW NT$1,000) Option 2: Bus (Route 106)(~1 hour 20 minutes / ~NT$120) 1.FROM TAOYUAN AIRPORT (TPE) TO CCU STEPS:🚇  Taoyuan Airport MRT( ~20 minutes/ ~NT$35) Board at Terminal 1 (A12) or Terminal 2 (A13) Get off at A18: HSR Taoyuan Station 🚇  HSR Taoyuan to HSR Chiayi Board at HSR Taoyuan Station ，Get off at HSR Chiayi Station You can buy HSR tickets on-site at the station or book online :    👉 https://en.thsrc.com.tw/  🚇  HSR Chiayi']","To travel from Songshan Airport to CCU, take the Airport MRT from Terminal 1 (A12) or Terminal 2 (A13) to A18 ""THSR Taoyuan Station"". The fare is around NT$35. Then, transfer to the High-Speed Rail and ride from THSR Taoyuan to THSR Chiayi Station. The fare is around NT$920. From THSR Chiayi Station, you can choose one of the following to reach CCU: Taxi (around NT$600) or Bus (Route 106, around NT$120).",0.875,0.9144569226558711,0.9999999999,Llama3.1
How much does the HSR ticket from Taipei HSR Station to Chiayi HSR Station cost?,"['**2. Taoyuan HSR Station to Chiayi HSR Station**\n\n* **Mode of Transport:** Taiwan High Speed Rail (THSR)\n* **Route:** Take a southbound train to Chiayi HSR Station (located in Taibao City).\n* **Cost:** Approximately NT$ 980 per person for Standard Car.\n\n**3. Chiayi HSR Station to National Chung Cheng University**', 'HSR Taoyuan to HSR Chiayi Board at HSR Taoyuan Station ，Get off at HSR Chiayi Station You can buy HSR tickets on-site at the station or book online :    👉 https://en.thsrc.com.tw/  🚇  HSR Chiayi Station to CCU (BUS:Route 106) Board at HSR Chiayi Station ，Get off at CCU To check bus routes, schedules, and real-time info, visit: https://www.taiwanbus.tw/eBUSPage/Query/QueryResult.as px?rno=07460&rn=1669878703021&lan=E 1.Take MRT (Red Line) → From Kaohsiung Airport Station (R4)    →  Zuoying Station (R16) 2.Take Taiwan High-Speed Rail (HSR)（ ~ 30 minutes/NT$410 ） From HSR Zuoying →  to HSR Chiayi 3.From HSR Chiayi Station to CCU: Option 1: Taxi (~25 minutes / ~BELOW NT$1,000) Option 2: Bus (Route 106)(~1 hour 20 minutes / ~NT$120) 2.FROM KAOHSIUNG AIRPORT (KHH) TO CCU STEPS:🚇  Kaohsiung Airport MRT( ~30 minutes/ ~NT$35) Board at Kaohsiung International Airport (R4)  Get off at Zuoying（ R16) 🚇  HSR Zuoying to HSR Chiayi Board at HSR Zuoying Station ，Get off at HSR Chiayi Station You can buy HSR tickets on-site', 'HSR Taoyuan to HSR Chiayi Board at HSR Taoyuan Station ，Get off at HSR Chiayi Station You can buy HSR tickets on-site at the station or book online :    👉 https://en.thsrc.com.tw/  🚇  HSR Chiayi Station to CCU (BUS:Route 106) Board at HSR Chiayi Station ，Get off at CCU To check bus routes, schedules, and real-time info, visit: https://www.taiwanbus.tw/eBUSPage/Query/QueryResult.as px?rno=07460&rn=1669878703021&lan=E 1.Take MRT (Red Line) → From Kaohsiung Airport Station (R4)    →  Zuoying Station (R16) 2.Take Taiwan High-Speed Rail (HSR)（ ~ 30 minutes/NT$410 ） From HSR Zuoying →  to HSR Chiayi 3.From HSR Chiayi Station to CCU: Option 1: Taxi (~25 minutes / ~BELOW NT$1,000) Option 2: Bus (Route 106)(~1 hour 20 minutes / ~NT$120) 2.FROM KAOHSIUNG AIRPORT (KHH) TO CCU STEPS:🚇  Kaohsiung Airport MRT( ~30 minutes/ ~NT$35) Board at Kaohsiung International Airport (R4)  Get off at Zuoying（ R16) 🚇  HSR Zuoying to HSR Chiayi Board at HSR Zuoying Station ，Get off at HSR Chiayi Station You can buy HSR tickets on-site']",The HSR ticket from Taipei HSR Station to Chiayi HSR Station costs approximately NT$ 980 per person for Standard Car. You can buy HSR tickets on-site at the station or book online at https://en.thsrc.com.tw/.,0.75,0.9103342398504641,0.5833333333041666,Llama3.1
How can you get from Taipei HSR Station to Songshan Airport using public transit?,"['The most convenient and fastest option is the **High-Speed Rail (HSR)**.\n\n**Detailed Steps and Estimated Costs:**\n\n**1. TPE Airport to Taoyuan HSR Station (A18)**\n\n* **Mode of Transport:** Taoyuan Airport MRT\n* **Boarding Location:** \n\t* Terminal 1: B2 level\n\t* Terminal 2: B2 level\n* **Route:** Take the train heading towards ""Huanbei"". It is recommended to choose the **Express train (Purple)**, as it stops at A18 Taoyuan HSR Station.\n* **Cost:** Approximately NT$ 30 per person.', 'Step 1: Taichung International Airport (RMQ) to THSR Taichung Station\n\n● Boarding Point: Bus Transfer Platform at Terminal B1.\n● Route: Take Taichung Bus Route 156 (Express) directly to THSR Taichung Station.\n● Fare: Approx. NT$ 58.\n\nStep 2: THSR Taichung Station to THSR Chiayi Station\n\n● Route: Take a Southbound THSR train to Chiayi Station.\n● Fare: Approx. NT$ 380.', 'Step 1: Kaohsiung International Airport (KHH) to THSR Zuoying Station\n\n● Boarding Point: MRT ""R4 Kaohsiung International Airport"" Station (B1/B2).\n● Route: Take the Kaohsiung MRT Red Line (Towards Gangshan) to ""R16 Zuoying Station"".\n● Fare: NT$ 50.\n\nStep 2: THSR Zuoying Station to THSR Chiayi Station\n\n● Route: Take a Northbound THSR train to Chiayi Station.\n● Fare: Approx. NT$ 410.']","To get from Taipei HSR Station to Songshan Airport using public transit, follow these steps:

1. Take the High-Speed Rail (HSR) from Taipei HSR Station to Taoyuan HSR Station (A18).
2. At Taoyuan HSR Station, take the Taoyuan Airport MRT from Terminal 1 or 2 to A18 Taoyuan HSR Station.
3. At A18 Taoyuan HSR Station, take the Express train (Purple) to Huanbei.
4. At Huanbei, take the Taoyuan Airport MRT to the airport.

Cost: Approximately NT$ 30 per person.",0.3333333333333333,0.9957911730123872,0.0,Llama3.1
Why is using HSR Yunlin Station to travel to CCU generally considered less cost-effective than HSR Chiayi?,"['HSR Taoyuan to HSR Chiayi Board at HSR Taoyuan Station ，Get off at HSR Chiayi Station You can buy HSR tickets on-site at the station or book online :    👉 https://en.thsrc.com.tw/  🚇  HSR Chiayi Station to CCU (BUS:Route 106) Board at HSR Chiayi Station ，Get off at CCU To check bus routes, schedules, and real-time info, visit: https://www.taiwanbus.tw/eBUSPage/Query/QueryResult.as px?rno=07460&rn=1669878703021&lan=E 1.Take MRT (Red Line) → From Kaohsiung Airport Station (R4)    →  Zuoying Station (R16) 2.Take Taiwan High-Speed Rail (HSR)（ ~ 30 minutes/NT$410 ） From HSR Zuoying →  to HSR Chiayi 3.From HSR Chiayi Station to CCU: Option 1: Taxi (~25 minutes / ~BELOW NT$1,000) Option 2: Bus (Route 106)(~1 hour 20 minutes / ~NT$120) 2.FROM KAOHSIUNG AIRPORT (KHH) TO CCU STEPS:🚇  Kaohsiung Airport MRT( ~30 minutes/ ~NT$35) Board at Kaohsiung International Airport (R4)  Get off at Zuoying（ R16) 🚇  HSR Zuoying to HSR Chiayi Board at HSR Zuoying Station ，Get off at HSR Chiayi Station You can buy HSR tickets on-site', 'HSR Taoyuan to HSR Chiayi Board at HSR Taoyuan Station ，Get off at HSR Chiayi Station You can buy HSR tickets on-site at the station or book online :    👉 https://en.thsrc.com.tw/  🚇  HSR Chiayi Station to CCU (BUS:Route 106) Board at HSR Chiayi Station ，Get off at CCU To check bus routes, schedules, and real-time info, visit: https://www.taiwanbus.tw/eBUSPage/Query/QueryResult.as px?rno=07460&rn=1669878703021&lan=E 1.Take MRT (Red Line) → From Kaohsiung Airport Station (R4)    →  Zuoying Station (R16) 2.Take Taiwan High-Speed Rail (HSR)（ ~ 30 minutes/NT$410 ） From HSR Zuoying →  to HSR Chiayi 3.From HSR Chiayi Station to CCU: Option 1: Taxi (~25 minutes / ~BELOW NT$1,000) Option 2: Bus (Route 106)(~1 hour 20 minutes / ~NT$120) 2.FROM KAOHSIUNG AIRPORT (KHH) TO CCU STEPS:🚇  Kaohsiung Airport MRT( ~30 minutes/ ~NT$35) Board at Kaohsiung International Airport (R4)  Get off at Zuoying（ R16) 🚇  HSR Zuoying to HSR Chiayi Board at HSR Zuoying Station ，Get off at HSR Chiayi Station You can buy HSR tickets on-site', 'HSR Taoyuan to HSR Chiayi Board at HSR Taoyuan Station ，Get off at HSR Chiayi Station You can buy HSR tickets on-site at the station or book online :    👉 https://en.thsrc.com.tw/  🚇  HSR Chiayi Station to CCU (BUS:Route 106) Board at HSR Chiayi Station ，Get off at CCU To check bus routes, schedules, and real-time info, visit: https://www.taiwanbus.tw/eBUSPage/Query/QueryResult.as px?rno=07460&rn=1669878703021&lan=E 1.Take MRT (Red Line) → From Kaohsiung Airport Station (R4)    →  Zuoying Station (R16) 2.Take Taiwan High-Speed Rail (HSR)（ ~ 30 minutes/NT$410 ） From HSR Zuoying →  to HSR Chiayi 3.From HSR Chiayi Station to CCU: Option 1: Taxi (~25 minutes / ~BELOW NT$1,000) Option 2: Bus (Route 106)(~1 hour 20 minutes / ~NT$120) 2.FROM KAOHSIUNG AIRPORT (KHH) TO CCU STEPS:🚇  Kaohsiung Airport MRT( ~30 minutes/ ~NT$35) Board at Kaohsiung International Airport (R4)  Get off at Zuoying（ R16) 🚇  HSR Zuoying to HSR Chiayi Board at HSR Zuoying Station ，Get off at HSR Chiayi Station You can buy HSR tickets on-site']","Using HSR Yunlin Station to travel to CCU is generally considered less cost-effective than HSR Chiayi because the HSR ticket from HSR Taoyuan to HSR Chiayi costs NT$410, whereas the HSR ticket from HSR Taoyuan to HSR Yunlin is not mentioned in the context. However, the context does not provide information on the cost of HSR tickets from HSR Taoyyan to HSR Yunlin.",0.75,0.0,0.0,Llama3.1
What free transport option connects HSR Yunlin Station to the nearest TRA station?,"['The most convenient and fastest option is the **High-Speed Rail (HSR)**.\n\n**Detailed Steps and Estimated Costs:**\n\n**1. TPE Airport to Taoyuan HSR Station (A18)**\n\n* **Mode of Transport:** Taoyuan Airport MRT\n* **Boarding Location:** \n\t* Terminal 1: B2 level\n\t* Terminal 2: B2 level\n* **Route:** Take the train heading towards ""Huanbei"". It is recommended to choose the **Express train (Purple)**, as it stops at A18 Taoyuan HSR Station.\n* **Cost:** Approximately NT$ 30 per person.', 'Method 2: Kaohsiung MRT → TRA Train → CCU (lower cost option)\nStep 1: Take the Kaohsiung MRT Red Line from Kaohsiung International Airport Station (R4) to Kaohsiung Main Station (R11). The fare is around NT$35.\nStep 2: Transfer to a TRA train (Local Train, Chu-Kuang Express, or Tze-Chiang Limited Express) and ride to Chiayi or Minxiong Station. The fare ranges from about NT$220 to NT$350. Minxiong Station is closer to CCU.\nStep 3: After arriving at Chiayi or Minxiong Station, choose one of the following:', 'HSR Taoyuan to HSR Chiayi Board at HSR Taoyuan Station ，Get off at HSR Chiayi Station You can buy HSR tickets on-site at the station or book online :    👉 https://en.thsrc.com.tw/  🚇  HSR Chiayi Station to CCU (BUS:Route 106) Board at HSR Chiayi Station ，Get off at CCU To check bus routes, schedules, and real-time info, visit: https://www.taiwanbus.tw/eBUSPage/Query/QueryResult.as px?rno=07460&rn=1669878703021&lan=E 1.Take MRT (Red Line) → From Kaohsiung Airport Station (R4)    →  Zuoying Station (R16) 2.Take Taiwan High-Speed Rail (HSR)（ ~ 30 minutes/NT$410 ） From HSR Zuoying →  to HSR Chiayi 3.From HSR Chiayi Station to CCU: Option 1: Taxi (~25 minutes / ~BELOW NT$1,000) Option 2: Bus (Route 106)(~1 hour 20 minutes / ~NT$120) 2.FROM KAOHSIUNG AIRPORT (KHH) TO CCU STEPS:🚇  Kaohsiung Airport MRT( ~30 minutes/ ~NT$35) Board at Kaohsiung International Airport (R4)  Get off at Zuoying（ R16) 🚇  HSR Zuoying to HSR Chiayi Board at HSR Zuoying Station ，Get off at HSR Chiayi Station You can buy HSR tickets on-site']","Sorry, I am not sure about it. Maybe you could turn to OIA for help.",0.0,0.0,0.0,Llama3.1
What is the approximate direct taxi fare from HSR Yunlin Station all the way to CCU?,"['- Taxi: Around NT$600. This is convenient if you have heavy luggage.\n- Bus 106: Around NT$113. Board at the bus stop outside the HSR station and get off at the CCU stop.', 'Step 3: From THSR Chiayi Station, choose one of the following ways to reach CCU:\n- Option A: Taxi — Around NT$600. Most convenient, especially if you have luggage.\n- Option B: Bus 106 — Around NT$113. Board at the bus stop outside the HSR station and get off at the CCU stop.', 'Step 1: National Chung Cheng University (CCU) to THSR Chiayi Station\n\n● Boarding Point (Bus): ""Activity Center Bus Shelter"". Take Taiwan Trip Route 106 (Towards THSR Chiayi Station).\n● Boarding Point (Taxi): ""Main Gate"" taxi stand. Take a taxi directly to the High Speed Rail station.\n● Fare: Bus approx. NT$ 60-80; Taxi approx. NT$ 600-800.']",The direct taxi fare from HSR Yunlin Station to CCU is around NT$600.,0.0,0.9883475067269906,0.9999999999,Llama3.1
What are the NIA Chiayi City Service Center's operating hours?,"['King bus http://www.kingbus.com.tw/  8 Taiwan High Speed Rail https://www.thsrc.com.tw/index_en.html  9 Taiwan Railways administration  https://tip.railway.gov.tw/tra-tip- web/tip?lang=EN_US  10 Travel in Chiayi City https://travel.chiayi.gov.tw/English  11 Travel in Chiayi County https://tbocc.cyhg.gov.tw/en/  12 Chiayi County Performing Art Center https://cypac.cyhg.gov.tw/en/  13 Chiayi County Police Bureau https://www.cypd.gov.tw/english    CCU Campus Life    30      Computer  Our campus network has been built up nearly perfect. Users can connect to  Internet from any labs or offices on campus, or even residence halls. There  are also 6 computer classrooms in computer center, Library and  Information building, which are open for both students and teaching  purposes.  Opening time as bellow:  ◼ Monday to Friday: 08:00-21:00  (09 : 00 – 17 : 00 during summer and winter vacation)    On-Campus Wireless Internet  Student can log in to CCU wireless network with CCU student email  account and password.  For', 'King bus http://www.kingbus.com.tw/  8 Taiwan High Speed Rail https://www.thsrc.com.tw/index_en.html  9 Taiwan Railways administration  https://tip.railway.gov.tw/tra-tip- web/tip?lang=EN_US  10 Travel in Chiayi City https://travel.chiayi.gov.tw/English  11 Travel in Chiayi County https://tbocc.cyhg.gov.tw/en/  12 Chiayi County Performing Art Center https://cypac.cyhg.gov.tw/en/  13 Chiayi County Police Bureau https://www.cypd.gov.tw/english    CCU Campus Life    30      Computer  Our campus network has been built up nearly perfect. Users can connect to  Internet from any labs or offices on campus, or even residence halls. There  are also 6 computer classrooms in computer center, Library and  Information building, which are open for both students and teaching  purposes.  Opening time as bellow:  ◼ Monday to Friday: 08:00-21:00  (09 : 00 – 17 : 00 during summer and winter vacation)    On-Campus Wireless Internet  Student can log in to CCU wireless network with CCU student email  account and password.  For', '• 服務內容： 自112年12月6日起正式揭牌成立! (http://lrsc.wda.gov.tw) Long-term Retention of Migrant Workers Service Center Officially inaugurated on Dec 6, 2023! Service location :  No. 195, High Speed Rail 8th Road, Zhubei City, Hsinchu County  Service hours :  Monday to Friday, 8:30 AM to 5:30 PM Service hotline  Service content 櫃檯服務專線諮詢(Counter service and hotline consultation) 專人專案追蹤管理(Personalized case tracking and management) 協調排除加速審核(Coordination to expedite review process) 官網資訊檢索查詢(Official website information retrieval and inquiry) 五、更多相關資訊 More Relevant Information 42◆ 教育部：NISA大專校院境外學生輔導人員支援體系計畫-資訊交流平臺 https://www.nisa.moe.gov.tw/index Ministry of Education: Network for International Student Advisors ● 學生留台的常見問答 FAQ about foreign students staying in Taiwan 資料來源:教育部「大專校院境外學生輔導人員支援體系計畫（NISA）」辦公室 五、更多相關資訊 More Relevant Information 43 僑外生參加健保規定 4/15/2025 2 強制性 在臺領有居留證明文件者， 符合下列資格，應參加健保。 • 受僱者自受僱日起投保。 • 非受僱者，自在臺居留滿 6個月之日起投保。 (在臺連續居住達6個月 或在臺居住期間僅出境1 次且未逾30日，出境天 數扣除後併計實際居住 期間達6個月。) • 在臺出生新嬰兒，自出生 日投保。 (健保法第9條及同法施行細 則第8條)']","Sorry, I am not sure about it. Maybe you could turn to OIA for help.",0.0,0.0,0.0,Llama3.1
What is the easiest way to travel from TRA Chiayi Station to the NIA Chiayi City Service Center?,"['Method 1: Take a taxi (fastest and most convenient)\nStep 1: Go to the taxi boarding area at the station exit. There is a taxi queue right outside THSR Chiayi Station, and no reservation is needed.\nStep 2: Take a taxi directly to CCU. The ride usually costs around NT$600. This is the best option if you have large luggage or prefer a faster and more comfortable trip.', '● Transportation (Bus): Walk to the bus stop near the station or ""Minxiong Longevity Hall"". Take Chiayi County Bus 7309, 7306, or Taiwan Trip Route 106. Alight at ""National Chung Cheng University"" (Activity Center Bus Shelter).\n● Transportation (Taxi): Board at the taxi stand outside the Front Station.\n● Fare: Bus approx. NT$ 25; Taxi approx. NT$ 200.', 'Step 2: CCU to Chiayi Train Station\n\n● Transportation (Bus): Take Chiayi County Bus 7309 or Taiwan Trip Route 106 to the terminal station ""Chiayi Station"".\n● Transportation (Taxi): Take a taxi directly to Chiayi Station.\n● Fare: Bus approx. NT$ 60; Taxi approx. NT$ 400-500.']","To travel from TRA Chiayi Station to the NIA Chiayi City Service Center, take a taxi directly to the NIA Chiayi City Service Center. The ride usually costs around NT$600. Alternatively, you can take Chiayi County Bus 7309, 7306, or Taiwan Trip Route 106 from the bus stop near the station or ""Minxiong Longevity Hall"" to ""National Chung Cheng University"" (Activity Center Bus Shelter), and then walk to the NIA Chiayi City Service Center. The bus fare is approx. NT$ 25.",0.7142857142857143,0.9457375260506377,0.99999999995,Llama3.1
What bus lines can take you from Chiayi TRA Station to near the NIA Chiayi City Service Center?,"['Step 2: CCU to Chiayi Train Station\n\n● Transportation (Bus): Take Chiayi County Bus 7309 or Taiwan Trip Route 106 to the terminal station ""Chiayi Station"".\n● Transportation (Taxi): Take a taxi directly to Chiayi Station.\n● Fare: Bus approx. NT$ 60; Taxi approx. NT$ 400-500.', '● Transportation (Bus): Walk to the bus stop near the station or ""Minxiong Longevity Hall"". Take Chiayi County Bus 7309, 7306, or Taiwan Trip Route 106. Alight at ""National Chung Cheng University"" (Activity Center Bus Shelter).\n● Transportation (Taxi): Board at the taxi stand outside the Front Station.\n● Fare: Bus approx. NT$ 25; Taxi approx. NT$ 200.', 'Step 2: Chiayi Station to National Chung Cheng University (CCU)\n\n● Transportation (Bus): Take Chiayi County Bus 7309 or Taiwan Trip Route 106. Alight at ""National Chung Cheng University"" (Activity Center Bus Shelter).\n● Transportation (Taxi): Take a taxi directly to the university.\n● Fare: Bus approx. NT$ 60; Taxi approx. NT$ 400-500.']","To get to the NIA Chiayi City Service Center from Chiayi TRA Station, take Chiayi County Bus 7309 or Taiwan Trip Route 106. Alight at the terminal station ""Chiayi Station"". Then, take Chiayi County Bus 7309, 7306, or Taiwan Trip Route 106 and alight at ""National Chung Cheng University"" (Activity Center Bus Shelter). From there, you can walk to the NIA Chiayi City Service Center.",0.4,0.9236496685962831,0.9999999999666667,Llama3.1
How many books can a CCU student borrow from the library at one time?,"['Students may borrow home-use audiovisual materials from the CCU Library, with a maximum of 4 items at a time. The loan period for these materials is 7 days.\n\nIf audiovisual materials are needed for student clubs or events and are approved by the relevant units, public-performance versions may also be borrowed according to library regulations.', 'All enrolled students at National Chung Cheng University, including undergraduate, master’s, and doctoral students, may borrow up to 100 books at a time.\n\nThe loan period is calculated by semester rather than by days. Books borrowed in the first semester must be returned by January 31, while books borrowed in the second semester must be returned by June 30.', 'the books you borrow are  reserved by others.  4. To protect your privilege, you are recommended to check your borrowing  status every 10 days at the following site   ( https://lib.ccu.edu.tw/ ).  5. Method: Library Home Page & Select「My Account/Renew」.  (https://idm.lib.ccu.edu.tw/sso/idm/saml2/login/?next=/saml2/idp/logi n /process/).  6. Use email for receiving library announcement  ⚫ To protect the environment, it is preferred to reduce the paper used by  announcements.  ⚫ School library does not have record of your email address. You will have  to register yourself.  ⚫ Method: Log in school website → Select「個人借閱查詢」→ Login  → Select「修改住址/E-mail」.  7. Food and beverage are not allowed in the library.  8. Please turn your cell phone to vibration mode in the library  ⚫ Food residuals may cause crawling insects, and destroy  environmental  cleanliness; improper use of cell phone may affect the rights of others.  ⚫ Violator of these regulations is subject to mark down of points, and may  lose the borrowing']",A CCU student can borrow up to 100 books at a time from the library.,1.0,0.9989383705629021,0.49999999995,Llama3.1
When must books borrowed in the first semester be returned at the CCU Library?,"['All enrolled students at National Chung Cheng University, including undergraduate, master’s, and doctoral students, may borrow up to 100 books at a time.\n\nThe loan period is calculated by semester rather than by days. Books borrowed in the first semester must be returned by January 31, while books borrowed in the second semester must be returned by June 30.', 'the books you borrow are  reserved by others.  4. To protect your privilege, you are recommended to check your borrowing  status every 10 days at the following site   ( https://lib.ccu.edu.tw/ ).  5. Method: Library Home Page & Select「My Account/Renew」.  (https://idm.lib.ccu.edu.tw/sso/idm/saml2/login/?next=/saml2/idp/logi n /process/).  6. Use email for receiving library announcement  ⚫ To protect the environment, it is preferred to reduce the paper used by  announcements.  ⚫ School library does not have record of your email address. You will have  to register yourself.  ⚫ Method: Log in school website → Select「個人借閱查詢」→ Login  → Select「修改住址/E-mail」.  7. Food and beverage are not allowed in the library.  8. Please turn your cell phone to vibration mode in the library  ⚫ Food residuals may cause crawling insects, and destroy  environmental  cleanliness; improper use of cell phone may affect the rights of others.  ⚫ Violator of these regulations is subject to mark down of points, and may  lose the borrowing', 'Students may borrow home-use audiovisual materials from the CCU Library, with a maximum of 4 items at a time. The loan period for these materials is 7 days.\n\nIf audiovisual materials are needed for student clubs or events and are approved by the relevant units, public-performance versions may also be borrowed according to library regulations.']",Books borrowed in the first semester must be returned by January 31.,1.0,0.8795611442452764,0.9999999999,Llama3.1
How many audiovisual items can a student borrow from the CCU Library at one time?,"['Students may borrow home-use audiovisual materials from the CCU Library, with a maximum of 4 items at a time. The loan period for these materials is 7 days.\n\nIf audiovisual materials are needed for student clubs or events and are approved by the relevant units, public-performance versions may also be borrowed according to library regulations.', 'Materials such as reference books, journals, newspapers, course reserves designated by professors, and special collections like maps or microforms are generally for in-library use only.\n\nFor course reserve books, students may register at the service counter with their student ID and borrow up to 4 items for 2 hours of in-library use.', ""destroy  environmental  cleanliness; improper use of cell phone may affect the rights of others.  ⚫ Violator of these regulations is subject to mark down of points, and may  lose the borrowing privilege, access to audio -visual center, and access  to library facilities!   CCU Campus Life    32      The layout of each floor is as follows:  https://lib.ccu.edu.tw/p/426-1011-57.php?Lang=zh-tw    Basement Study room (open for 24 hours during the midterm and finals  weeks)  1st floor  Audio-Visual Center, Cafeteria, Offices of Acquisition and  Cataloging Division, Audio -Visual Resources Division, Center  of language study, Center of cultural events  2nd floor  General Information Desk, Reference Desk, Circulation Desk,  Database Research Area, Reference Materials, Microform  Materials, Current Journals, Photocopy Room, Office of  Reader's Services Division  3rd floor Newspapers Reading Area, Bound Western Journals, Art  Exhibition Hall, Study Carrels  4th floor Bound East-Asian Journals, Maps & Atlas, Carrels,""]",A student can borrow a maximum of 4 audiovisual items from the CCU Library at one time. The loan period for these materials is 7 days.,1.0,0.9575870257055451,0.9999999999,Llama3.1
What is the loan period for audiovisual materials borrowed from the CCU Library?,"['Students may borrow home-use audiovisual materials from the CCU Library, with a maximum of 4 items at a time. The loan period for these materials is 7 days.\n\nIf audiovisual materials are needed for student clubs or events and are approved by the relevant units, public-performance versions may also be borrowed according to library regulations.', 'Please note that newly acquired audiovisual materials are generally restricted to in-library use only during the first two months after being shelved and cannot be borrowed during that period.', ""may cause crawling insects, and destroy  environmental  cleanliness; improper use of cell phone may affect the rights of others.  ⚫ Violator of these regulations is subject to mark down of points, and may  lose the borrowing privilege, access to audio -visual center, and access  to library facilities!   CCU Campus Life    32      The layout of each floor is as follows:  https://lib.ccu.edu.tw/p/426-1011-57.php?Lang=zh-tw    Basement Study room (open for 24 hours during the midterm and finals  weeks)  1st floor  Audio-Visual Center, Cafeteria, Offices of Acquisition and  Cataloging Division, Audio -Visual Resources Division, Center  of language study, Center of cultural events  2nd floor  General Information Desk, Reference Desk, Circulation Desk,  Database Research Area, Reference Materials, Microform  Materials, Current Journals, Photocopy Room, Office of  Reader's Services Division  3rd floor Newspapers Reading Area, Bound Western Journals, Art  Exhibition Hall, Study Carrels  4th floor Bound East-Asian""]",The loan period for audiovisual materials borrowed from the CCU Library is 7 days.,1.0,0.9999999999999997,0.9999999999,Llama3.1
When can newly acquired audiovisual materials be checked out from the CCU Library?,"['Please note that newly acquired audiovisual materials are generally restricted to in-library use only during the first two months after being shelved and cannot be borrowed during that period.', 'Students may borrow home-use audiovisual materials from the CCU Library, with a maximum of 4 items at a time. The loan period for these materials is 7 days.\n\nIf audiovisual materials are needed for student clubs or events and are approved by the relevant units, public-performance versions may also be borrowed according to library regulations.', 'If you need to make copies or print on campus, you can use the services provided by the CCU Library and the Information Center.']","Newly acquired audiovisual materials can be checked out from the CCU Library after the first two months after being shelved. During this period, they are restricted to in-library use only. After the two-month restriction, students may borrow home-use audiovisual materials with a maximum of 4 items at a time, and the loan period is 7 days.",0.8,0.8871061678958426,0.9999999999,Llama3.1
"What should you do before leaving a self-study room, discussion room, or research carrel at the CCU Library?","['The CCU Library provides self-study rooms, research carrels, and discussion rooms to meet different student needs.\n\nSelf-study rooms are designed for quiet study. Students may enter by scanning their student ID during opening hours and select seats through the system.', 'Before leaving, you should tidy up your seat or space and turn off the power and lights.', 'Self-study rooms at the CCU Library are open only to currently enrolled CCU students.\n\nOther individuals who are not enrolled students are not permitted to enter or use these spaces.']","Before leaving a self-study room, discussion room, or research carrel at the CCU Library, you should tidy up your seat or space and turn off the power and lights.",0.0,0.9999999999999992,0.49999999995,Llama3.1
What are the weekday opening hours for general facilities at the CCU Sports Center?,"['The National Chung Cheng University Sports Center has slightly different opening hours on weekdays and weekends.\n\nFor general facilities, including squash courts, table tennis rooms, dance studios, martial arts rooms, the gym, badminton courts, and indoor multipurpose courts, weekday hours from Monday to Friday are 08:00 to 21:00. On weekends and public holidays, opening hours are from 09:00 to 21:00.', ""may cause crawling insects, and destroy  environmental  cleanliness; improper use of cell phone may affect the rights of others.  ⚫ Violator of these regulations is subject to mark down of points, and may  lose the borrowing privilege, access to audio -visual center, and access  to library facilities!   CCU Campus Life    32      The layout of each floor is as follows:  https://lib.ccu.edu.tw/p/426-1011-57.php?Lang=zh-tw    Basement Study room (open for 24 hours during the midterm and finals  weeks)  1st floor  Audio-Visual Center, Cafeteria, Offices of Acquisition and  Cataloging Division, Audio -Visual Resources Division, Center  of language study, Center of cultural events  2nd floor  General Information Desk, Reference Desk, Circulation Desk,  Database Research Area, Reference Materials, Microform  Materials, Current Journals, Photocopy Room, Office of  Reader's Services Division  3rd floor Newspapers Reading Area, Bound Western Journals, Art  Exhibition Hall, Study Carrels  4th floor Bound East-Asian"", ""may cause crawling insects, and destroy  environmental  cleanliness; improper use of cell phone may affect the rights of others.  ⚫ Violator of these regulations is subject to mark down of points, and may  lose the borrowing privilege, access to audio -visual center, and access  to library facilities!   CCU Campus Life    32      The layout of each floor is as follows:  https://lib.ccu.edu.tw/p/426-1011-57.php?Lang=zh-tw    Basement Study room (open for 24 hours during the midterm and finals  weeks)  1st floor  Audio-Visual Center, Cafeteria, Offices of Acquisition and  Cataloging Division, Audio -Visual Resources Division, Center  of language study, Center of cultural events  2nd floor  General Information Desk, Reference Desk, Circulation Desk,  Database Research Area, Reference Materials, Microform  Materials, Current Journals, Photocopy Room, Office of  Reader's Services Division  3rd floor Newspapers Reading Area, Bound Western Journals, Art  Exhibition Hall, Study Carrels  4th floor Bound East-Asian""]","The weekday opening hours for general facilities at the CCU Sports Center are from 08:00 to 21:00, Monday to Friday.",0.6666666666666666,0.9999999999999992,0.9999999999,Llama3.1
During which months of the year is the CCU Sports Center swimming pool open?,"['The swimming pool is a seasonal facility and is usually open from April 15 to October 15 each year. On weekdays, opening hours are from 18:00 to 21:00. On weekends and public holidays, there are two sessions: from 14:00 to 17:00 and from 18:00 to 21:00.', 'Students may use Sports Center facilities by bringing their student ID and scanning it at the entrance to verify their identity.\n\nAfter verification, students may enter and use general sports facilities and the swimming pool free of charge.\n\nNon-CCU individuals are required to purchase tickets according to regulations.', 'The National Chung Cheng University Sports Center has slightly different opening hours on weekdays and weekends.\n\nFor general facilities, including squash courts, table tennis rooms, dance studios, martial arts rooms, the gym, badminton courts, and indoor multipurpose courts, weekday hours from Monday to Friday are 08:00 to 21:00. On weekends and public holidays, opening hours are from 09:00 to 21:00.']",The CCU Sports Center swimming pool is open from April 15 to October 15 each year.,1.0,0.9525706488673565,0.9999999999,Llama3.1
What is the fee to use the gym at the CCU Sports Center?,"['The usage fee is NT$30 per person per visit.\n\nIn other words, entering the Sports Center itself is free, but using the gym requires an additional fee.', 'Non-CCU individuals are required to purchase tickets according to regulations.\n\nPlease note that although students do not need to pay to enter the Sports Center itself, use of the gym still requires a NT$30 fee per visit.', 'Students may use Sports Center facilities by bringing their student ID and scanning it at the entrance to verify their identity.\n\nAfter verification, students may enter and use general sports facilities and the swimming pool free of charge.\n\nNon-CCU individuals are required to purchase tickets according to regulations.']",The fee to use the gym at the CCU Sports Center is NT$30 per person per visit.,1.0,0.9753394378424911,0.99999999995,Llama3.1
Which Sports Center facilities are free for CCU students to use?,"['Students may use Sports Center facilities by bringing their student ID and scanning it at the entrance to verify their identity.\n\nAfter verification, students may enter and use general sports facilities and the swimming pool free of charge.\n\nNon-CCU individuals are required to purchase tickets according to regulations.', 'For currently enrolled National Chung Cheng University students, most Sports Center facilities and the swimming pool are free of charge.\n\nOnly the gym requires an additional fee, which is NT$30 per person per visit.', 'Non-CCU individuals are required to purchase tickets according to regulations.\n\nPlease note that although students do not need to pay to enter the Sports Center itself, use of the gym still requires a NT$30 fee per visit.']","For currently enrolled National Chung Cheng University students, most Sports Center facilities and the swimming pool are free of charge. However, the gym requires an additional fee of NT$30 per person per visit.",1.0,0.6573103983968998,0.9999999999666667,Llama3.1
How long can students borrow equipment from the CCU Health Care Center?,"['Students may borrow home-use audiovisual materials from the CCU Library, with a maximum of 4 items at a time. The loan period for these materials is 7 days.\n\nIf audiovisual materials are needed for student clubs or events and are approved by the relevant units, public-performance versions may also be borrowed according to library regulations.', 'During the borrowing period, please take good care of the equipment to avoid damage or loss and return it on time. If you need to extend the borrowing period, it is recommended to ask the Health Care Center in advance whether an extension is possible.', ""may cause crawling insects, and destroy  environmental  cleanliness; improper use of cell phone may affect the rights of others.  ⚫ Violator of these regulations is subject to mark down of points, and may  lose the borrowing privilege, access to audio -visual center, and access  to library facilities!   CCU Campus Life    32      The layout of each floor is as follows:  https://lib.ccu.edu.tw/p/426-1011-57.php?Lang=zh-tw    Basement Study room (open for 24 hours during the midterm and finals  weeks)  1st floor  Audio-Visual Center, Cafeteria, Offices of Acquisition and  Cataloging Division, Audio -Visual Resources Division, Center  of language study, Center of cultural events  2nd floor  General Information Desk, Reference Desk, Circulation Desk,  Database Research Area, Reference Materials, Microform  Materials, Current Journals, Photocopy Room, Office of  Reader's Services Division  3rd floor Newspapers Reading Area, Bound Western Journals, Art  Exhibition Hall, Study Carrels  4th floor Bound East-Asian""]","Sorry, I am not sure about it. Maybe you could turn to OIA for help.",0.0,0.0,0.0,Llama3.1
What happens if borrowed equipment from the Health Care Center is lost or damaged?,"['If the equipment is lost or damaged, you may be required to handle the matter or provide compensation according to relevant regulations.', 'During the borrowing period, please take good care of the equipment to avoid damage or loss and return it on time. If you need to extend the borrowing period, it is recommended to ask the Health Care Center in advance whether an extension is possible.', 'At the Health Care Center, you can borrow basic medical and assistive equipment, including crutches, cold packs, hot packs, first-aid kits, and thermometers.']","If the equipment is lost or damaged, you may be required to handle the matter or provide compensation according to relevant regulations.",1.0,0.7848179386177526,0.9999999999,Llama3.1
Where can international students find ATMs on or near the CCU campus?,"['For international students, ATMs at the on-campus post office and off-campus convenience stores are the easiest to find and most convenient options.', 'On campus, the post office on the first floor of the Activity Center has ATMs where you can withdraw cash and perform basic banking services.\n\nOff campus, nearby convenience stores almost always have ATMs, including FamilyMart and 7-Eleven.', 'Expenses  around 54,000 (9,000 per month)  *Actual expenses depend on consumption habits of each person.  Currency Unit: NT (NT$28.89=US$1)           based on the rate on 2025/7/03      10                                03  Accommodation Accommodation    11     1. On-campus accommodation is guaranteed for international students. The first- year-students don’t need to apply; the CCU Office of International Affairs will  arrange it for you . However, your dormitory room will be assigned ; you are  unable to choose your own rooms or roommates.  2. Your dormitory room is not equipped with mattress, pillow, and quilt.  3. Besides the dormitory fee, each one of  you has to pay a residence deposit of  NT$1,600 and an electricity cha rge of NT$ 2,000, a total of NT$3, 600 (not  included in CCU scholarship). You will get an IC card saved with NT$1,000 to use  for the electricity cost of your room. If the amount of NT$1,000 runs out, you  should go to the Dormitory Service Center, with your card & money, to recharge']","You can find ATMs on or near the CCU campus at the on-campus post office and off-campus convenience stores. The on-campus post office, located on the first floor of the Activity Center, has ATMs where you can withdraw cash and perform basic banking services. Nearby convenience stores, such as FamilyMart and 7-Eleven, also have ATMs.",1.0,0.9377454192812232,0.99999999995,Llama3.1
"After paying the dormitory internet fee at CCU, when does Wi-Fi service become available?","['the  Computer Center; the fee is NT$1,000 per semester.    3.4 Public Facilities  Public Facilities for undergraduate, master, and PhD:  shared washing machines, RO drinking water system,  social lounge.    3.5 Dormitory Network  As soon as you settle down your accommodation which means you’ve got your room  number and bed number, you need to apply dormitory network in order to use the  internet (wired network) in the dorm.  For applying the dormitory network, please submit the document online:   https://www.dorm.ccu.edu.tw/student/login  For more information about dormitory network please refer  to: https://www.dorm.ccu.edu.tw/en or call the ext.14151      13    04        Registration Registration  4.1 University Registration    14   No Work Time Location  Required  Documents Note  1 Dorm  Check-in  Starting  from  Aug 29  Dormitory Passport   2  Dorm  Internet  After the  Dorm  check- in  Office of Information  Technology  (Library 1st floor)  1. CB1 of  Undergraduate  Dormitory (only  7PM- 10PM)  2. Link', 'beds, desks, chairs,  book shelf, closets, telephone. Internet access is  available in all dormitories.  3. You can apply for dormitory network in the  Computer Center; the fee is NT$1,000 per semester.    3.4 Public Facilities  Public Facilities for undergraduate, master, and PhD:  shared washing machines, RO drinking water system,  social lounge.    3.5 Dormitory Network  As soon as you settle down your accommodation which means you’ve got your room  number and bed number, you need to apply dormitory network in order to use the  internet (wired network) in the dorm.  For applying the dormitory network, please submit the document online:   https://www.dorm.ccu.edu.tw/student/login  For more information about dormitory network please refer  to: https://www.dorm.ccu.edu.tw/en or call the ext.14151      13    04        Registration Registration  4.1 University Registration    14   No Work Time Location  Required  Documents Note  1 Dorm  Check-in  Starting  from  Feb 20  Dormitory Passport   2  Dorm  Internet', 'beds, desks, chairs,  book shelf, closets, telephone. Internet access is  available in all dormitories.  3. You can apply for dormitory network in the  Computer Center; the fee is NT$1,000 per semester.    3.4 Public Facilities  Public Facilities for undergraduate, master, and PhD:  shared washing machines, RO drinking water system,  social lounge.    3.5 Dormitory Network  As soon as you settle down your accommodation which means you’ve got your room  number and bed number, you need to apply dormitory network in order to use the  internet (wired network) in the dorm.  For applying the dormitory network, please submit the document online:   https://www.dorm.ccu.edu.tw/student/login  For more information about dormitory network please refer  to: https://www.dorm.ccu.edu.tw/en or call the ext.14151      13    04        Registration Registration  4.1 University Registration    14   No Work Time Location  Required  Documents Note  1 Dorm  Check-in  Starting  from  Feb 20  Dormitory Passport   2  Dorm  Internet']","After paying the dormitory internet fee at CCU, Wi-Fi service becomes available after you settle down your accommodation, which means you’ve got your room number and bed number. You need to apply dormitory network in order to use the internet (wired network) in the dorm. For applying the dormitory network, please submit the document online: https://www.dorm.ccu.edu.tw/student/login.",0.8,0.8881731242666264,0.9999999999666667,Llama3.1
Can international students enter Taiwan with a Tourist Visa for studying purposes?,"['Any international student who has been formally admitted to and is enrolled in a university or college approved by Taiwan’s Ministry of Education to admit international students is eligible to apply for converting a Visitor Visa to an ARC. National Chung Cheng University is an MOE-approved institution, so international students who are officially enrolled are generally eligible to', 'VISA before coming to Taiwan, it is necessary that you apply for a  Resident VISA on your own and then the ARC.    For international students, the Alien Resident Certificate (ARC) serves as their temporary  ID card which can prove their resident status in Taiwan. Please remember to apply for the  Alien Resident Certificate at the local office of Ministry of Interior National Immigration  Agency on the next day upon arrival or within 30 days of the issue of your resident visa.  International students must apply for ARC extension within three months before the  expiration date. If the ARC expires during the summer vacation (from July to September),  students are allowed to apply for extension from the 1st of April. For over -staying  foreigners who did not apply for ARC extension, their residence will be ceased by the  authorized agency, and they may be expelled from Taiwan.    I. Required documents for applying Resident  Visa  1. A signed application form  2. The original and photocopy of your passport  3.', 'will be ceased by the  authorized agency, and they may be expelled from Taiwan.    I. Required documents for applying Resident  Visa  1. A signed application form  2. The original and photocopy of your passport  3. The original and photocopy of the student ID card or the enrollment certificate  4. The satisfactory health examination report  5. 2 photos (4.5cm × 3.5cm)  6. Visa fee (https://www.boca.gov.tw/mp-2.html)  For more information on VISA application, please refer to the Bureau of Consular  Affairs, Ministry of Foreign Affairs Website: https://www.boca.gov.tw/mp-2.html    II. Required documents for applying Alien Resident Certificate (ARC)  1. The original and photocopy of your passport and Resident Visa  2. The original and photocopy of the student ID card with the right registered  stamp or the enrollment certificate  3. Application fee NT$1,000  4. Photo   5. ARC Application System:   https://coa.immigration.gov.tw/coa-frontend/student/entry?lang=en    Currently we have changed the application way,']","International students cannot enter Taiwan with a Tourist Visa for studying purposes. They are eligible to apply for converting a Visitor Visa to an Alien Resident Certificate (ARC) after being formally admitted to and enrolled in a university or college approved by Taiwan’s Ministry of Education, such as National Chung Cheng University.",0.8,0.9123734496621606,0.8333333332916666,Llama3.1
What type of visa must international students apply for before arriving in Taiwan to study?,"['VISA before coming to Taiwan, it is necessary that you apply for a  Resident VISA on your own and then the ARC.    For international students, the Alien Resident Certificate (ARC) serves as their temporary  ID card which can prove their resident status in Taiwan. Please remember to apply for the  Alien Resident Certificate at the local office of Ministry of Interior National Immigration  Agency on the next day upon arrival or within 30 days of the issue of your resident visa.  International students must apply for ARC extension within three months before the  expiration date. If the ARC expires during the summer vacation (from July to September),  students are allowed to apply for extension from the 1st of April. For over -staying  foreigners who did not apply for ARC extension, their residence will be ceased by the  authorized agency, and they may be expelled from Taiwan.    I. Required documents for applying Resident  Visa  1. A signed application form  2. The original and photocopy of your passport  3.', 'apply for a Resident VISA before coming to Taiwan, it is necessary that you apply for a  Resident VISA on your own and then the ARC.    For international students, the Alien Resident Certificate (ARC) serves as their temporary  ID card which can prove their resident status in Taiwan. Please remember to apply for the  Alien Resident Certificate at the local office of Ministry of Interior National Immigration  Agency on the next day upon arrival or within 30 days of the issue of your resident visa.  International students must apply for ARC extension within three months before the  expiration date. If the ARC expires during the summer vacation (from July to September),  students are allowed to apply for extension from the 1st of April. For over -staying  foreigners who did not apply for ARC extension, their residence will be ceased by the  authorized agency, and they may be expelled from Taiwan.    I. Required documents for applying Resident  Visa  1. A signed application form  2. The original and photocopy', 'apply for a Resident VISA before coming to Taiwan, it is necessary that you apply for a  Resident VISA on your own and then the ARC.    For international students, the Alien Resident Certificate (ARC) serves as their temporary  ID card which can prove their resident status in Taiwan. Please remember to apply for the  Alien Resident Certificate at the local office of Ministry of Interior National Immigration  Agency on the next day upon arrival or within 30 days of the issue of your resident visa.  International students must apply for ARC extension within three months before the  expiration date. If the ARC expires during the summer vacation (from July to September),  students are allowed to apply for extension from the 1st of April. For over -staying  foreigners who did not apply for ARC extension, their residence will be ceased by the  authorized agency, and they may be expelled from Taiwan.    I. Required documents for applying Resident  Visa  1. A signed application form  2. The original and photocopy']","International students must apply for a Resident VISA before coming to Taiwan. After arriving, they must apply for the Alien Resident Certificate (ARC) at the local office of Ministry of Interior National Immigration Agency on the next day or within 30 days of the issue of their resident visa.",1.0,0.9246664226019061,0.9999999999666667,Llama3.1
What are the steps a new international student must complete after arriving at CCU?,"[""online  application system  1. ID photo (JPG file)  2. Scanned copy of  your passport &  VISA  3. Certificate of  Enrollment  4. Certificate oof  Residence (from  OIA)  5. Fee NT$1,000  6. Photo  https://coa.immigrati on.gov.tw/coa- frontend/student/ent ry?lang=en    Registration  4.1 University Registration    17   No Work Time Location Required  Documents Note  10 Chinese  Program  1. The Chinese Training Program is credit-loaded and free for  international students. We sincerely encourage our  international students to join at least one Chinese training  course during their stay at CCU.  2. The Chinese Language Center of National Chung  Cheng University aims to provide high-quality  Chinese language instruction, integrating multimedia  technology, games and AI-based tools to cultivate  learners' various Chinese language abilities and  understanding of local cultures.   More information scan QR CODE or click link below:  https://chineselanguagecenter.ccu.edu.tw/?Lang=en       11 Post (Bank)  Account  After"", ""online  application system  1. ID photo (JPG file)  2. Scanned copy of  your passport &  VISA  3. Certificate of  Enrollment  4. Certificate oof  Residence (from  OIA)  5. Fee NT$1,000  6. Photo  https://coa.immigrati on.gov.tw/coa- frontend/student/ent ry?lang=en    Registration  4.1 University Registration    17   No Work Time Location Required  Documents Note  10 Chinese  Program  1. The Chinese Training Program is credit-loaded and free for  international students. We sincerely encourage our  international students to join at least one Chinese training  course during their stay at CCU.  2. The Chinese Language Center of National Chung  Cheng University aims to provide high-quality  Chinese language instruction, integrating multimedia  technology, games and AI-based tools to cultivate  learners' various Chinese language abilities and  understanding of local cultures.   More information scan QR CODE or click link below:  https://chineselanguagecenter.ccu.edu.tw/?Lang=en       11 Post (Bank)  Account  After"", 'experience in pursuing your academic study and research  at CCU.    Since this may be the first time you visit Taiwan or CCU, and there will be many  procedures and responsibilities you will soon have to work on, we have prepared  the Handbook for International Students to help you go through these tasks  smoothly.    In what follows, we first provide a guideline of items you need to prepare before  departure from your home country. We then provide a wide range of useful  information, including answer to many of the questions you may have when you  arrive at National Chung Cheng University. In case you still need any further support,  please feel free to contact our office or visit our English website at  https://oia.ccu.edu.tw/?Lang=en  .     E-mail: ccuoiais@ccu.edu.tw   Phone: 866-5-2720411, ext.17618    Again, welcome to CCU and we are looking forward to seeing you on campus soon.    Best regards,    Office of International Affairs  National Chung Cheng University        Welcome to CCU!          3    01']","After arriving at CCU, a new international student must complete the following steps:

1. University Registration
2. Open a Post (Bank) Account
3. Join the Chinese Training Program (optional but encouraged)
4. Complete the online application system with required documents (ID photo, passport & VISA, Certificate of Enrollment, Certificate of Residence, and a fee of NT$1,000)

Please refer to the Handbook for International Students for more information.",0.5,0.9971097127467088,0.9999999999666667,Llama3.1
What documents must be submitted to the Administration Building's Division of Curriculum and Instruction during registration?,"['7. Financial Statement  8. Health Certificate or  ARC  9. Health Insurance or  NHI (If any)  10. Taiwan Bank (If any)        1. Diploma and  Transcript must be  authenticated by  the Taiwanese  Representative  Office in your  country    2. After OIA check all  the required  documents, you  need to go to  Academic Office to  complete the  registration.  Feb. 25 Orientation None   6  Health  Check for  Freshmen    Mar 05    (Auditorium)      1. CCU Health  Examination Form   2. Fee NT$630  3. Passport  4. Registration Sheet  Metal Accessories and  contact lenses are not  allowed. If you need to  wear contact lenses,  please bring your own  contact lens case.   Registration  4.1 University Registration    16   No Work Time Location Required  Document s  Note  7 Registration  Before    Apr 1  (1F of East Wing  Administrative  Building)      1. Photocopy of  Passport & Visa  (with the stamp of  entering Taiwan)  2. Diploma (Photocopy  of Original and  Authenticated  version)  3. Transcript (Photocopy  of', 'and  Transcript must  be authenticated  by the Taiwanese  Representative  Office in your  country    2. After OIA check  all the required  documents, you  need to go to  Academic Office  to complete the  registration.  6  Health  Check for  Freshmen    Sep 03    (Auditorium)      1. CCU Health  Examination Form   2. Fee NT$630  3. Passport  4. Registration Sheet  Metal Accessories and  contact lenses are not  allowed. If you need to  wear contact lenses,  please bring your own  contact lens case.   Registration  4.1 University Registration    16   No Work Time Location on Required  Document s  Note  7 Registration  Before    Sep 8  (1F of East Wing  Administrative  Building)      1. Photocopy of  Passport & Visa  (with the stamp of  entering Taiwan)  2. Diploma (Photocopy  of Original and  Authenticated  version)  3. Transcript (Photocopy  of Original and  Authenticated  version)  4. Student academic  record entry form  (Print out)  5. Registration sheet          1. The Office of  Academic Affairs  will', '5. English Proficiency Certificate  6. Chinese Proficiency Certificate  7. Financial Statement  8. Health Certificate or ARC  9. Health Insurance or NHI (If any)  10. Taiwan Bank (If any)  OIA  (2nd Fl. of  Supermarket  next to  Graduate  Dormitory)  Health Center    1. CCU Health Examination Form   2. Fee NT$630  3. Passport  4. Registration Sheet      Auditorium      Office of  Academic Affairs    1. Photocopy of Passport & Visa (with the stamp  of entering Taiwan)  2. Diploma (Photocopy of Original and  Authenticated version)  3. Transcript (Photocopy of Original and  Authenticated version)  4. Student academic record entry form (Print out)  5. Registration sheet  East Wing  Administrative  Building  New Student Registration Sheet  (for 2025 Fall) Registration  4.3 Health Examination  4.4 Health Insurance    19      4.3 Health Examination     All new students are asked to do a simple health check on campus, even if you have  already done the Health Check that the Taipei Representative Office has']","To submit documents to the Administration Building's Division of Curriculum and Instruction during registration, you need to bring the following documents:

1. Photocopy of Passport & Visa (with the stamp of entering Taiwan)
2. Diploma (Photocopy of Original and Authenticated version)
3. Transcript (Photocopy of Original and Authenticated version)
4. Student academic record entry form (Print out)
5. Registration sheet

Please submit these documents before Apr 1 at the 1F of East Wing Administrative Building.",0.875,0.9788556447799236,0.9999999999666667,Llama3.1
Do CCU scholarship recipients still need to complete the tuition payment process?,"['Expenses  around 54,000 (9,000 per month)  *Actual expenses depend on consumption habits of each person.  Currency Unit: NT (NT$28.89=US$1)           based on the rate on 2025/7/03      10                                03  Accommodation Accommodation    11     1. On-campus accommodation is guaranteed for international students. The first- year-students don’t need to apply; the CCU Office of International Affairs will  arrange it for you . However, your dormitory room will be assigned ; you are  unable to choose your own rooms or roommates.  2. Your dormitory room is not equipped with mattress, pillow, and quilt.  3. Besides the dormitory fee, each one of  you has to pay a residence deposit of  NT$1,600 and an electricity cha rge of NT$ 2,000, a total of NT$3, 600 (not  included in CCU scholarship). You will get an IC card saved with NT$1,000 to use  for the electricity cost of your room. If the amount of NT$1,000 runs out, you  should go to the Dormitory Service Center, with your card & money, to recharge', 'Registration Registration  4.1 University Registration    14   No Work Time Location  Required  Documents Note  1 Dorm  Check-in  Starting  from  Feb 20  Dormitory Passport   2  Dorm  Internet  After the  Dorm  check- in  Office of Information  Technology  (Library 1st floor)  1. CB1 of  Undergraduate  Dormitory (only  7PM- 10PM)  2. Link to CCU  Dormitory Network  System:  https://www.dorm.ccu.e du.tw/en  1. NT$1,000   2. Computer  Address  3. Internet Cable    3  Uploading  a digital  photo to  New  Students  ID System    Link to CCU Student  Academic Record Entry  System:  https://www026198.ccu.edu .tw/academic/     Digital Photo     (.jpg or .jpeg)  * The default password  birth date + first 2  capital letters of  student’s name  * Print out the form  after you finish  filling it online  4 Paying the  fees   1. Download the  payment sheet via  https://school.bot.com.tw/new Twbank/StudentLogin.aspx  2. Pay the fees at  convenience stores,  Post office or  Taiwan Bank  1. Payment Sheet  2. Money  If the', 'Registration Registration  4.1 University Registration    14   No Work Time Location  Required  Documents Note  1 Dorm  Check-in  Starting  from  Feb 20  Dormitory Passport   2  Dorm  Internet  After the  Dorm  check- in  Office of Information  Technology  (Library 1st floor)  1. CB1 of  Undergraduate  Dormitory (only  7PM- 10PM)  2. Link to CCU  Dormitory Network  System:  https://www.dorm.ccu.e du.tw/en  1. NT$1,000   2. Computer  Address  3. Internet Cable    3  Uploading  a digital  photo to  New  Students  ID System    Link to CCU Student  Academic Record Entry  System:  https://www026198.ccu.edu .tw/academic/     Digital Photo     (.jpg or .jpeg)  * The default password  birth date + first 2  capital letters of  student’s name  * Print out the form  after you finish  filling it online  4 Paying the  fees   1. Download the  payment sheet via  https://school.bot.com.tw/new Twbank/StudentLogin.aspx  2. Pay the fees at  convenience stores,  Post office or  Taiwan Bank  1. Payment Sheet  2. Money  If the']","CCU scholarship recipients still need to complete the tuition payment process. According to the retrieved context, it is mentioned that ""Paying the fees"" is required, and the payment process can be done via https://school.bot.com.tw/newTwbank/StudentLogin.aspx. This implies that even scholarship recipients need to pay the fees.",1.0,0.9828869843142535,0.5833333333041666,Llama3.1
Within how many days after entering Taiwan must a first-time ARC application be submitted?,"['International students must apply for an ARC 15 to 30 days before their Visitor Visa expires. This time window is very important. If you apply after the visa has expired, it may affect your residency status and could even require you to leave Taiwan and reapply.', 'VISA before coming to Taiwan, it is necessary that you apply for a  Resident VISA on your own and then the ARC.    For international students, the Alien Resident Certificate (ARC) serves as their temporary  ID card which can prove their resident status in Taiwan. Please remember to apply for the  Alien Resident Certificate at the local office of Ministry of Interior National Immigration  Agency on the next day upon arrival or within 30 days of the issue of your resident visa.  International students must apply for ARC extension within three months before the  expiration date. If the ARC expires during the summer vacation (from July to September),  students are allowed to apply for extension from the 1st of April. For over -staying  foreigners who did not apply for ARC extension, their residence will be ceased by the  authorized agency, and they may be expelled from Taiwan.    I. Required documents for applying Resident  Visa  1. A signed application form  2. The original and photocopy of your passport  3.', 'the first 6 months, we help you get medical insurance at first that  can cover your medical procedures in Taiwan.    II. National Health Insurance (NHI)  It is necessary to apply National Health Insurance for staying in Taiwan. According to  Taiwan National Health Insurance Act, only students who have stayed for more than 6  months are qualified for NHI. For example, if the date of issue on your ARC is on Mar ch  10th, the nearest date you can apply is Sep. 10th.    Registration  4.5 Applying for Resident Visa and  Alien Resident Certificate (ARC)    20     You are required to possess a Resident VISA and an ARC in order to stay in Taiwan for  studying. If you have obtained a Resident VISA before coming to Taiwan, you only need  to apply for an ARC when you arrive at CCU. This will make things easier. If you did  not  apply for a Resident VISA before coming to Taiwan, it is necessary that you apply for a  Resident VISA on your own and then the ARC.    For international students, the Alien Resident Certificate']",You must apply for an ARC within 30 days of the issue of your resident visa.,0.5,0.7489693487718015,0.49999999995,Llama3.1
What is the penalty for submitting a first-time ARC application late?,"['The basic ARC fee is NT$1,000 per year. However, if you are converting from visa-free entry or a Visitor Visa to an ARC, an additional NT$2,200 is charged according to official regulations.', 'The processing time for an ARC application is approximately 10 working days. The actual issuance time may vary depending on the number of applications or whether additional documents are required. Students are advised to allow sufficient time for the', 'International students must apply for an ARC 15 to 30 days before their Visitor Visa expires. This time window is very important. If you apply after the visa has expired, it may affect your residency status and could even require you to leave Taiwan and reapply.']","Sorry, I am not sure about it. Maybe you could turn to OIA for help.",0.0,0.0,0.0,Llama3.1
How far in advance can a student submit an ARC extension application before it expires?,"['International students must apply for an ARC 15 to 30 days before their Visitor Visa expires. This time window is very important. If you apply after the visa has expired, it may affect your residency status and could even require you to leave Taiwan and reapply.', 'The ARC application and issuance must be completed within the validity period of your original visa, so it is strongly recommended that students prepare the required documents as early as possible after the semester begins, rather than waiting until the last minute.', 'The processing time for an ARC application is approximately 10 working days. The actual issuance time may vary depending on the number of applications or whether additional documents are required. Students are advised to allow sufficient time for the']",International students must apply for an ARC 15 to 30 days before their Visitor Visa expires.,1.0,0.6715286344688622,0.9999999999,Llama3.1
What happens if an ARC renewal is more than 30 days late?,"['(Trạm Phục vụ số 1 Thành phố Đài Nam)  2.所有更正 (護照、地址、姓名等) 都可以線上申請。 Tất cả thay đổi (hộ chiếu, địa chỉ, họ tên, …) đều có thể thực hiện trực tuyến. 3. 請填寫正確電子信箱。 Vui lòng điền địa chỉ email chí nhxác.7 申請人於接獲申請案件審查核准待繳費 通知 email 後，可於線上進行線上繳費 扣款功能。 完成付款後 ，申請人會收到電子郵件通 知。 請列印收據並攜帶舊ARC，並在3 個工作日後前往服務站領取新ARC Người nộp đơn sau khi nhận được email thông báo đơn xin đã được thông qua, vui lòng tiến hành đóng phítrên hệ thống trực tuyến. Sau khi hoàn thành đóng phí, chúng tôi sẽ gửi email thông báo. Vui lòng in hóa đơn và mang theo thẻ cư trú cũ đến Trạm phục vụ để nhận thẻ mới sau 3 ngày làm việc. 重點 Lưu ý ARC  居留證 Thẻ cư trú 重點 Lưu ý  NT$   10,000 - 50,000臺南市第一服務站 10 Phạt cư trú quá hạn (hiện tại)重點 Lưu ý  罰鍰金額 Mức phạt dao động NT$  2,000 to 10,000 在臺灣居住後如果因故變更居留地 ，務必於事實發生 後30日內到移民署辦理住址變更。 Nếu có thay đổi địa chỉ cư trú trong thời gian cư trú tại Đài Loan, bắt buộc phải đến Cục Di dân làm thủ tục thay đổi địa chỉ trong vòng 30 ngày kể từ sau ngày đổi nơi ở.如何出國 ? Làm  thế  nào  khi  ra  nước  ngoài ? 準備居留證及護照 Chuẩn', 'International students must apply for an ARC 15 to 30 days before their Visitor Visa expires. This time window is very important. If you apply after the visa has expired, it may affect your residency status and could even require you to leave Taiwan and reapply.', 'As a result, international students applying for an ARC for the first time by converting from a Visitor Visa will pay more than those who are simply renewing an ARC. After payment, be sure to keep the receipt properly in case it is needed for future inquiries or additional documentation.']","If an ARC renewal is more than 30 days late, the penalty is NT$ 2,000 to 10,000.",0.0,0.9614642863310522,0.9999999999,Llama3.1
What documents are required to open a postal savings account at the CCU Post Office?,"['CRS-I form, and   NTD 100 to the Post Office in CCU to apply for your financial   account of Post Office.', 'CRS-I form, and   NTD 100 to the Post Office in CCU to apply for your financial   account of Post Office.', 'The CCU Post Office is located on the first floor of the Activity Center.\n\nAt the post office, you can send letters and parcels, receive registered mail, and use basic financial services such as deposits, withdrawals, transfers, and bill payments. You can also purchase stamps and postal supplies.']","To open a postal savings account at the CCU Post Office, you need to bring the CRS-I form and NTD 100 to the Post Office in CCU.",1.0,0.9863004551477111,0.99999999995,Llama3.1
What is the minimum deposit required to open a postal savings account at the CCU Post Office?,"['CRS-I form, and   NTD 100 to the Post Office in CCU to apply for your financial   account of Post Office.', 'CRS-I form, and   NTD 100 to the Post Office in CCU to apply for your financial   account of Post Office.', 'The CCU Post Office is located on the first floor of the Activity Center.\n\nAt the post office, you can send letters and parcels, receive registered mail, and use basic financial services such as deposits, withdrawals, transfers, and bill payments. You can also purchase stamps and postal supplies.']","To open a postal savings account at the CCU Post Office, you need to submit the CRS-I form and deposit NTD 100.",1.0,0.9217919337407111,0.99999999995,Llama3.1
"What are the penalties for drunk driving in Taiwan, and which vehicles does the rule apply to?","['University has the most beautiful campus in Taiwan, and  comprehensive sports facilities. Our outdoor facilities include: 12 tennis courts,  6 volleyball courts, 6 basketball courts, a soccer field, a softball field, a baseball  field, golf driving range, track, and swimming pool. We also have a large  gymnasium that houses weight training equipment, bowling center, table tennis  courts, squash racquet courts, and etc.      CCU Campus Life    34      Driver’s license  If you want to drive in Taiwan, you must have a driving license. It’s left- hand  drive in Taiwan. You may either takes the exam for driver’s license or  change your home country driving license to Taiwan driving license at  Directorate General of Highways, MOTC. Please note that it is illegal to drive  without a valid driving license. The maximum penalty is NT$24,000 for both  motorcycles and cars. For further information about driving license, please  do not hesitate to visit the website at https://www.mvdis.gov.tw/m3-emv- eng/    Required', ""without a valid driving license. The maximum penalty is NT$24,000 for both  motorcycles and cars. For further information about driving license, please  do not hesitate to visit the website at https://www.mvdis.gov.tw/m3-emv- eng/    Required documents for motorcycle driving license test  1. Original Alien Resident Certificate (ARC) (date of issuance to date of  expiry over one year) plus a photocopy.  2. Passport, plus a photocopy.  3. Valid driver’s license from a reciprocating country plus a photocopy  (your foreign driver’s license must be authenticated overseas by an  embassy or consulate of the ROC, or Representative Office, Liaison  Office or other office duly authorized by the ROC Ministry  of Foreign  Affairs, or be authenticated in Taiwan by your country's embassy,  consulate or other office which is duly authorized by the ROC Ministry  of Foreign Affairs)  4. A Chinese translation of foreign driver’s license (if your license is not in  English), which must also be authenticated by an embassy or"", ""without a valid driving license. The maximum penalty is NT$24,000 for both  motorcycles and cars. For further information about driving license, please  do not hesitate to visit the website at https://www.mvdis.gov.tw/m3-emv- eng/    Required documents for motorcycle driving license test  1. Original Alien Resident Certificate (ARC) (date of issuance to date of  expiry over one year) plus a photocopy.  2. Passport, plus a photocopy.  3. Valid driver’s license from a reciprocating country plus a photocopy  (your foreign driver’s license must be authenticated overseas by an  embassy or consulate of the ROC, or Representative Office, Liaison  Office or other office duly authorized by the ROC Ministry  of Foreign  Affairs, or be authenticated in Taiwan by your country's embassy,  consulate or other office which is duly authorized by the ROC Ministry  of Foreign Affairs)  4. A Chinese translation of foreign driver’s license (if your license is not in  English), which must also be authenticated by an embassy or""]","The maximum penalty for drunk driving in Taiwan is NT$24,000 for both motorcycles and cars.",0.0,0.9136226249004921,0.9999999999666667,Llama3.1
Do international students need a work permit before taking any part-time job in Taiwan?,"['saved into your post bank account)    After getting bank account, remember to send the following documents to OIA  (ccuoiais@ccu.edu.tw)    Filled Personal Account Form    Bank of Passbook      Registration  4.7 Guides for Part-time Jobs  OFF/ON Campus    22        A. OFF Campus (Work permit required!)  International students who would like to work in Taiwan OFF campus, including  both full-time and part -time jobs, are required to obtain a work permit from  the Workforce Development Agency. Working without such an official work  permit, you will be subject to a fine of NT $30,000 to $150,000 . Further, only  degree-seeking students are allowed to apply for a work permit.     B. ON Campus (Requirement of work permit  depends on type of part-time job)  All part-time assistant jobs ON campus are classified into two types, namely (a)  Learning-Oriented Part-Time Assistant, for which there is no need to apply for  work permit, and (b) Labor-Oriented Part-Time Assistant, for which work permit  must be applied f', 'saved into your post bank account)    After getting bank account, remember to send the following documents to OIA  (ccuoiais@ccu.edu.tw)    Filled Personal Account Form    Bank of Passbook      Registration  4.7 Guides for Part-time Jobs  OFF/ON Campus    22        A. OFF Campus (Work permit required!)  International students who would like to work in Taiwan OFF campus, including  both full-time and part -time jobs, are required to obtain a work permit from  the Workforce Development Agency. Working without such an official work  permit, you will be subject to a fine of NT $30,000 to $150,000 . Further, only  degree-seeking students are allowed to apply for a work permit.     B. ON Campus (Requirement of work permit  depends on type of part-time job)  All part-time assistant jobs ON campus are classified into two types, namely (a)  Learning-Oriented Part-Time Assistant, for which there is no need to apply for  work permit, and (b) Labor-Oriented Part-Time Assistant, for which work permit  must be applied f', 'regulation, please refer to - Ministry of Labor Employment Service  Act   Registration  4.7 Guides for Part-time Jobs  OFF/ON Campus    24       IV. Other Related Regulations:  1. The status of international students in Taiwan should be in accordance  with the regulations of Ministry of Education.  2. According to the “Regulations on the Permission and Administration of  the Employment of Foreign Workers”, the applicants can apply for the  student work permit only if they are officially enrolled as a degree  student in any university or have tak en one -year language course in  Taiwan.  3. The period validity of a work permit is six months at most.  4. For applications made in the Fall semester, the work permit is valid until  March 31st of the next semester; for applications made in the Spring  semester, the work permit is valid until September 30th of the same   year.  5. The maximum work hours are 20 hours per week , except during  summer and winter vacation.  6. Workforce Development Agency has the right']","International students who would like to work in Taiwan OFF campus are required to obtain a work permit from the Workforce Development Agency. Working without such an official work permit will be subject to a fine of NT $30,000 to $150,000. Only degree-seeking students are allowed to apply for a work permit.",1.0,0.8504676176184475,0.9999999999666667,Llama3.1
What is the fine for illegally bringing pork products into Taiwan for a first offense?,"[""without a valid driving license. The maximum penalty is NT$24,000 for both  motorcycles and cars. For further information about driving license, please  do not hesitate to visit the website at https://www.mvdis.gov.tw/m3-emv- eng/    Required documents for motorcycle driving license test  1. Original Alien Resident Certificate (ARC) (date of issuance to date of  expiry over one year) plus a photocopy.  2. Passport, plus a photocopy.  3. Valid driver’s license from a reciprocating country plus a photocopy  (your foreign driver’s license must be authenticated overseas by an  embassy or consulate of the ROC, or Representative Office, Liaison  Office or other office duly authorized by the ROC Ministry  of Foreign  Affairs, or be authenticated in Taiwan by your country's embassy,  consulate or other office which is duly authorized by the ROC Ministry  of Foreign Affairs)  4. A Chinese translation of foreign driver’s license (if your license is not in  English), which must also be authenticated by an embassy or"", ""without a valid driving license. The maximum penalty is NT$24,000 for both  motorcycles and cars. For further information about driving license, please  do not hesitate to visit the website at https://www.mvdis.gov.tw/m3-emv- eng/    Required documents for motorcycle driving license test  1. Original Alien Resident Certificate (ARC) (date of issuance to date of  expiry over one year) plus a photocopy.  2. Passport, plus a photocopy.  3. Valid driver’s license from a reciprocating country plus a photocopy  (your foreign driver’s license must be authenticated overseas by an  embassy or consulate of the ROC, or Representative Office, Liaison  Office or other office duly authorized by the ROC Ministry  of Foreign  Affairs, or be authenticated in Taiwan by your country's embassy,  consulate or other office which is duly authorized by the ROC Ministry  of Foreign Affairs)  4. A Chinese translation of foreign driver’s license (if your license is not in  English), which must also be authenticated by an embassy or"", 'khi hết thời hạn cư trú thành 3 tháng trước khi thẻ cư trú hết hạn.  放寬外人申請延期居留 期間 外國人申請延期居留 ， 由居留期限屆滿前 30日 內，放寬為3個月內可以 申請。台灣簽證 Visa Đài Loan 家人要來臺灣觀光，必須先申請臺 灣簽證! Nếu  người  thân  ở  Việt  Nam muốn  đến  tham  quan  Đài  Loan, trước  tiên  phải  xin  visa  Đài  Loan nhé! 記得要注意數字 3(停留期限 )，這 是家人來到臺灣可以住的天數，如 果逾期，同樣會被罰臺幣1萬元到5 萬元的罰鍰，而且最長7年不能再 來臺灣。 Lưu  ý  mục  số  3  (thời  hạn  lưu  trú),  đây là  số  ngày  mà  người  thân  được  phép ở  lại  khi  đến  Đài  Loan .  Nếu  quá  thời hạn,  cũng  sẽ  bị  phạt  từ  10 . 000  đến 50 . 000  Đài  tệ,  đồng  thời  trong  vòng tối  đa  7  năm  không  được  phép  đến Đài  Loan . 提醒：學生常見的觸犯法律行為 請注意!觸犯法律遭判刑會影響居留權 ，也會影響讀書。很多學生認為自己 不會犯法，但你知道嗎?酒後騎車是犯法、把銀行帳戶借給別人犯罪觸犯詐 欺罪、吵架氣憤與人互相毆打的傷害罪、吸食或販賣毒品案件等等，都是過 去曾經發生的犯法行為，這些NG行為都會害你不能留在臺灣! Nhắc nhở: một số hành vi vi phạm pháp luật sinh viên thường mắc phải Hãy chú ý! Việc bị kết án do vi phạm pháp luật sẽ ảnh hưởng đến quyền cư trú và việc học của bạn. Có rất nhiều sinh viên cho rằng bản thân không vi phạm pháp luật, tuy nhiên bạn có biết']","Sorry, I am not sure about it. Maybe you could turn to OIA for help.",0.0,0.0,0.0,Llama3.1
"Is smoking allowed anywhere on the CCU campus, and what is the maximum fine for violating this rule?","['University has the most beautiful campus in Taiwan, and  comprehensive sports facilities. Our outdoor facilities include: 12 tennis courts,  6 volleyball courts, 6 basketball courts, a soccer field, a softball field, a baseball  field, golf driving range, track, and swimming pool. We also have a large  gymnasium that houses weight training equipment, bowling center, table tennis  courts, squash racquet courts, and etc.      CCU Campus Life    34      Driver’s license  If you want to drive in Taiwan, you must have a driving license. It’s left- hand  drive in Taiwan. You may either takes the exam for driver’s license or  change your home country driving license to Taiwan driving license at  Directorate General of Highways, MOTC. Please note that it is illegal to drive  without a valid driving license. The maximum penalty is NT$24,000 for both  motorcycles and cars. For further information about driving license, please  do not hesitate to visit the website at https://www.mvdis.gov.tw/m3-emv- eng/    Required', 'Facilities  National Chung Cheng University has the most beautiful campus in Taiwan, and  comprehensive sports facilities. Our outdoor facilities include: 12 tennis courts,  6 volleyball courts, 6 basketball courts, a soccer field, a softball field, a baseball  field, go lf driving range, track, and swimming pool. We also have a large  gymnasium that houses weight training equipment, bowling center, table tennis  courts, squash racquet courts, and etc.      CCU Campus Life    34      Driver’s license  If you want to drive in Taiwan, you must have a driving license. It’s left- hand  drive in Taiwan. You may either takes the exam for driver’s license or  change your home country driving license to Taiwan driving license at  Directorate General of Highways, MOTC. Please note that it is illegal to drive  without a valid driving license. The maximum penalty is NT$24,000 for both  motorcycles and cars. For further information about driving license, please  do not hesitate to visit the website at', 'Facilities  National Chung Cheng University has the most beautiful campus in Taiwan, and  comprehensive sports facilities. Our outdoor facilities include: 12 tennis courts,  6 volleyball courts, 6 basketball courts, a soccer field, a softball field, a baseball  field, go lf driving range, track, and swimming pool. We also have a large  gymnasium that houses weight training equipment, bowling center, table tennis  courts, squash racquet courts, and etc.      CCU Campus Life    34      Driver’s license  If you want to drive in Taiwan, you must have a driving license. It’s left- hand  drive in Taiwan. You may either takes the exam for driver’s license or  change your home country driving license to Taiwan driving license at  Directorate General of Highways, MOTC. Please note that it is illegal to drive  without a valid driving license. The maximum penalty is NT$24,000 for both  motorcycles and cars. For further information about driving license, please  do not hesitate to visit the website at']","Sorry, I am not sure about it. Maybe you could turn to OIA for help.",0.0,0.0,0.0,Llama3.1
how to apply for post office account?,"['Apply for the Financial Account of Post Office    You have to apply for a financial account  of Post Offic e in CCU  if you  never have any one in Taiwan.    Just follow the instructions step by step as below:  1. Get your ARC ready.  2. Make a stamp of your CHINESE NAME  (1) Go to the bookstore, which is located at the Student Activity Center,  just next to the Family Mart(a', 'Apply for the Financial Account of Post Office    You have to apply for a financial account  of Post Offic e in CCU  if you  never have any one in Taiwan.    Just follow the instructions step by step as below:  1. Get your ARC ready.  2. Make a stamp of your CHINESE NAME  (1) Go to the bookstore, which is located at the Student Activity Center,  just next to the Family Mart(a', 'CRS-I form, and   NTD 100 to the Post Office in CCU to apply for your financial   account of Post Office.']","To apply for a post office account, follow these steps:

1. Get your ARC ready.
2. Make a stamp of your Chinese name.
3. Go to the bookstore at the Student Activity Center (next to Family Mart).
4. Fill out the CRS-I form.
5. Pay NTD 100 at the Post Office in CCU.",1.0,0.9539351994906834,0.9999999999666667,Llama3.1
what document should I provide to apply for a post office account?,"['CRS-I form, and   NTD 100 to the Post Office in CCU to apply for your financial   account of Post Office.', 'CRS-I form, and   NTD 100 to the Post Office in CCU to apply for your financial   account of Post Office.', 'Apply for the Financial Account of Post Office    You have to apply for a financial account  of Post Offic e in CCU  if you  never have any one in Taiwan.    Just follow the instructions step by step as below:  1. Get your ARC ready.  2. Make a stamp of your CHINESE NAME  (1) Go to the bookstore, which is located at the Student Activity Center,  just next to the Family Mart(a']","To apply for a post office account, you need to provide the CRS-I form and NTD 100 to the Post Office in CCU.",1.0,0.7814539349244871,0.99999999995,Llama3.1
What types of specialist clinics are available near CCU in Minxiong Township?,"['The Minxiong area around National Chung Cheng University has many clinics that can handle most common or chronic conditions, including rehabilitation medicine, ENT, ophthalmology, dentistry, dermatology, and gynecology. These clinics are mostly located in Minxiong town and are easy to reach from campus. They are suitable for issues such as colds, skin problems, toothaches, and', 'Rd., Dalin  Township, Chiayi County 622,  Taiwan  (05) 264-8000  (ext. 5920, 5921)  https://dalin.tzuchi- healthcare.org.tw/   Chiayi Christian  Hospital  No.539, Zhongxiao Rd., East  Dist, Chiayi City 600, Taiwan (05) 2764994 http://elearn2.cych.org.tw /1900/en/index.php  Chang Gung  Memorial Hospital  (Chiayi)  No.8, Sec. W., Jiapu Rd., Puzi  City, Chiayi County 613, Taiwan (05) 3621000 https://www.cgmh.org.tw/e ng/about/system  St. Martin De Porres  Hospital  No.565, Sec. 2, Daya Rd., East  Dist., Chiayi City 600, Taiwan (05) 2756555 https://www.stm.org.tw/s tm_en/  Huider Clinic  No. 281, Sec 1, University Road,  Minxiong Township, Chiayi  County 621, Taiwan  (05) 2721665 https://www.facebook.com /wedeclinic?locale=zh_TW CCU Campus Life    28        Eating-out  Besides enjoying your meals on campus restaurants, you also can find more  restaurants off the campus. For example, walking straight from the front gate of  CCU, you will find many restaurants, stands along two sides of the roads.  Furthermore,', '(Dalin)  No.2, Minsheng Rd., Dalin  Township, Chiayi County 622,  Taiwan  (05) 264-8000  (ext. 5920, 5921)  https://dalin.tzuchi- healthcare.org.tw/   Chiayi Christian  Hospital  No.539, Zhongxiao Rd., East  Dist, Chiayi City 600, Taiwan (05) 2764994 http://elearn2.cych.org.tw /1900/en/index.php  Chang Gung  Memorial Hospital  (Chiayi)  No.8, Sec. W., Jiapu Rd., Puzi  City, Chiayi County 613, Taiwan (05) 3621000 https://www.cgmh.org.tw/e ng/about/system  St. Martin De Porres  Hospital  No.565, Sec. 2, Daya Rd., East  Dist., Chiayi City 600, Taiwan (05) 2756555 https://www.stm.org.tw/s tm_en/  Huider Clinic  No. 281, Sec 1, University Road,  Minxiong Township, Chiayi  County 621, Taiwan  (05) 2721665 https://www.facebook.com /wedeclinic?locale=zh_TW CCU Campus Life    28        Eating-out  Besides enjoying your meals on campus restaurants, you also can find more  restaurants off the campus. For example, walking straight from the front gate of  CCU, you will find many restaurants, stands along two sides of']","There are specialist clinics available near CCU in Minxiong Township, including rehabilitation medicine, ENT, ophthalmology, dentistry, dermatology, and gynecology. These clinics are mostly located in Minxiong town and are easy to reach from campus. They can handle common or chronic conditions such as colds, skin problems, toothaches, and more.",1.0,0.9837363897685715,0.9999999999,Llama3.1
Which hospitals in Chiayi City can CCU students visit for more serious medical conditions?,"['If more comprehensive examinations, hospitalization, or treatment for serious conditions are required, you can visit large hospitals in Chiayi City, such as Chiayi Christian Hospital, Dalin Tzu Chi Hospital, or St. Martin De Porres Hospital. These hospitals have complete facilities and departments and provide emergency and specialist medical services.', 'For most students, visiting a clinic in Minxiong first is more convenient for minor issues, while going to a hospital in Chiayi City is recommended for more serious conditions.', '(Dalin)  No.2, Minsheng Rd., Dalin  Township, Chiayi County 622,  Taiwan  (05) 264-8000  (ext. 5920, 5921)  https://dalin.tzuchi- healthcare.org.tw/   Chiayi Christian  Hospital  No.539, Zhongxiao Rd., East  Dist, Chiayi City 600, Taiwan (05) 2764994 http://elearn2.cych.org.tw /1900/en/index.php  Chang Gung  Memorial Hospital  (Chiayi)  No.8, Sec. W., Jiapu Rd., Puzi  City, Chiayi County 613, Taiwan (05) 3621000 https://www.cgmh.org.tw/e ng/about/system  St. Martin De Porres  Hospital  No.565, Sec. 2, Daya Rd., East  Dist., Chiayi City 600, Taiwan (05) 2756555 https://www.stm.org.tw/s tm_en/  Huider Clinic  No. 281, Sec 1, University Road,  Minxiong Township, Chiayi  County 621, Taiwan  (05) 2721665 https://www.facebook.com /wedeclinic?locale=zh_TW CCU Campus Life    28        Eating-out  Besides enjoying your meals on campus restaurants, you also can find more  restaurants off the campus. For example, walking straight from the front gate of  CCU, you will find many restaurants, stands along two sides of']","For more serious medical conditions, you can visit large hospitals in Chiayi City, such as Chiayi Christian Hospital, Dalin Tzu Chi Hospital, or St. Martin De Porres Hospital. These hospitals have complete facilities and departments and provide emergency and specialist medical services.",1.0,0.8832979482466742,0.9999999999666667,Llama3.1
What are the steps to apply for a postal financial account at the CCU Post Office?,"['Apply for the Financial Account of Post Office    You have to apply for a financial account  of Post Offic e in CCU  if you  never have any one in Taiwan.    Just follow the instructions step by step as below:  1. Get your ARC ready.  2. Make a stamp of your CHINESE NAME  (1) Go to the bookstore, which is located at the Student Activity Center,  just next to the Family Mart(a', 'Apply for the Financial Account of Post Office    You have to apply for a financial account  of Post Offic e in CCU  if you  never have any one in Taiwan.    Just follow the instructions step by step as below:  1. Get your ARC ready.  2. Make a stamp of your CHINESE NAME  (1) Go to the bookstore, which is located at the Student Activity Center,  just next to the Family Mart(a', 'CRS-I form, and   NTD 100 to the Post Office in CCU to apply for your financial   account of Post Office.']","To apply for a postal financial account at the CCU Post Office, follow these steps:

1. Get your ARC ready.
2. Make a stamp of your Chinese name.
3. Go to the bookstore at the Student Activity Center (next to the Family Mart).
4. Fill out the CRS-I form.
5. Pay NTD 100 to the Post Office in CCU.",1.0,0.9999999999999994,0.9999999999666667,Llama3.1
How long does it take to process a postal account application at CCU after submitting documents?,"['Apply for the Financial Account of Post Office    You have to apply for a financial account  of Post Offic e in CCU  if you  never have any one in Taiwan.    Just follow the instructions step by step as below:  1. Get your ARC ready.  2. Make a stamp of your CHINESE NAME  (1) Go to the bookstore, which is located at the Student Activity Center,  just next to the Family Mart(a', 'Apply for the Financial Account of Post Office    You have to apply for a financial account  of Post Offic e in CCU  if you  never have any one in Taiwan.    Just follow the instructions step by step as below:  1. Get your ARC ready.  2. Make a stamp of your CHINESE NAME  (1) Go to the bookstore, which is located at the Student Activity Center,  just next to the Family Mart(a', 'CRS-I form, and   NTD 100 to the Post Office in CCU to apply for your financial   account of Post Office.']","Sorry, I am not sure about it. Maybe you could turn to OIA for help.",0.0,0.0,0.0,Llama3.1
How much does a bachelor's student pay per semester for a quad dormitory room at CCU?,"['On-campus dormitory fees at CCU vary by building and room type, but overall they are generally affordable for students.\n\nFor master’s dormitories in Buildings A to D, which are double-occupancy non-suite rooms, the dormitory fee is about NT$7,210 per semester. In addition, there is a one-time deposit of NT$1,600, prepaid electricity of about NT$1,500 for the first semester and about NT$500 for the second semester, and a separate internet fee of NT$1,000 per semester.', '33,000 (3,500 ~ 5,500 per month)  Computer lab fee  Bachelor 1,155 / Master 460 per semester  only pay for it in the first year (two semesters)  Living Expenses  around 54,000 (9,000 per month)  *Actual expenses depend on consumption habits of each person.  Currency Unit: NT (NT$31.40=US$1)  based on the rate on 2026/12/29      10                                03  Accommodation Accommodation    11     1. On-campus accommodation is guaranteed for international students. The first- year-students don’t need to apply; the CCU Office of International Affairs will  arrange it for you . However, your dormitory room will be assigned ; you are  unable to choose your own rooms or roommates.  2. Your dormitory room is not equipped with mattress, pillow, and quilt.  3. Besides the dormitory fee, each one of you has to pay a residence deposit of  NT$1,600 and an electricity cha rge of NT$ 2,000, a total of NT$3, 600 (not  included in CCU scholarship). You will get an IC card saved with NT$1,000 to use  for the', '33,000 (3,500 ~ 5,500 per month)  Computer lab fee  Bachelor 1,155 / Master 460 per semester  only pay for it in the first year (two semesters)  Living Expenses  around 54,000 (9,000 per month)  *Actual expenses depend on consumption habits of each person.  Currency Unit: NT (NT$31.40=US$1)  based on the rate on 2026/12/29      10                                03  Accommodation Accommodation    11     1. On-campus accommodation is guaranteed for international students. The first- year-students don’t need to apply; the CCU Office of International Affairs will  arrange it for you . However, your dormitory room will be assigned ; you are  unable to choose your own rooms or roommates.  2. Your dormitory room is not equipped with mattress, pillow, and quilt.  3. Besides the dormitory fee, each one of you has to pay a residence deposit of  NT$1,600 and an electricity cha rge of NT$ 2,000, a total of NT$3, 600 (not  included in CCU scholarship). You will get an IC card saved with NT$1,000 to use  for the']","Sorry, I am not sure about it. Maybe you could turn to OIA for help.",0.0,0.0,0.0,Llama3.1
What is the per-semester accommodation fee for a master's student in a twin room at CCU?,"['On-campus dormitory fees at CCU vary by building and room type, but overall they are generally affordable for students.\n\nFor master’s dormitories in Buildings A to D, which are double-occupancy non-suite rooms, the dormitory fee is about NT$7,210 per semester. In addition, there is a one-time deposit of NT$1,600, prepaid electricity of about NT$1,500 for the first semester and about NT$500 for the second semester, and a separate internet fee of NT$1,000 per semester.', '33,000 (3,500 ~ 5,500 per month)  Computer lab fee  Bachelor 1,155 / Master 460 per semester  only pay for it in the first year (two semesters)  Living Expenses  around 54,000 (9,000 per month)  *Actual expenses depend on consumption habits of each person.  Currency Unit: NT (NT$31.40=US$1)  based on the rate on 2026/12/29      10                                03  Accommodation Accommodation    11     1. On-campus accommodation is guaranteed for international students. The first- year-students don’t need to apply; the CCU Office of International Affairs will  arrange it for you . However, your dormitory room will be assigned ; you are  unable to choose your own rooms or roommates.  2. Your dormitory room is not equipped with mattress, pillow, and quilt.  3. Besides the dormitory fee, each one of you has to pay a residence deposit of  NT$1,600 and an electricity cha rge of NT$ 2,000, a total of NT$3, 600 (not  included in CCU scholarship). You will get an IC card saved with NT$1,000 to use  for the', '33,000 (3,500 ~ 5,500 per month)  Computer lab fee  Bachelor 1,155 / Master 460 per semester  only pay for it in the first year (two semesters)  Living Expenses  around 54,000 (9,000 per month)  *Actual expenses depend on consumption habits of each person.  Currency Unit: NT (NT$31.40=US$1)  based on the rate on 2026/12/29      10                                03  Accommodation Accommodation    11     1. On-campus accommodation is guaranteed for international students. The first- year-students don’t need to apply; the CCU Office of International Affairs will  arrange it for you . However, your dormitory room will be assigned ; you are  unable to choose your own rooms or roommates.  2. Your dormitory room is not equipped with mattress, pillow, and quilt.  3. Besides the dormitory fee, each one of you has to pay a residence deposit of  NT$1,600 and an electricity cha rge of NT$ 2,000, a total of NT$3, 600 (not  included in CCU scholarship). You will get an IC card saved with NT$1,000 to use  for the']","The accommodation fee for a master's student in a twin room at CCU is NT$7,210 per semester. Additionally, there is a one-time deposit of NT$1,600, prepaid electricity of about NT$1,500 for the first semester and about NT$500 for the second semester, and a separate internet fee of NT$1,000 per semester.",1.0,0.974477568432473,0.9999999999666667,Llama3.1
How much does a PhD student pay per semester for an independent studio dormitory room at CCU?,"['On-campus dormitory fees at CCU vary by building and room type, but overall they are generally affordable for students.\n\nFor master’s dormitories in Buildings A to D, which are double-occupancy non-suite rooms, the dormitory fee is about NT$7,210 per semester. In addition, there is a one-time deposit of NT$1,600, prepaid electricity of about NT$1,500 for the first semester and about NT$500 for the second semester, and a separate internet fee of NT$1,000 per semester.', '33,000 (3,500 ~ 5,500 per month)  Computer lab fee  Bachelor 1,155 / Master 460 per semester  only pay for it in the first year (two semesters)  Living Expenses  around 54,000 (9,000 per month)  *Actual expenses depend on consumption habits of each person.  Currency Unit: NT (NT$31.40=US$1)  based on the rate on 2026/12/29      10                                03  Accommodation Accommodation    11     1. On-campus accommodation is guaranteed for international students. The first- year-students don’t need to apply; the CCU Office of International Affairs will  arrange it for you . However, your dormitory room will be assigned ; you are  unable to choose your own rooms or roommates.  2. Your dormitory room is not equipped with mattress, pillow, and quilt.  3. Besides the dormitory fee, each one of you has to pay a residence deposit of  NT$1,600 and an electricity cha rge of NT$ 2,000, a total of NT$3, 600 (not  included in CCU scholarship). You will get an IC card saved with NT$1,000 to use  for the', '33,000 (3,500 ~ 5,500 per month)  Computer lab fee  Bachelor 1,155 / Master 460 per semester  only pay for it in the first year (two semesters)  Living Expenses  around 54,000 (9,000 per month)  *Actual expenses depend on consumption habits of each person.  Currency Unit: NT (NT$31.40=US$1)  based on the rate on 2026/12/29      10                                03  Accommodation Accommodation    11     1. On-campus accommodation is guaranteed for international students. The first- year-students don’t need to apply; the CCU Office of International Affairs will  arrange it for you . However, your dormitory room will be assigned ; you are  unable to choose your own rooms or roommates.  2. Your dormitory room is not equipped with mattress, pillow, and quilt.  3. Besides the dormitory fee, each one of you has to pay a residence deposit of  NT$1,600 and an electricity cha rge of NT$ 2,000, a total of NT$3, 600 (not  included in CCU scholarship). You will get an IC card saved with NT$1,000 to use  for the']","Sorry, I am not sure about it. Maybe you could turn to OIA for help.",0.0,0.0,0.0,Llama3.1
What MRT stations at Taoyuan Airport should students board from to reach HSR Taoyuan Station?,"['HSR Taoyuan to HSR Chiayi Board at HSR Taoyuan Station ，Get off at HSR Chiayi Station You can buy HSR tickets on-site at the station or book online :    👉 https://en.thsrc.com.tw/  🚇  HSR Chiayi Station to CCU (BUS:Route 106) Board at HSR Chiayi Station ，Get off at CCU To check bus routes, schedules, and real-time info, visit: https://www.taiwanbus.tw/eBUSPage/Query/QueryResult.as px?rno=07460&rn=1669878703021&lan=E 1.Take MRT (Red Line) → From Kaohsiung Airport Station (R4)    →  Zuoying Station (R16) 2.Take Taiwan High-Speed Rail (HSR)（ ~ 30 minutes/NT$410 ） From HSR Zuoying →  to HSR Chiayi 3.From HSR Chiayi Station to CCU: Option 1: Taxi (~25 minutes / ~BELOW NT$1,000) Option 2: Bus (Route 106)(~1 hour 20 minutes / ~NT$120) 2.FROM KAOHSIUNG AIRPORT (KHH) TO CCU STEPS:🚇  Kaohsiung Airport MRT( ~30 minutes/ ~NT$35) Board at Kaohsiung International Airport (R4)  Get off at Zuoying（ R16) 🚇  HSR Zuoying to HSR Chiayi Board at HSR Zuoying Station ，Get off at HSR Chiayi Station You can buy HSR tickets on-site', 'HSR Taoyuan to HSR Chiayi Board at HSR Taoyuan Station ，Get off at HSR Chiayi Station You can buy HSR tickets on-site at the station or book online :    👉 https://en.thsrc.com.tw/  🚇  HSR Chiayi Station to CCU (BUS:Route 106) Board at HSR Chiayi Station ，Get off at CCU To check bus routes, schedules, and real-time info, visit: https://www.taiwanbus.tw/eBUSPage/Query/QueryResult.as px?rno=07460&rn=1669878703021&lan=E 1.Take MRT (Red Line) → From Kaohsiung Airport Station (R4)    →  Zuoying Station (R16) 2.Take Taiwan High-Speed Rail (HSR)（ ~ 30 minutes/NT$410 ） From HSR Zuoying →  to HSR Chiayi 3.From HSR Chiayi Station to CCU: Option 1: Taxi (~25 minutes / ~BELOW NT$1,000) Option 2: Bus (Route 106)(~1 hour 20 minutes / ~NT$120) 2.FROM KAOHSIUNG AIRPORT (KHH) TO CCU STEPS:🚇  Kaohsiung Airport MRT( ~30 minutes/ ~NT$35) Board at Kaohsiung International Airport (R4)  Get off at Zuoying（ R16) 🚇  HSR Zuoying to HSR Chiayi Board at HSR Zuoying Station ，Get off at HSR Chiayi Station You can buy HSR tickets on-site', 'HSR Taoyuan to HSR Chiayi Board at HSR Taoyuan Station ，Get off at HSR Chiayi Station You can buy HSR tickets on-site at the station or book online :    👉 https://en.thsrc.com.tw/  🚇  HSR Chiayi Station to CCU (BUS:Route 106) Board at HSR Chiayi Station ，Get off at CCU To check bus routes, schedules, and real-time info, visit: https://www.taiwanbus.tw/eBUSPage/Query/QueryResult.as px?rno=07460&rn=1669878703021&lan=E 1.Take MRT (Red Line) → From Kaohsiung Airport Station (R4)    →  Zuoying Station (R16) 2.Take Taiwan High-Speed Rail (HSR)（ ~ 30 minutes/NT$410 ） From HSR Zuoying →  to HSR Chiayi 3.From HSR Chiayi Station to CCU: Option 1: Taxi (~25 minutes / ~BELOW NT$1,000) Option 2: Bus (Route 106)(~1 hour 20 minutes / ~NT$120) 2.FROM KAOHSIUNG AIRPORT (KHH) TO CCU STEPS:🚇  Kaohsiung Airport MRT( ~30 minutes/ ~NT$35) Board at Kaohsiung International Airport (R4)  Get off at Zuoying（ R16) 🚇  HSR Zuoying to HSR Chiayi Board at HSR Zuoying Station ，Get off at HSR Chiayi Station You can buy HSR tickets on-site']","To reach HSR Taoyuan Station from Taoyuan Airport MRT stations, you should board at the following stations:
 
 Board at: 
 Kaohsiung International Airport (R4)
 Get off at: 
 Zuoying (R16)",0.6666666666666666,0.9157459584382193,0.0,Llama3.1
Which MRT station should students get off at when traveling from Taoyuan Airport to the HSR station?,"['HSR Taoyuan to HSR Chiayi Board at HSR Taoyuan Station ，Get off at HSR Chiayi Station You can buy HSR tickets on-site at the station or book online :    👉 https://en.thsrc.com.tw/  🚇  HSR Chiayi Station to CCU (BUS:Route 106) Board at HSR Chiayi Station ，Get off at CCU To check bus routes, schedules, and real-time info, visit: https://www.taiwanbus.tw/eBUSPage/Query/QueryResult.as px?rno=07460&rn=1669878703021&lan=E 1.Take MRT (Red Line) → From Kaohsiung Airport Station (R4)    →  Zuoying Station (R16) 2.Take Taiwan High-Speed Rail (HSR)（ ~ 30 minutes/NT$410 ） From HSR Zuoying →  to HSR Chiayi 3.From HSR Chiayi Station to CCU: Option 1: Taxi (~25 minutes / ~BELOW NT$1,000) Option 2: Bus (Route 106)(~1 hour 20 minutes / ~NT$120) 2.FROM KAOHSIUNG AIRPORT (KHH) TO CCU STEPS:🚇  Kaohsiung Airport MRT( ~30 minutes/ ~NT$35) Board at Kaohsiung International Airport (R4)  Get off at Zuoying（ R16) 🚇  HSR Zuoying to HSR Chiayi Board at HSR Zuoying Station ，Get off at HSR Chiayi Station You can buy HSR tickets on-site', 'HSR Taoyuan to HSR Chiayi Board at HSR Taoyuan Station ，Get off at HSR Chiayi Station You can buy HSR tickets on-site at the station or book online :    👉 https://en.thsrc.com.tw/  🚇  HSR Chiayi Station to CCU (BUS:Route 106) Board at HSR Chiayi Station ，Get off at CCU To check bus routes, schedules, and real-time info, visit: https://www.taiwanbus.tw/eBUSPage/Query/QueryResult.as px?rno=07460&rn=1669878703021&lan=E 1.Take MRT (Red Line) → From Kaohsiung Airport Station (R4)    →  Zuoying Station (R16) 2.Take Taiwan High-Speed Rail (HSR)（ ~ 30 minutes/NT$410 ） From HSR Zuoying →  to HSR Chiayi 3.From HSR Chiayi Station to CCU: Option 1: Taxi (~25 minutes / ~BELOW NT$1,000) Option 2: Bus (Route 106)(~1 hour 20 minutes / ~NT$120) 2.FROM KAOHSIUNG AIRPORT (KHH) TO CCU STEPS:🚇  Kaohsiung Airport MRT( ~30 minutes/ ~NT$35) Board at Kaohsiung International Airport (R4)  Get off at Zuoying（ R16) 🚇  HSR Zuoying to HSR Chiayi Board at HSR Zuoying Station ，Get off at HSR Chiayi Station You can buy HSR tickets on-site', 'HSR Taoyuan to HSR Chiayi Board at HSR Taoyuan Station ，Get off at HSR Chiayi Station You can buy HSR tickets on-site at the station or book online :    👉 https://en.thsrc.com.tw/  🚇  HSR Chiayi Station to CCU (BUS:Route 106) Board at HSR Chiayi Station ，Get off at CCU To check bus routes, schedules, and real-time info, visit: https://www.taiwanbus.tw/eBUSPage/Query/QueryResult.as px?rno=07460&rn=1669878703021&lan=E 1.Take MRT (Red Line) → From Kaohsiung Airport Station (R4)    →  Zuoying Station (R16) 2.Take Taiwan High-Speed Rail (HSR)（ ~ 30 minutes/NT$410 ） From HSR Zuoying →  to HSR Chiayi 3.From HSR Chiayi Station to CCU: Option 1: Taxi (~25 minutes / ~BELOW NT$1,000) Option 2: Bus (Route 106)(~1 hour 20 minutes / ~NT$120) 2.FROM KAOHSIUNG AIRPORT (KHH) TO CCU STEPS:🚇  Kaohsiung Airport MRT( ~30 minutes/ ~NT$35) Board at Kaohsiung International Airport (R4)  Get off at Zuoying（ R16) 🚇  HSR Zuoying to HSR Chiayi Board at HSR Zuoying Station ，Get off at HSR Chiayi Station You can buy HSR tickets on-site']","To travel from Taoyuan Airport to the HSR station, you should get off at HSR Taoyuan Station. You can buy HSR tickets on-site at the station or book online at https://en.thsrc.com.tw/.",0.6666666666666666,0.8407738549086142,0.9999999999666667,Llama3.1
"How long does the HSR journey from Taoyuan to Chiayi take, and what is the approximate fare?","['HSR Taoyuan to HSR Chiayi Board at HSR Taoyuan Station ，Get off at HSR Chiayi Station You can buy HSR tickets on-site at the station or book online :    👉 https://en.thsrc.com.tw/  🚇  HSR Chiayi Station to CCU (BUS:Route 106) Board at HSR Chiayi Station ，Get off at CCU To check bus routes, schedules, and real-time info, visit: https://www.taiwanbus.tw/eBUSPage/Query/QueryResult.as px?rno=07460&rn=1669878703021&lan=E 1.Take MRT (Red Line) → From Kaohsiung Airport Station (R4)    →  Zuoying Station (R16) 2.Take Taiwan High-Speed Rail (HSR)（ ~ 30 minutes/NT$410 ） From HSR Zuoying →  to HSR Chiayi 3.From HSR Chiayi Station to CCU: Option 1: Taxi (~25 minutes / ~BELOW NT$1,000) Option 2: Bus (Route 106)(~1 hour 20 minutes / ~NT$120) 2.FROM KAOHSIUNG AIRPORT (KHH) TO CCU STEPS:🚇  Kaohsiung Airport MRT( ~30 minutes/ ~NT$35) Board at Kaohsiung International Airport (R4)  Get off at Zuoying（ R16) 🚇  HSR Zuoying to HSR Chiayi Board at HSR Zuoying Station ，Get off at HSR Chiayi Station You can buy HSR tickets on-site', 'HSR Taoyuan to HSR Chiayi Board at HSR Taoyuan Station ，Get off at HSR Chiayi Station You can buy HSR tickets on-site at the station or book online :    👉 https://en.thsrc.com.tw/  🚇  HSR Chiayi Station to CCU (BUS:Route 106) Board at HSR Chiayi Station ，Get off at CCU To check bus routes, schedules, and real-time info, visit: https://www.taiwanbus.tw/eBUSPage/Query/QueryResult.as px?rno=07460&rn=1669878703021&lan=E 1.Take MRT (Red Line) → From Kaohsiung Airport Station (R4)    →  Zuoying Station (R16) 2.Take Taiwan High-Speed Rail (HSR)（ ~ 30 minutes/NT$410 ） From HSR Zuoying →  to HSR Chiayi 3.From HSR Chiayi Station to CCU: Option 1: Taxi (~25 minutes / ~BELOW NT$1,000) Option 2: Bus (Route 106)(~1 hour 20 minutes / ~NT$120) 2.FROM KAOHSIUNG AIRPORT (KHH) TO CCU STEPS:🚇  Kaohsiung Airport MRT( ~30 minutes/ ~NT$35) Board at Kaohsiung International Airport (R4)  Get off at Zuoying（ R16) 🚇  HSR Zuoying to HSR Chiayi Board at HSR Zuoying Station ，Get off at HSR Chiayi Station You can buy HSR tickets on-site', 'HSR Taoyuan to HSR Chiayi Board at HSR Taoyuan Station ，Get off at HSR Chiayi Station You can buy HSR tickets on-site at the station or book online :    👉 https://en.thsrc.com.tw/  🚇  HSR Chiayi Station to CCU (BUS:Route 106) Board at HSR Chiayi Station ，Get off at CCU To check bus routes, schedules, and real-time info, visit: https://www.taiwanbus.tw/eBUSPage/Query/QueryResult.as px?rno=07460&rn=1669878703021&lan=E 1.Take MRT (Red Line) → From Kaohsiung Airport Station (R4)    →  Zuoying Station (R16) 2.Take Taiwan High-Speed Rail (HSR)（ ~ 30 minutes/NT$410 ） From HSR Zuoying →  to HSR Chiayi 3.From HSR Chiayi Station to CCU: Option 1: Taxi (~25 minutes / ~BELOW NT$1,000) Option 2: Bus (Route 106)(~1 hour 20 minutes / ~NT$120) 2.FROM KAOHSIUNG AIRPORT (KHH) TO CCU STEPS:🚇  Kaohsiung Airport MRT( ~30 minutes/ ~NT$35) Board at Kaohsiung International Airport (R4)  Get off at Zuoying（ R16) 🚇  HSR Zuoying to HSR Chiayi Board at HSR Zuoying Station ，Get off at HSR Chiayi Station You can buy HSR tickets on-site']",The HSR journey from Taoyuan to Chiayi takes approximately 30 minutes. The fare is NT$410.,1.0,0.9883433462808502,0.9999999999666667,Llama3.1
What are the two options for getting from HSR Chiayi Station to CCU?,"['Step 3: From THSR Chiayi Station, choose one of the following ways to reach CCU:\n- Option A: Taxi — Around NT$600. Most convenient, especially if you have luggage.\n- Option B: Bus 106 — Around NT$113. Board at the bus stop outside the HSR station and get off at the CCU stop.', 'After arriving at THSR Chiayi Station, you can go to CCU by taxi or bus. Both options are easy to use, so you can choose based on your time and budget.', 'YOUR GUIDE TO CCUWelcome to Taiwan! Your Guide to Reaching  National Chung Cheng University (CCU) ✈  For new international students  🧭  Step-by-step travel guide from Taiwan Airports to CCU  🎓  Let’s begin your journey!From Taoyuan Airport to CCU 1.FROM TAOYUAN AIRPORT (TPE)  TO CCU 2.FROM  KAOHSIUNG AIRPORT (KHH)  TO CCU1.Take MRT (Airport MRT) → From Terminal 1 (A12) / 2 (A13)  to     HSR Taoyuan Station (A18)  2.Take Taiwan High-Speed Rail (HSR)(~1 hour 20 minutes /NT$920) From HSR Taoyuan → to HSR Chiayi 3.From HSR Chiayi Station to CCU: Option 1: Taxi (~25 minutes / ~BELOW NT$1,000) Option 2: Bus (Route 106)(~1 hour 20 minutes / ~NT$120) 1.FROM TAOYUAN AIRPORT (TPE) TO CCU STEPS:🚇  Taoyuan Airport MRT( ~20 minutes/ ~NT$35) Board at Terminal 1 (A12) or Terminal 2 (A13) Get off at A18: HSR Taoyuan Station 🚇  HSR Taoyuan to HSR Chiayi Board at HSR Taoyuan Station ，Get off at HSR Chiayi Station You can buy HSR tickets on-site at the station or book online :    👉 https://en.thsrc.com.tw/  🚇  HSR Chiayi']","There are two options for getting from HSR Chiayi Station to CCU:
- Option A: Taxi — Around NT$600.
- Option B: Bus 106 — Around NT$113.",1.0,0.9428488703420458,0.9999999999666667,Llama3.1
"How long does Bus Route 106 take from HSR Chiayi Station to CCU, and what is the approximate fare?","['Step 1: National Chung Cheng University (CCU) to THSR Chiayi Station\n\n● Boarding Point (Bus): ""Activity Center Bus Shelter"". Take Taiwan Trip Route 106 (Towards THSR Chiayi Station).\n● Boarding Point (Taxi): ""Main Gate"" taxi stand. Take a taxi directly to the High Speed Rail station.\n● Fare: Bus approx. NT$ 60-80; Taxi approx. NT$ 600-800.', 'Step 1: National Chung Cheng University (CCU) to THSR Chiayi Station\n\n● Boarding Point (Bus): ""Activity Center Bus Shelter"". Take Taiwan Trip Route 106 (Towards THSR Chiayi Station).\n● Boarding Point (Taxi): ""Main Gate"" taxi stand. Take a taxi directly to the High Speed Rail station.\n● Fare: Bus approx. NT$ 60-80; Taxi approx. NT$ 600-800.', '- Taxi: Around NT$600. This is convenient if you have heavy luggage.\n- Bus 106: Around NT$113. Board at the bus stop outside the HSR station and get off at the CCU stop.']",The bus route from HSR Chiayi Station to CCU is Taiwan Trip Route 106. The journey takes around NT$113. Board at the bus stop outside the HSR station and get off at the CCU stop.,0.75,0.8561081430091889,0.3333333333,Llama3.1
Which MRT line and stations should students use to travel from Kaohsiung Airport to the HSR station?,"['HSR Taoyuan to HSR Chiayi Board at HSR Taoyuan Station ，Get off at HSR Chiayi Station You can buy HSR tickets on-site at the station or book online :    👉 https://en.thsrc.com.tw/  🚇  HSR Chiayi Station to CCU (BUS:Route 106) Board at HSR Chiayi Station ，Get off at CCU To check bus routes, schedules, and real-time info, visit: https://www.taiwanbus.tw/eBUSPage/Query/QueryResult.as px?rno=07460&rn=1669878703021&lan=E 1.Take MRT (Red Line) → From Kaohsiung Airport Station (R4)    →  Zuoying Station (R16) 2.Take Taiwan High-Speed Rail (HSR)（ ~ 30 minutes/NT$410 ） From HSR Zuoying →  to HSR Chiayi 3.From HSR Chiayi Station to CCU: Option 1: Taxi (~25 minutes / ~BELOW NT$1,000) Option 2: Bus (Route 106)(~1 hour 20 minutes / ~NT$120) 2.FROM KAOHSIUNG AIRPORT (KHH) TO CCU STEPS:🚇  Kaohsiung Airport MRT( ~30 minutes/ ~NT$35) Board at Kaohsiung International Airport (R4)  Get off at Zuoying（ R16) 🚇  HSR Zuoying to HSR Chiayi Board at HSR Zuoying Station ，Get off at HSR Chiayi Station You can buy HSR tickets on-site', 'HSR Taoyuan to HSR Chiayi Board at HSR Taoyuan Station ，Get off at HSR Chiayi Station You can buy HSR tickets on-site at the station or book online :    👉 https://en.thsrc.com.tw/  🚇  HSR Chiayi Station to CCU (BUS:Route 106) Board at HSR Chiayi Station ，Get off at CCU To check bus routes, schedules, and real-time info, visit: https://www.taiwanbus.tw/eBUSPage/Query/QueryResult.as px?rno=07460&rn=1669878703021&lan=E 1.Take MRT (Red Line) → From Kaohsiung Airport Station (R4)    →  Zuoying Station (R16) 2.Take Taiwan High-Speed Rail (HSR)（ ~ 30 minutes/NT$410 ） From HSR Zuoying →  to HSR Chiayi 3.From HSR Chiayi Station to CCU: Option 1: Taxi (~25 minutes / ~BELOW NT$1,000) Option 2: Bus (Route 106)(~1 hour 20 minutes / ~NT$120) 2.FROM KAOHSIUNG AIRPORT (KHH) TO CCU STEPS:🚇  Kaohsiung Airport MRT( ~30 minutes/ ~NT$35) Board at Kaohsiung International Airport (R4)  Get off at Zuoying（ R16) 🚇  HSR Zuoying to HSR Chiayi Board at HSR Zuoying Station ，Get off at HSR Chiayi Station You can buy HSR tickets on-site', 'HSR Taoyuan to HSR Chiayi Board at HSR Taoyuan Station ，Get off at HSR Chiayi Station You can buy HSR tickets on-site at the station or book online :    👉 https://en.thsrc.com.tw/  🚇  HSR Chiayi Station to CCU (BUS:Route 106) Board at HSR Chiayi Station ，Get off at CCU To check bus routes, schedules, and real-time info, visit: https://www.taiwanbus.tw/eBUSPage/Query/QueryResult.as px?rno=07460&rn=1669878703021&lan=E 1.Take MRT (Red Line) → From Kaohsiung Airport Station (R4)    →  Zuoying Station (R16) 2.Take Taiwan High-Speed Rail (HSR)（ ~ 30 minutes/NT$410 ） From HSR Zuoying →  to HSR Chiayi 3.From HSR Chiayi Station to CCU: Option 1: Taxi (~25 minutes / ~BELOW NT$1,000) Option 2: Bus (Route 106)(~1 hour 20 minutes / ~NT$120) 2.FROM KAOHSIUNG AIRPORT (KHH) TO CCU STEPS:🚇  Kaohsiung Airport MRT( ~30 minutes/ ~NT$35) Board at Kaohsiung International Airport (R4)  Get off at Zuoying（ R16) 🚇  HSR Zuoying to HSR Chiayi Board at HSR Zuoying Station ，Get off at HSR Chiayi Station You can buy HSR tickets on-site']","To travel from Kaohsiung Airport to the HSR station, take the MRT (Red Line) from Kaohsiung Airport Station (R4) to Zuoying Station (R16). Then, take the Taiwan High-Speed Rail (HSR) from HSR Zuoying to HSR Chiayi.",1.0,0.8645268310686043,0.9999999999666667,Llama3.1
"How long does the Kaohsiung Airport MRT ride to Zuoying Station take, and what is the approximate fare?","['Method 1: Kaohsiung MRT → High-Speed Rail → CCU (fastest and most reliable)\nStep 1: Take the Kaohsiung MRT Red Line from Kaohsiung International Airport Station (R4) to Zuoying Station (R16). The fare is around NT$50. After arriving at Zuoying, walk directly to THSR Zuoying Station.\nStep 2: Take the High-Speed Rail from THSR Zuoying to THSR Chiayi Station. The fare is around NT$410.\nStep 3: From THSR Chiayi Station, choose one of the following ways to reach CCU:', 'Step 2: THSR Chiayi Station to THSR Zuoying Station\n\n● Route: Take a Southbound THSR train to Zuoying Station.\n● Fare: Approx. NT$ 410.\n\nStep 3: THSR Zuoying Station to Kaohsiung International Airport (KHH)\n\n● Route: Transfer to Kaohsiung MRT Red Line (Towards Siaogang). Alight at ""R4 Kaohsiung International Airport"".\n● Fare: NT$ 50.', 'Step 1: Kaohsiung International Airport (KHH) to THSR Zuoying Station\n\n● Boarding Point: MRT ""R4 Kaohsiung International Airport"" Station (B1/B2).\n● Route: Take the Kaohsiung MRT Red Line (Towards Gangshan) to ""R16 Zuoying Station"".\n● Fare: NT$ 50.\n\nStep 2: THSR Zuoying Station to THSR Chiayi Station\n\n● Route: Take a Northbound THSR train to Chiayi Station.\n● Fare: Approx. NT$ 410.']",The Kaohsiung Airport MRT ride to Zuoying Station takes approximately 30 minutes. The fare is around NT$50.,0.5,0.9872154168373258,0.8333333332916666,Llama3.1
"How long does the HSR journey from Zuoying to Chiayi take, and what is the approximate fare?","['HSR Taoyuan to HSR Chiayi Board at HSR Taoyuan Station ，Get off at HSR Chiayi Station You can buy HSR tickets on-site at the station or book online :    👉 https://en.thsrc.com.tw/  🚇  HSR Chiayi Station to CCU (BUS:Route 106) Board at HSR Chiayi Station ，Get off at CCU To check bus routes, schedules, and real-time info, visit: https://www.taiwanbus.tw/eBUSPage/Query/QueryResult.as px?rno=07460&rn=1669878703021&lan=E 1.Take MRT (Red Line) → From Kaohsiung Airport Station (R4)    →  Zuoying Station (R16) 2.Take Taiwan High-Speed Rail (HSR)（ ~ 30 minutes/NT$410 ） From HSR Zuoying →  to HSR Chiayi 3.From HSR Chiayi Station to CCU: Option 1: Taxi (~25 minutes / ~BELOW NT$1,000) Option 2: Bus (Route 106)(~1 hour 20 minutes / ~NT$120) 2.FROM KAOHSIUNG AIRPORT (KHH) TO CCU STEPS:🚇  Kaohsiung Airport MRT( ~30 minutes/ ~NT$35) Board at Kaohsiung International Airport (R4)  Get off at Zuoying（ R16) 🚇  HSR Zuoying to HSR Chiayi Board at HSR Zuoying Station ，Get off at HSR Chiayi Station You can buy HSR tickets on-site', 'HSR Taoyuan to HSR Chiayi Board at HSR Taoyuan Station ，Get off at HSR Chiayi Station You can buy HSR tickets on-site at the station or book online :    👉 https://en.thsrc.com.tw/  🚇  HSR Chiayi Station to CCU (BUS:Route 106) Board at HSR Chiayi Station ，Get off at CCU To check bus routes, schedules, and real-time info, visit: https://www.taiwanbus.tw/eBUSPage/Query/QueryResult.as px?rno=07460&rn=1669878703021&lan=E 1.Take MRT (Red Line) → From Kaohsiung Airport Station (R4)    →  Zuoying Station (R16) 2.Take Taiwan High-Speed Rail (HSR)（ ~ 30 minutes/NT$410 ） From HSR Zuoying →  to HSR Chiayi 3.From HSR Chiayi Station to CCU: Option 1: Taxi (~25 minutes / ~BELOW NT$1,000) Option 2: Bus (Route 106)(~1 hour 20 minutes / ~NT$120) 2.FROM KAOHSIUNG AIRPORT (KHH) TO CCU STEPS:🚇  Kaohsiung Airport MRT( ~30 minutes/ ~NT$35) Board at Kaohsiung International Airport (R4)  Get off at Zuoying（ R16) 🚇  HSR Zuoying to HSR Chiayi Board at HSR Zuoying Station ，Get off at HSR Chiayi Station You can buy HSR tickets on-site', 'HSR Taoyuan to HSR Chiayi Board at HSR Taoyuan Station ，Get off at HSR Chiayi Station You can buy HSR tickets on-site at the station or book online :    👉 https://en.thsrc.com.tw/  🚇  HSR Chiayi Station to CCU (BUS:Route 106) Board at HSR Chiayi Station ，Get off at CCU To check bus routes, schedules, and real-time info, visit: https://www.taiwanbus.tw/eBUSPage/Query/QueryResult.as px?rno=07460&rn=1669878703021&lan=E 1.Take MRT (Red Line) → From Kaohsiung Airport Station (R4)    →  Zuoying Station (R16) 2.Take Taiwan High-Speed Rail (HSR)（ ~ 30 minutes/NT$410 ） From HSR Zuoying →  to HSR Chiayi 3.From HSR Chiayi Station to CCU: Option 1: Taxi (~25 minutes / ~BELOW NT$1,000) Option 2: Bus (Route 106)(~1 hour 20 minutes / ~NT$120) 2.FROM KAOHSIUNG AIRPORT (KHH) TO CCU STEPS:🚇  Kaohsiung Airport MRT( ~30 minutes/ ~NT$35) Board at Kaohsiung International Airport (R4)  Get off at Zuoying（ R16) 🚇  HSR Zuoying to HSR Chiayi Board at HSR Zuoying Station ，Get off at HSR Chiayi Station You can buy HSR tickets on-site']",The HSR journey from Zuoying to Chiayi takes approximately 30 minutes. The fare is NT$410.,1.0,0.9891942886805382,0.9999999999666667,Llama3.1
Where can students buy HSR tickets when traveling to CCU?,"[""Board at Kaohsiung International Airport (R4)  Get off at Zuoying（ R16) 🚇  HSR Zuoying to HSR Chiayi Board at HSR Zuoying Station ，Get off at HSR Chiayi Station You can buy HSR tickets on-site at the station or book online :    👉 https://en.thsrc.com.tw/  🚇  HSR Chiayi Station to CCU (BUS:Route 106) Board at HSR Chiayi Station ，Get off at CCU To check bus routes, schedules, and real-time info, visit: https://www.taiwanbus.tw/eBUSPage/Query/QueryResult.as px?rno=07460&rn=1669878703021&lan=E R4 R16 That's all for today! See you on our next adventure!"", ""Board at Kaohsiung International Airport (R4)  Get off at Zuoying（ R16) 🚇  HSR Zuoying to HSR Chiayi Board at HSR Zuoying Station ，Get off at HSR Chiayi Station You can buy HSR tickets on-site at the station or book online :    👉 https://en.thsrc.com.tw/  🚇  HSR Chiayi Station to CCU (BUS:Route 106) Board at HSR Chiayi Station ，Get off at CCU To check bus routes, schedules, and real-time info, visit: https://www.taiwanbus.tw/eBUSPage/Query/QueryResult.as px?rno=07460&rn=1669878703021&lan=E R4 R16 That's all for today! See you on our next adventure!"", 'HSR Taoyuan to HSR Chiayi Board at HSR Taoyuan Station ，Get off at HSR Chiayi Station You can buy HSR tickets on-site at the station or book online :    👉 https://en.thsrc.com.tw/  🚇  HSR Chiayi Station to CCU (BUS:Route 106) Board at HSR Chiayi Station ，Get off at CCU To check bus routes, schedules, and real-time info, visit: https://www.taiwanbus.tw/eBUSPage/Query/QueryResult.as px?rno=07460&rn=1669878703021&lan=E 1.Take MRT (Red Line) → From Kaohsiung Airport Station (R4)    →  Zuoying Station (R16) 2.Take Taiwan High-Speed Rail (HSR)（ ~ 30 minutes/NT$410 ） From HSR Zuoying →  to HSR Chiayi 3.From HSR Chiayi Station to CCU: Option 1: Taxi (~25 minutes / ~BELOW NT$1,000) Option 2: Bus (Route 106)(~1 hour 20 minutes / ~NT$120) 2.FROM KAOHSIUNG AIRPORT (KHH) TO CCU STEPS:🚇  Kaohsiung Airport MRT( ~30 minutes/ ~NT$35) Board at Kaohsiung International Airport (R4)  Get off at Zuoying（ R16) 🚇  HSR Zuoying to HSR Chiayi Board at HSR Zuoying Station ，Get off at HSR Chiayi Station You can buy HSR tickets on-site']","You can buy HSR tickets on-site at the station or book online at https://en.thsrc.com.tw/. To get to CCU from HSR Chiayi Station, take bus Route 106. To check bus routes, schedules, and real-time info, visit https://www.taiwanbus.tw/eBUSPage/Query/QueryResult.aspx?rno=07460&rn=1669878703021&lan=E.",0.75,0.8021301577005433,0.9999999999666667,Llama3.1
What bus route runs between HSR Chiayi Station and CCU?,"['Step 3: From THSR Chiayi Station, choose one of the following ways to reach CCU:\n- Option A: Taxi — Around NT$600. Most convenient, especially if you have luggage.\n- Option B: Bus 106 — Around NT$113. Board at the bus stop outside the HSR station and get off at the CCU stop.', 'After arriving at THSR Chiayi Station, you can go to CCU by taxi or bus. Both options are easy to use, so you can choose based on your time and budget.', 'HSR Taoyuan to HSR Chiayi Board at HSR Taoyuan Station ，Get off at HSR Chiayi Station You can buy HSR tickets on-site at the station or book online :    👉 https://en.thsrc.com.tw/  🚇  HSR Chiayi Station to CCU (BUS:Route 106) Board at HSR Chiayi Station ，Get off at CCU To check bus routes, schedules, and real-time info, visit: https://www.taiwanbus.tw/eBUSPage/Query/QueryResult.as px?rno=07460&rn=1669878703021&lan=E 1.Take MRT (Red Line) → From Kaohsiung Airport Station (R4)    →  Zuoying Station (R16) 2.Take Taiwan High-Speed Rail (HSR)（ ~ 30 minutes/NT$410 ） From HSR Zuoying →  to HSR Chiayi 3.From HSR Chiayi Station to CCU: Option 1: Taxi (~25 minutes / ~BELOW NT$1,000) Option 2: Bus (Route 106)(~1 hour 20 minutes / ~NT$120) 2.FROM KAOHSIUNG AIRPORT (KHH) TO CCU STEPS:🚇  Kaohsiung Airport MRT( ~30 minutes/ ~NT$35) Board at Kaohsiung International Airport (R4)  Get off at Zuoying（ R16) 🚇  HSR Zuoying to HSR Chiayi Board at HSR Zuoying Station ，Get off at HSR Chiayi Station You can buy HSR tickets on-site']","To get to CCU from HSR Chiayi Station, you can take Bus 106. Board at the bus stop outside the HSR station and get off at the CCU stop. You can check bus routes, schedules, and real-time info at https://www.taiwanbus.tw/eBUSPage/Query/QueryResult.aspx?rno=07460&rn=1669878703021&lan=E.",1.0,0.9134828194758641,0.8333333332916666,Llama3.1
How many hours per week are international students in Taiwan allowed to work with a valid work permit during the semester?,"['CCU.  4. For more regulation, please refer to - Ministry of Labor Employment Service  Act   Registration  4.7 Guides for Part-time Jobs  OFF/ON Campus    24       IV. Other Related Regulations:  1. The status of international students in Taiwan should be in accordance  with the regulations of Ministry of Education.  2. According to the “Regulations on the Permission and Administration of  the Employment of Foreign Workers”, the applicants can apply for the  student work permit only if they are officially enrolled as a degree  student in any university or have taken one -year language course in  Taiwan.  3. The period validity of a work permit is six months at most.  4. For applications made in the Fall semester, the work permit is valid until  March 31st of the next semester; for applications made in the Spring  semester, the work permit is valid until September 30th of the same   year.  5. The maximum work hours are 20 hours per week , except during  summer and winter vacation.  6. Workforce Development', 'CCU.  4. For more regulation, please refer to - Ministry of Labor Employment Service  Act   Registration  4.7 Guides for Part-time Jobs  OFF/ON Campus    24       IV. Other Related Regulations:  1. The status of international students in Taiwan should be in accordance  with the regulations of Ministry of Education.  2. According to the “Regulations on the Permission and Administration of  the Employment of Foreign Workers”, the applicants can apply for the  student work permit only if they are officially enrolled as a degree  student in any university or have taken one -year language course in  Taiwan.  3. The period validity of a work permit is six months at most.  4. For applications made in the Fall semester, the work permit is valid until  March 31st of the next semester; for applications made in the Spring  semester, the work permit is valid until September 30th of the same   year.  5. The maximum work hours are 20 hours per week , except during  summer and winter vacation.  6. Workforce Development', 'regulation, please refer to - Ministry of Labor Employment Service  Act   Registration  4.7 Guides for Part-time Jobs  OFF/ON Campus    24       IV. Other Related Regulations:  1. The status of international students in Taiwan should be in accordance  with the regulations of Ministry of Education.  2. According to the “Regulations on the Permission and Administration of  the Employment of Foreign Workers”, the applicants can apply for the  student work permit only if they are officially enrolled as a degree  student in any university or have tak en one -year language course in  Taiwan.  3. The period validity of a work permit is six months at most.  4. For applications made in the Fall semester, the work permit is valid until  March 31st of the next semester; for applications made in the Spring  semester, the work permit is valid until September 30th of the same   year.  5. The maximum work hours are 20 hours per week , except during  summer and winter vacation.  6. Workforce Development Agency has the right']",The maximum work hours for international students in Taiwan with a valid work permit during the semester are 20 hours per week.,1.0,0.9720765626333735,0.9999999999666667,Llama3.1
How long must a foreign student studying a language course in Taiwan wait before applying for a work permit?,"['in Taiwan 來臺正式入學修習 科、系、所課程之 僑生、港澳生及外國留學生 ，入學後 即可申請，惟來臺學習語言課程 之外 國留學生，則須修業6個月以上，方可 提出申請。 Foreign and overseas compatriot students  or those from Macau and Hong Kong can  apply to work after officially enrolling on  courses  at  a college,  university  or  graduate  school  in Taiwan . However,   foreign students who study languages in  Taiwan can only file an application after  studying for a minimum of six months. 2. 申請方式： How to apply 工作許可有效期間最長為1年，工作時間每星期以20小時為限 (寒暑假除外) Work permits are valid for a', 'in Taiwan 來臺正式入學修習 科、系、所課程之 僑生、港澳生及外國留學生 ，入學後 即可申請，惟來臺學習語言課程 之外 國留學生，則須修業6個月以上，方可 提出申請。 Foreign and overseas compatriot students  or those from Macau and Hong Kong can  apply to work after officially enrolling on  courses  at  a college,  university  or  graduate  school  in Taiwan . However,   foreign students who study languages in  Taiwan can only file an application after  studying for a minimum of six months. 2. 申請方式： How to apply 工作許可有效期間最長為1年，工作時間每星期以20小時為限 (寒暑假除外) Work permits are valid for a', 'CCU.  4. For more regulation, please refer to - Ministry of Labor Employment Service  Act   Registration  4.7 Guides for Part-time Jobs  OFF/ON Campus    24       IV. Other Related Regulations:  1. The status of international students in Taiwan should be in accordance  with the regulations of Ministry of Education.  2. According to the “Regulations on the Permission and Administration of  the Employment of Foreign Workers”, the applicants can apply for the  student work permit only if they are officially enrolled as a degree  student in any university or have taken one -year language course in  Taiwan.  3. The period validity of a work permit is six months at most.  4. For applications made in the Fall semester, the work permit is valid until  March 31st of the next semester; for applications made in the Spring  semester, the work permit is valid until September 30th of the same   year.  5. The maximum work hours are 20 hours per week , except during  summer and winter vacation.  6. Workforce Development']","Foreign students who study languages in Taiwan can only file an application after studying for a minimum of six months. Therefore, they must wait for 6 months before applying for a work permit.",0.5,0.9224104521444962,0.9999999999666667,Llama3.1
What is the deadline for submitting an application for the CCU student emergency relief fund after an incident occurs?,"['Step 4: Pay attention to the application deadline. Claims can be filed within 2 years from the date of the accident. However, the university recommends allowing at least 30 days for processing and avoiding late submissions.', '(Wed.)  Deadline for submitting “Cut-off book for not participating in students  group insurance”  繳交「不參加學生團體保險切結書」截止日  2025.10.17 (Fri.) Standard of one-third school days.  學生申請休、退學退費上課達 1/3 基準日       CCU’s Calendar for Fall Semester 2025  國立中正大學 114 學年度第 1 學期行事曆     5   Date 日期 Event  行事  2025.10.25 (Sat.) Sports Day for the Celebration of CCU’s Anniversary 校慶運動會  2025.10.31 (Fri.)  Minor and double major application Cancellation.   放棄輔系、雙主修申請截止日  2025.11.03 (Mon.) ~  2025.11.9 (Sun.)  Midterm exam week 期中考週  2025.11.10(Mon.) ~  2025.12.08(Mon.)  Course drop-out application period for 2025 Fall semester 棄選申請  2025.11.28 (Fri.) Standard of two-thirds school days 學生申請休、退學退費上課達 2/3 基準日  2025.12.15 (Mon.)  Application for Graduate Students’ Degree Examination in Fall Semester  Ends.  第一學期研究生學位考試申請截止  2025.12.22 (Mon.)~  2025.12.26 (Fri.)  First course selection for Spring Semester 2026  第 2 學期第一階段選課  2025.12.22 (Mon.) ~  2025.12.28 (Sun.)  Instructors at CCU can arrange their classes to accommodate flexible', 'to CCU and we are looking forward to seeing you on campus soon.    Best regards,    Office of International Affairs  National Chung Cheng University        Welcome to CCU!          3    01  CCU’s Calendar  for  Spring Semester  2026  CCU’s Calendar for Spring Semester 2026 國立中正大學 114 學年度第 2 學期行事曆  4  The academic calendar for CCU(114 學年度行事曆) is available at this website.  https://oia.ccu.edu.tw/p/405-1008-63090,c1425.php?Lang=en  Date 日期 Event  行事  2026.02.20 (Mon.)  Spring semester begins 第 2 學期開始 Dormitory move-in day 學生宿舍進住日  2026.02.23 (Mon.) New Student Registration 新生註冊  2026.02.23 (Mon.) ~ 2026.03.06 (Fri.)  First Course Selection for New Students (including Special Programs) 新生(含專班)第一階段選課  2026.02.25 (Wed.) 2026 Spring welcome orientation for international students 新生說明會  2026.02.27 (Fri.) ~ 2026.02.28 (Sat.)  Peace Memorial Day (day off) 二二八和平紀念日(放假)  2026.03.16 (Mon.)  Deadline for Students to Submit ""Waiver of Student Group Insurance"" 繳交「不參加學生團體保險切結書」截止日  2026.04.01 (Wed.)  Deadline for']","Sorry, I am not sure about it. Maybe you could turn to OIA for help.",0.0,0.0,0.9999999999,Llama3.1
How much emergency relief can a CCU student receive if they are hospitalized for more than seven days due to injury or illness?,"['Students may borrow home-use audiovisual materials from the CCU Library, with a maximum of 4 items at a time. The loan period for these materials is 7 days.\n\nIf audiovisual materials are needed for student clubs or events and are approved by the relevant units, public-performance versions may also be borrowed according to library regulations.', 'Expenses  around 54,000 (9,000 per month)  *Actual expenses depend on consumption habits of each person.  Currency Unit: NT (NT$28.89=US$1)           based on the rate on 2025/7/03      10                                03  Accommodation Accommodation    11     1. On-campus accommodation is guaranteed for international students. The first- year-students don’t need to apply; the CCU Office of International Affairs will  arrange it for you . However, your dormitory room will be assigned ; you are  unable to choose your own rooms or roommates.  2. Your dormitory room is not equipped with mattress, pillow, and quilt.  3. Besides the dormitory fee, each one of  you has to pay a residence deposit of  NT$1,600 and an electricity cha rge of NT$ 2,000, a total of NT$3, 600 (not  included in CCU scholarship). You will get an IC card saved with NT$1,000 to use  for the electricity cost of your room. If the amount of NT$1,000 runs out, you  should go to the Dormitory Service Center, with your card & money, to recharge', 'items, specifically  the ""Residence or Settlement Health Check-up Items Form”.  You can find two kinds of form in handbook or the website.    Information for   Health Examination    52              6. Further Details:   For more information, please refer to the Health and Welfare Section\'s  webpage or follow their Facebook/Instagram.       Information for   Health Examination    53            On-campus health Examination    What When Remark  Do a health check to  complete the CCU  student Health  Examination  114.09.03 (Wed)  09:00-10:00    * Please come before  10:00.  Mandatory for every new student  Fees: NTD$630    Documents required:  ⚫ Your passport  ⚫ CCU student Health Examination form    If you miss the health check that we arrange  on campus, you must go to the hospital by  yourself. The fees will be more expensive.      Health Check-up Instructions  1. Please be sure to bring the health check-up form and fill out the self-reported  sections on the front. For the 3 days prior to the check-up,']","Sorry, I am not sure about it. Maybe you could turn to OIA for help.",0.0,0.0,0.0,Llama3.1
Can a student apply for the CCU emergency relief fund if they have already received emergency assistance from another government program?,"['The Student Group Insurance at National Chung Cheng University is a group insurance plan that provides basic coverage for enrolled students. As long as you have student status at CCU, including students on leave, you may choose to enroll voluntarily. Enrollment is not mandatory, but the university encourages participation to ensure students have basic financial protection in case of accidents or hospitalization.', 'In emergency situations where you receive treatment at a non-NHI-contracted hospital, you may apply for reimbursement afterward according to NHI regulations.', ""supplementary tests on-site at  the on-campus check-up.   ✓ If you are unable to attend the on-campus check-up, please submit (or mail)  the documents to the Health and Welfare Section directly. Please do not  send them to other offices , as health check -up reports contain sensitive  personal information, and the schoo l will not be responsible for any data  leaks or loss during the process.   5. Fasting Requirement:   Before going to the off -campus hospital, please ask the hospital's check -up  department whether fasting is required, as this could affect the check -up  process.            Information for   Health Examination    56          Health Examination for CCU and ARC  In order to follow government policy, after you register in CCU, you have to  go to the hospital to do your health examination as soon as possible and  provide the health examination report to the Health Center of C CU. Also, in  order to apply for ARC , you must provide your health examination report.  Please complete both health""]","Sorry, I am not sure about it. Maybe you could turn to OIA for help.",0.0,0.0,0.0,Llama3.1
How many working days does it take for the Taiwan Workforce Development Agency to review a work permit application?,"['regulation, please refer to - Ministry of Labor Employment Service  Act   Registration  4.7 Guides for Part-time Jobs  OFF/ON Campus    24       IV. Other Related Regulations:  1. The status of international students in Taiwan should be in accordance  with the regulations of Ministry of Education.  2. According to the “Regulations on the Permission and Administration of  the Employment of Foreign Workers”, the applicants can apply for the  student work permit only if they are officially enrolled as a degree  student in any university or have tak en one -year language course in  Taiwan.  3. The period validity of a work permit is six months at most.  4. For applications made in the Fall semester, the work permit is valid until  March 31st of the next semester; for applications made in the Spring  semester, the work permit is valid until September 30th of the same   year.  5. The maximum work hours are 20 hours per week , except during  summer and winter vacation.  6. Workforce Development Agency has the right', 'CCU.  4. For more regulation, please refer to - Ministry of Labor Employment Service  Act   Registration  4.7 Guides for Part-time Jobs  OFF/ON Campus    24       IV. Other Related Regulations:  1. The status of international students in Taiwan should be in accordance  with the regulations of Ministry of Education.  2. According to the “Regulations on the Permission and Administration of  the Employment of Foreign Workers”, the applicants can apply for the  student work permit only if they are officially enrolled as a degree  student in any university or have taken one -year language course in  Taiwan.  3. The period validity of a work permit is six months at most.  4. For applications made in the Fall semester, the work permit is valid until  March 31st of the next semester; for applications made in the Spring  semester, the work permit is valid until September 30th of the same   year.  5. The maximum work hours are 20 hours per week , except during  summer and winter vacation.  6. Workforce Development', 'CCU.  4. For more regulation, please refer to - Ministry of Labor Employment Service  Act   Registration  4.7 Guides for Part-time Jobs  OFF/ON Campus    24       IV. Other Related Regulations:  1. The status of international students in Taiwan should be in accordance  with the regulations of Ministry of Education.  2. According to the “Regulations on the Permission and Administration of  the Employment of Foreign Workers”, the applicants can apply for the  student work permit only if they are officially enrolled as a degree  student in any university or have taken one -year language course in  Taiwan.  3. The period validity of a work permit is six months at most.  4. For applications made in the Fall semester, the work permit is valid until  March 31st of the next semester; for applications made in the Spring  semester, the work permit is valid until September 30th of the same   year.  5. The maximum work hours are 20 hours per week , except during  summer and winter vacation.  6. Workforce Development']","Sorry, I am not sure about it. Maybe you could turn to OIA for help.",0.0,0.0,0.0,Llama3.1
Through which online platform can employers submit a work permit application for foreign students in Taiwan?,"['1. 適用對象：Applicable to 3. 許可期間、工讀時數：      Permitted work time with a valid work permit 僑外生申請工作許可，應採線上申辦，經由「外國專業人員工 作許可申辦網」(https://ezwp.wda.gov.tw) 提出申請 Foreign and Overseas  Compatriot  students  can apply for a work  permit online through the “Work permit for foreign professional worker  portal” at (https://ezwp.wda.gov.tw) 一、僑外生就學期間工讀          Foreign Students Working While Studying in Taiwan 來臺正式入學修習 科、系、所課程之 僑生、港澳生及外國留學生 ，入學後 即可申請，惟來臺學習語言課程 之外 國留學生，則須修業6個月以上，方可 提出申請。 Foreign and overseas compatriot', '1. 適用對象：Applicable to 3. 許可期間、工讀時數：      Permitted work time with a valid work permit 僑外生申請工作許可，應採線上申辦，經由「外國專業人員工 作許可申辦網」(https://ezwp.wda.gov.tw) 提出申請 Foreign and Overseas  Compatriot  students  can apply for a work  permit online through the “Work permit for foreign professional worker  portal” at (https://ezwp.wda.gov.tw) 一、僑外生就學期間工讀          Foreign Students Working While Studying in Taiwan 來臺正式入學修習 科、系、所課程之 僑生、港澳生及外國留學生 ，入學後 即可申請，惟來臺學習語言課程 之外 國留學生，則須修業6個月以上，方可 提出申請。 Foreign and overseas compatriot', '● 雇主於「外國專業人員工作許可申辦網」提出申請 Employer submit application through Online application system (https://ezwp.wda.gov.tw).  ● 自勞動部收受案件次日起７個工作日審核完成 Complete reviewing in 7 working days(counting from the day after the application has been received.) ● 申辦網首頁備有中英文版操作手冊及教學影片等連結 User manual and demo video are available on the homepage of the website. ◆ 網路申辦 Application submitted online 外國專業人員工作許可—諮詢電話 Foreign Professional Work Permit Service Line (Workforce Development Agency) 02-8995-6000 四、申請工作許可的方式 Ways to Apply 36申辦網入口 https://ezwp.wda.gov.tw ◆ 外國專業人員工作許可申辦網 EZ Work Permit 資料來源:勞動部外國專業人員工作許可申辦網 四、申請工作許可的方式 Ways to Apply 37四、申請工作許可的方式 Ways to Apply ◆ 外國專業人員工作許可申辦網 EZ Work Permit 38http://ezworktaiwan.wda.gov.tw/ 畢業僑外生留臺工作 Overseas Chinese or  Foreign Student  Graduated in R.O.C. to  work in Taiwan 外國專業人員工作許可查詢及文件下載資訊 Foreign Professional Work Permit information and related  documents  提供中文/英文版本 Chinese/English version ◆ 勞動部：外國人在臺工作服務網 資料來源:勞動部外國人在臺工作服務網 Ministry of Labor: EZ Work Taiwan 五、更多相關資訊 More Relevant Information']","Employers can submit a work permit application for foreign students in Taiwan through the ""Work permit for foreign professional worker portal"" at https://ezwp.wda.gov.tw.",1.0,0.8940817020087612,0.9999999999666667,Llama3.1
When must an employed international student in Taiwan start participating in NHI?,"['Newly arrived international students or overseas Chinese students must have resided in Taiwan continuously for six months before becoming eligible to join NHI.\n\nThe six-month period is calculated from the date the residence permit is issued. During this period, you may leave Taiwan only once, and the total number of days abroad must not exceed 29 days in total.', 'to apply for either one of them. Please refer to the following website for  details: https://www.nhi.gov.tw/en/mp-2.html    I. Short-term Medical and Injury Insurance  According to Article 21 of the MOE Regulations Regarding International Students  Undertaking Studies in Taiwan, ""At the time of registration a new international student  shall present proof of a medical and injury insurance policy which is valid for at least 6  months from the date the student enters Taiwan. Current student shall present written  proof that they have jo ined Taiwan’s the National Health Insurance Plan. The above- mentioned written proof of insurance issued in foreign country shall be verified by the  ‘Overseas Agencies’.”  Since you can only get NHI after 6 months of your arrival, in order to safeguard your right  to health care during the first 6 months, we help you get medical insurance at first that  can cover your medical procedures in Taiwan.    II. National Health Insurance (NHI)  It is necessary to apply National Health', 'to apply for either one of them. Please refer to the following website for  details: https://www.nhi.gov.tw/en/mp-2.html    I. Short-term Medical and Injury Insurance  According to Article 21 of the MOE Regulations Regarding International Students  Undertaking Studies in Taiwan, ""At the time of registration a new international student  shall present proof of a medical and injury insurance policy which is valid for at least 6  months from the date the student enters Taiwan. Current student shall present written  proof that they have jo ined Taiwan’s the National Health Insurance Plan. The above- mentioned written proof of insurance issued in foreign country shall be verified by the  ‘Overseas Agencies’.”  Since you can only get NHI after 6 months of your arrival, in order to safeguard your right  to health care during the first 6 months, we help you get medical insurance at first that  can cover your medical procedures in Taiwan.    II. National Health Insurance (NHI)  It is necessary to apply National Health']","According to the regulations, an employed international student in Taiwan must start participating in NHI after residing in Taiwan continuously for six months. The six-month period is calculated from the date the residence permit is issued. During this period, you may leave Taiwan only once, and the total number of days abroad must not exceed 29 days in total.",1.0,0.9578695629785519,0.9999999999666667,Llama3.1
How much is the monthly NHI self-payment amount for a regular international (foreign) student in Taiwan?,"['The current NHI premium for international students is NT$826 per month.\n\nThe school will include the premium in your semester tuition and fees bill, which you pay during registration.\n\nFor the first semester, premiums are charged from September to February of the following year. For the second semester, premiums are charged from March to August.', 'don’t have NHI card) /  (826*6 months, for new students who have NHI card already)  Rent   a    room  On-campus  Accommodation Fee : 7,530  (Deposit 1,600 & Electricity Fees  2,000 per semester)  Accommodation Fee :  7,210 / 10,130  (Including Winter Vacation 1,100  / Summer Vacation 2,900 in the  payment sheet per semester)  (Deposit 1,600 & Electricity  Fees 2,000 per semester)  Winter Vacation : 1,130  (Deposit 600 & Electricity Fees 500)  Summer Vacation : 3,000  (Deposit 1,000 & Electricity Fees 1,000)  Network connection fees: 1,000  (per semester for on-campus dormitory)  300  (Fees for living in the dormitory during the Chinese New Year period)  Off-campus 21,000 ~ 33,000 (3,500 ~ 5,500 per month)  Computer lab fee  Bachelor 1,155 / Master 460 per semester  only pay for it in the first year (two semesters)  Living Expenses  around 54,000 (9,000 per month)  *Actual expenses depend on consumption habits of each person.  Currency Unit: NT (NT$28.89=US$1)           based on the rate on 2025/7/03      10', '(Except for Department of  Psychology/Communications/Information  Management/Athletic Sports)      30,400      17,854      48,254  For undergraduate students who delay their study period or graduate students who enroll  from the 5th  to the last semesters, they shall pay the miscellaneous fees 20,106 and the credit  fees (3,015 per credit) with no more than 9 credits; if they take 10 credits and more then  they  shall pay for the total tuition and miscellaneous fees.    Currency Unit: NT (NT$28.89=US$1)  based on the rate on 2025/7/03          Pre-departure Checklist  2.2 Estimated Fees and Expenses  (per semester)    9           Item Undergraduate Students Graduate Students  Student Insurance Plan 313    Cathay Medical Insurance /  National Health Insurance  3,000 / 4,956  (500*6 months, for new students who don’t have NHI card) /  (826*6 months, for new students who have NHI card already)  Rent   a    room  On-campus  Accommodation Fee : 7,530  (Deposit 1,600 & Electricity Fees  2,000 per semester)']",The monthly NHI self-payment amount for a regular international (foreign) student in Taiwan is NT$826.,1.0,0.9982846688614094,0.9999999999666667,Llama3.1
What percentage of the NHI premium does the Ministry of Health and Welfare subsidize for international students?,"['The current NHI premium for international students is NT$826 per month.\n\nThe school will include the premium in your semester tuition and fees bill, which you pay during registration.\n\nFor the first semester, premiums are charged from September to February of the following year. For the second semester, premiums are charged from March to August.', 'Sports    34,200    20,085    54,285  College of Management  (Except for Department of Information  Management)    31,033    18,226    49,259  Other Colleges  (Except for Department of  Psychology/Communications/Information  Management/Athletic Sports)      30,400      17,854      48,254  For undergraduate students who delay their study period or graduate students who enroll  from the 5th  to the last semesters, they shall pay the miscellaneous fees 20,106 and the credit  fees (3,015 per credit) with no more than 9 credits; if they take 10 credits and more then  they  shall pay for the total tuition and miscellaneous fees.    Currency Unit: NT (NT$31.40=US$1)  based on the rate on 2026/12/29          Pre-departure Checklist  2.2 Estimated Fees and Expenses  (per semester)    9           Item Undergraduate Students Graduate Students  Student Insurance Plan 313    Cathay Medical Insurance /  National Health Insurance  3,000 / 4,956  (500*6 months, for new students who don’t have NHI card) /  (826*6 months, for', '(Except for Department of  Psychology/Communications/Information  Management/Athletic Sports)      30,400      17,854      48,254  For undergraduate students who delay their study period or graduate students who enroll  from the 5th  to the last semesters, they shall pay the miscellaneous fees 20,106 and the credit  fees (3,015 per credit) with no more than 9 credits; if they take 10 credits and more then  they  shall pay for the total tuition and miscellaneous fees.    Currency Unit: NT (NT$28.89=US$1)  based on the rate on 2025/7/03          Pre-departure Checklist  2.2 Estimated Fees and Expenses  (per semester)    9           Item Undergraduate Students Graduate Students  Student Insurance Plan 313    Cathay Medical Insurance /  National Health Insurance  3,000 / 4,956  (500*6 months, for new students who don’t have NHI card) /  (826*6 months, for new students who have NHI card already)  Rent   a    room  On-campus  Accommodation Fee : 7,530  (Deposit 1,600 & Electricity Fees  2,000 per semester)']","Sorry, I am not sure about it. Maybe you could turn to OIA for help.",0.0,0.0,0.0,Llama3.1
Who is responsible for applying for the NHI card on behalf of a newly enrolled international student for the first time?,"['Once you are eligible, the university will assist you with the NHI application.\n\nThe Office of Student Affairs will notify you by email and ask you to provide your residence permit information and a 2-inch half-body photo in digital format. The school will then apply for the NHI IC card on your behalf.', 'These documents are used to apply for or produce your NHI IC card.', 'For self-enrollment in NHI, you usually need to fill out an NHI IC card application form.\n\nYou should also prepare the original and a copy of your residence permit, as well as one recent 2-inch color photo with a white background.']",The Office of Student Affairs will apply for the NHI IC card on your behalf.,1.0,0.8134768748720228,0.9999999999,Llama3.1
What are the ways a student can apply for a replacement or reissuance of their NHI card?,"['If your NHI IC card is lost, damaged, or needs to be replaced due to changes in personal information or your photo, you can apply for a replacement or reissuance through the NHI authority.', 'These documents are used to apply for or produce your NHI IC card.', 'Once you are eligible, the university will assist you with the NHI application.\n\nThe Office of Student Affairs will notify you by email and ask you to provide your residence permit information and a 2-inch half-body photo in digital format. The school will then apply for the NHI IC card on your behalf.']","To apply for a replacement or reissuance of your NHI card, you can apply through the NHI authority. The university will assist you with the NHI application once you are eligible. The Office of Student Affairs will notify you by email and ask you to provide your residence permit information and a 2-inch half-body photo in digital format. The school will then apply for the NHI IC card on your behalf.",1.0,0.9328385865717762,0.3333333333,Llama3.1
Within how many days of entering Taiwan must a student who entered on a Resident Visa apply for an ARC?,"['apply for a Resident VISA before coming to Taiwan, it is necessary that you apply for a  Resident VISA on your own and then the ARC.    For international students, the Alien Resident Certificate (ARC) serves as their temporary  ID card which can prove their resident status in Taiwan. Please remember to apply for the  Alien Resident Certificate at the local office of Ministry of Interior National Immigration  Agency on the next day upon arrival or within 30 days of the issue of your resident visa.  International students must apply for ARC extension within three months before the  expiration date. If the ARC expires during the summer vacation (from July to September),  students are allowed to apply for extension from the 1st of April. For over -staying  foreigners who did not apply for ARC extension, their residence will be ceased by the  authorized agency, and they may be expelled from Taiwan.    I. Required documents for applying Resident  Visa  1. A signed application form  2. The original and photocopy', 'apply for a Resident VISA before coming to Taiwan, it is necessary that you apply for a  Resident VISA on your own and then the ARC.    For international students, the Alien Resident Certificate (ARC) serves as their temporary  ID card which can prove their resident status in Taiwan. Please remember to apply for the  Alien Resident Certificate at the local office of Ministry of Interior National Immigration  Agency on the next day upon arrival or within 30 days of the issue of your resident visa.  International students must apply for ARC extension within three months before the  expiration date. If the ARC expires during the summer vacation (from July to September),  students are allowed to apply for extension from the 1st of April. For over -staying  foreigners who did not apply for ARC extension, their residence will be ceased by the  authorized agency, and they may be expelled from Taiwan.    I. Required documents for applying Resident  Visa  1. A signed application form  2. The original and photocopy', 'VISA before coming to Taiwan, it is necessary that you apply for a  Resident VISA on your own and then the ARC.    For international students, the Alien Resident Certificate (ARC) serves as their temporary  ID card which can prove their resident status in Taiwan. Please remember to apply for the  Alien Resident Certificate at the local office of Ministry of Interior National Immigration  Agency on the next day upon arrival or within 30 days of the issue of your resident visa.  International students must apply for ARC extension within three months before the  expiration date. If the ARC expires during the summer vacation (from July to September),  students are allowed to apply for extension from the 1st of April. For over -staying  foreigners who did not apply for ARC extension, their residence will be ceased by the  authorized agency, and they may be expelled from Taiwan.    I. Required documents for applying Resident  Visa  1. A signed application form  2. The original and photocopy of your passport  3.']","Within how many days of entering Taiwan must a student who entered on a Resident Visa apply for an ARC?

30 days of the issue of your resident visa.",1.0,0.9999999999999991,0.9999999999666667,Llama3.1
What is the fine range for failing to apply for an ARC within the required period after arriving in Taiwan on a Resident Visa?,"['International students must apply for an ARC 15 to 30 days before their Visitor Visa expires. This time window is very important. If you apply after the visa has expired, it may affect your residency status and could even require you to leave Taiwan and reapply.', 'VISA before coming to Taiwan, it is necessary that you apply for a  Resident VISA on your own and then the ARC.    For international students, the Alien Resident Certificate (ARC) serves as their temporary  ID card which can prove their resident status in Taiwan. Please remember to apply for the  Alien Resident Certificate at the local office of Ministry of Interior National Immigration  Agency on the next day upon arrival or within 30 days of the issue of your resident visa.  International students must apply for ARC extension within three months before the  expiration date. If the ARC expires during the summer vacation (from July to September),  students are allowed to apply for extension from the 1st of April. For over -staying  foreigners who did not apply for ARC extension, their residence will be ceased by the  authorized agency, and they may be expelled from Taiwan.    I. Required documents for applying Resident  Visa  1. A signed application form  2. The original and photocopy of your passport  3.', 'apply for a Resident VISA before coming to Taiwan, it is necessary that you apply for a  Resident VISA on your own and then the ARC.    For international students, the Alien Resident Certificate (ARC) serves as their temporary  ID card which can prove their resident status in Taiwan. Please remember to apply for the  Alien Resident Certificate at the local office of Ministry of Interior National Immigration  Agency on the next day upon arrival or within 30 days of the issue of your resident visa.  International students must apply for ARC extension within three months before the  expiration date. If the ARC expires during the summer vacation (from July to September),  students are allowed to apply for extension from the 1st of April. For over -staying  foreigners who did not apply for ARC extension, their residence will be ceased by the  authorized agency, and they may be expelled from Taiwan.    I. Required documents for applying Resident  Visa  1. A signed application form  2. The original and photocopy']","The fine range for failing to apply for an ARC within the required period after arriving in Taiwan on a Resident Visa is not specified in the provided context. However, it is mentioned that if the ARC expires during the summer vacation (from July to September), students are allowed to apply for extension from the 1st of April. For over-staying foreigners who did not apply for ARC extension, their residence will be ceased by the authorized agency, and they may be expelled from Taiwan.",1.0,0.8240777859830045,0.0,Llama3.1
What must a student entering Taiwan on a Visitor Visa do before applying for an ARC?,"['VISA before coming to Taiwan, it is necessary that you apply for a  Resident VISA on your own and then the ARC.    For international students, the Alien Resident Certificate (ARC) serves as their temporary  ID card which can prove their resident status in Taiwan. Please remember to apply for the  Alien Resident Certificate at the local office of Ministry of Interior National Immigration  Agency on the next day upon arrival or within 30 days of the issue of your resident visa.  International students must apply for ARC extension within three months before the  expiration date. If the ARC expires during the summer vacation (from July to September),  students are allowed to apply for extension from the 1st of April. For over -staying  foreigners who did not apply for ARC extension, their residence will be ceased by the  authorized agency, and they may be expelled from Taiwan.    I. Required documents for applying Resident  Visa  1. A signed application form  2. The original and photocopy of your passport  3.', 'International students must apply for an ARC 15 to 30 days before their Visitor Visa expires. This time window is very important. If you apply after the visa has expired, it may affect your residency status and could even require you to leave Taiwan and reapply.', 'Any international student who has been formally admitted to and is enrolled in a university or college approved by Taiwan’s Ministry of Education to admit international students is eligible to apply for converting a Visitor Visa to an ARC. National Chung Cheng University is an MOE-approved institution, so international students who are officially enrolled are generally eligible to']","Before applying for an ARC, a student entering Taiwan on a Visitor Visa must apply for a Resident Visa on their own. International students must apply for an ARC 15 to 30 days before their Visitor Visa expires. This is a very important time window. If you apply after the visa has expired, it may affect your residency status and could even require you to leave Taiwan and reapply.",1.0,0.9659600239212175,0.49999999995,Llama3.1
How much does it cost to apply for an ARC when converting from a Visitor Visa in Taiwan?,"['The basic ARC fee is NT$1,000 per year. However, if you are converting from visa-free entry or a Visitor Visa to an ARC, an additional NT$2,200 is charged according to official regulations.', 'will be ceased by the  authorized agency, and they may be expelled from Taiwan.    I. Required documents for applying Resident  Visa  1. A signed application form  2. The original and photocopy of your passport  3. The original and photocopy of the student ID card or the enrollment certificate  4. The satisfactory health examination report  5. 2 photos (4.5cm × 3.5cm)  6. Visa fee (https://www.boca.gov.tw/mp-2.html)  For more information on VISA application, please refer to the Bureau of Consular  Affairs, Ministry of Foreign Affairs Website: https://www.boca.gov.tw/mp-2.html    II. Required documents for applying Alien Resident Certificate (ARC)  1. The original and photocopy of your passport and Resident Visa  2. The original and photocopy of the student ID card with the right registered  stamp or the enrollment certificate  3. Application fee NT$1,000  4. Photo   5. ARC Application System:   https://coa.immigration.gov.tw/coa-frontend/student/entry?lang=en    Currently we have changed the application way,', 'will be ceased by the  authorized agency, and they may be expelled from Taiwan.    I. Required documents for applying Resident  Visa  1. A signed application form  2. The original and photocopy of your passport  3. The original and photocopy of the student ID card or the enrollment certificate  4. The satisfactory health examination report  5. 2 photos (4.5cm × 3.5cm)  6. Visa fee (https://www.boca.gov.tw/mp-2.html)  For more information on VISA application, please refer to the Bureau of Consular  Affairs, Ministry of Foreign Affairs Website: https://www.boca.gov.tw/mp-2.html    II. Required documents for applying Alien Resident Certificate (ARC)  1. The original and photocopy of your passport and Resident Visa  2. The original and photocopy of the student ID card with the right registered  stamp or the enrollment certificate  3. Application fee NT$1,000  4. Photo   5. ARC Application System:   https://coa.immigration.gov.tw/coa-frontend/student/entry?lang=en    Currently we have changed the application way,']","The cost to apply for an Alien Resident Certificate (ARC) when converting from a Visitor Visa in Taiwan is NT$1,000 (basic fee) + NT$2,200 (additional fee for conversion).",1.0,0.9250841992888637,0.8333333332916666,Llama3.1
"What is the fine range for overstaying your ARC (Alien Resident Certificate) in Taiwan as of March 1, 2024?","['VISA before coming to Taiwan, it is necessary that you apply for a  Resident VISA on your own and then the ARC.    For international students, the Alien Resident Certificate (ARC) serves as their temporary  ID card which can prove their resident status in Taiwan. Please remember to apply for the  Alien Resident Certificate at the local office of Ministry of Interior National Immigration  Agency on the next day upon arrival or within 30 days of the issue of your resident visa.  International students must apply for ARC extension within three months before the  expiration date. If the ARC expires during the summer vacation (from July to September),  students are allowed to apply for extension from the 1st of April. For over -staying  foreigners who did not apply for ARC extension, their residence will be ceased by the  authorized agency, and they may be expelled from Taiwan.    I. Required documents for applying Resident  Visa  1. A signed application form  2. The original and photocopy of your passport  3.', 'apply for a Resident VISA before coming to Taiwan, it is necessary that you apply for a  Resident VISA on your own and then the ARC.    For international students, the Alien Resident Certificate (ARC) serves as their temporary  ID card which can prove their resident status in Taiwan. Please remember to apply for the  Alien Resident Certificate at the local office of Ministry of Interior National Immigration  Agency on the next day upon arrival or within 30 days of the issue of your resident visa.  International students must apply for ARC extension within three months before the  expiration date. If the ARC expires during the summer vacation (from July to September),  students are allowed to apply for extension from the 1st of April. For over -staying  foreigners who did not apply for ARC extension, their residence will be ceased by the  authorized agency, and they may be expelled from Taiwan.    I. Required documents for applying Resident  Visa  1. A signed application form  2. The original and photocopy', 'apply for a Resident VISA before coming to Taiwan, it is necessary that you apply for a  Resident VISA on your own and then the ARC.    For international students, the Alien Resident Certificate (ARC) serves as their temporary  ID card which can prove their resident status in Taiwan. Please remember to apply for the  Alien Resident Certificate at the local office of Ministry of Interior National Immigration  Agency on the next day upon arrival or within 30 days of the issue of your resident visa.  International students must apply for ARC extension within three months before the  expiration date. If the ARC expires during the summer vacation (from July to September),  students are allowed to apply for extension from the 1st of April. For over -staying  foreigners who did not apply for ARC extension, their residence will be ceased by the  authorized agency, and they may be expelled from Taiwan.    I. Required documents for applying Resident  Visa  1. A signed application form  2. The original and photocopy']","Sorry, I am not sure about it. Maybe you could turn to OIA for help.",0.0,0.0,0.0,Llama3.1
How much is the fine for overstaying between 1 to 10 days in Taiwan?,"['khi hết thời hạn cư trú thành 3 tháng trước khi thẻ cư trú hết hạn.  放寬外人申請延期居留 期間 外國人申請延期居留 ， 由居留期限屆滿前 30日 內，放寬為3個月內可以 申請。台灣簽證 Visa Đài Loan 家人要來臺灣觀光，必須先申請臺 灣簽證! Nếu  người  thân  ở  Việt  Nam muốn  đến  tham  quan  Đài  Loan, trước  tiên  phải  xin  visa  Đài  Loan nhé! 記得要注意數字 3(停留期限 )，這 是家人來到臺灣可以住的天數，如 果逾期，同樣會被罰臺幣1萬元到5 萬元的罰鍰，而且最長7年不能再 來臺灣。 Lưu  ý  mục  số  3  (thời  hạn  lưu  trú),  đây là  số  ngày  mà  người  thân  được  phép ở  lại  khi  đến  Đài  Loan .  Nếu  quá  thời hạn,  cũng  sẽ  bị  phạt  từ  10 . 000  đến 50 . 000  Đài  tệ,  đồng  thời  trong  vòng tối  đa  7  năm  không  được  phép  đến Đài  Loan . 提醒：學生常見的觸犯法律行為 請注意!觸犯法律遭判刑會影響居留權 ，也會影響讀書。很多學生認為自己 不會犯法，但你知道嗎?酒後騎車是犯法、把銀行帳戶借給別人犯罪觸犯詐 欺罪、吵架氣憤與人互相毆打的傷害罪、吸食或販賣毒品案件等等，都是過 去曾經發生的犯法行為，這些NG行為都會害你不能留在臺灣! Nhắc nhở: một số hành vi vi phạm pháp luật sinh viên thường mắc phải Hãy chú ý! Việc bị kết án do vi phạm pháp luật sẽ ảnh hưởng đến quyền cư trú và việc học của bạn. Có rất nhiều sinh viên cho rằng bản thân không vi phạm pháp luật, tuy nhiên bạn có biết', 'khi hết thời hạn cư trú thành 3 tháng trước khi thẻ cư trú hết hạn.  放寬外人申請延期居留 期間 外國人申請延期居留 ， 由居留期限屆滿前 30日 內，放寬為3個月內可以 申請。台灣簽證 Visa Đài Loan 家人要來臺灣觀光，必須先申請臺 灣簽證! Nếu  người  thân  ở  Việt  Nam muốn  đến  tham  quan  Đài  Loan, trước  tiên  phải  xin  visa  Đài  Loan nhé! 記得要注意數字 3(停留期限 )，這 是家人來到臺灣可以住的天數，如 果逾期，同樣會被罰臺幣1萬元到5 萬元的罰鍰，而且最長7年不能再 來臺灣。 Lưu  ý  mục  số  3  (thời  hạn  lưu  trú),  đây là  số  ngày  mà  người  thân  được  phép ở  lại  khi  đến  Đài  Loan .  Nếu  quá  thời hạn,  cũng  sẽ  bị  phạt  từ  10 . 000  đến 50 . 000  Đài  tệ,  đồng  thời  trong  vòng tối  đa  7  năm  không  được  phép  đến Đài  Loan . 提醒：學生常見的觸犯法律行為 請注意!觸犯法律遭判刑會影響居留權 ，也會影響讀書。很多學生認為自己 不會犯法，但你知道嗎?酒後騎車是犯法、把銀行帳戶借給別人犯罪觸犯詐 欺罪、吵架氣憤與人互相毆打的傷害罪、吸食或販賣毒品案件等等，都是過 去曾經發生的犯法行為，這些NG行為都會害你不能留在臺灣! Nhắc nhở: một số hành vi vi phạm pháp luật sinh viên thường mắc phải Hãy chú ý! Việc bị kết án do vi phạm pháp luật sẽ ảnh hưởng đến quyền cư trú và việc học của bạn. Có rất nhiều sinh viên cho rằng bản thân không vi phạm pháp luật, tuy nhiên bạn có biết', 'Please note that requirements may vary slightly by bank. Some banks may require you to have stayed in Taiwan for a certain period, such as more than six months. Actual conditions are subject to each bank’s regulations.']","Sorry, I am not sure about it. Maybe you could turn to OIA for help.",0.0,0.0,0.0,Llama3.1
What two items on an ARC can result in a fine if not kept up to date?,"['An ARC application must include a Health Certificate for Residence or Settlement. This is a basic requirement set by the Taiwanese government for long-term foreign residents, to ensure that applicants do not have infectious diseases that could affect public health. The health check must be conducted at a designated hospital, and both the examination items and the certificate format', '(Trạm Phục vụ số 1 Thành phố Đài Nam)  2.所有更正 (護照、地址、姓名等) 都可以線上申請。 Tất cả thay đổi (hộ chiếu, địa chỉ, họ tên, …) đều có thể thực hiện trực tuyến. 3. 請填寫正確電子信箱。 Vui lòng điền địa chỉ email chí nhxác.7 申請人於接獲申請案件審查核准待繳費 通知 email 後，可於線上進行線上繳費 扣款功能。 完成付款後 ，申請人會收到電子郵件通 知。 請列印收據並攜帶舊ARC，並在3 個工作日後前往服務站領取新ARC Người nộp đơn sau khi nhận được email thông báo đơn xin đã được thông qua, vui lòng tiến hành đóng phítrên hệ thống trực tuyến. Sau khi hoàn thành đóng phí, chúng tôi sẽ gửi email thông báo. Vui lòng in hóa đơn và mang theo thẻ cư trú cũ đến Trạm phục vụ để nhận thẻ mới sau 3 ngày làm việc. 重點 Lưu ý ARC  居留證 Thẻ cư trú 重點 Lưu ý  NT$   10,000 - 50,000臺南市第一服務站 10 Phạt cư trú quá hạn (hiện tại)重點 Lưu ý  罰鍰金額 Mức phạt dao động NT$  2,000 to 10,000 在臺灣居住後如果因故變更居留地 ，務必於事實發生 後30日內到移民署辦理住址變更。 Nếu có thay đổi địa chỉ cư trú trong thời gian cư trú tại Đài Loan, bắt buộc phải đến Cục Di dân làm thủ tục thay đổi địa chỉ trong vòng 30 ngày kể từ sau ngày đổi nơi ở.如何出國 ? Làm  thế  nào  khi  ra  nước  ngoài ? 準備居留證及護照 Chuẩn', '(Trạm Phục vụ số 1 Thành phố Đài Nam)  2.所有更正 (護照、地址、姓名等) 都可以線上申請。 Tất cả thay đổi (hộ chiếu, địa chỉ, họ tên, …) đều có thể thực hiện trực tuyến. 3. 請填寫正確電子信箱。 Vui lòng điền địa chỉ email chí nhxác.7 申請人於接獲申請案件審查核准待繳費 通知 email 後，可於線上進行線上繳費 扣款功能。 完成付款後 ，申請人會收到電子郵件通 知。 請列印收據並攜帶舊ARC，並在3 個工作日後前往服務站領取新ARC Người nộp đơn sau khi nhận được email thông báo đơn xin đã được thông qua, vui lòng tiến hành đóng phítrên hệ thống trực tuyến. Sau khi hoàn thành đóng phí, chúng tôi sẽ gửi email thông báo. Vui lòng in hóa đơn và mang theo thẻ cư trú cũ đến Trạm phục vụ để nhận thẻ mới sau 3 ngày làm việc. 重點 Lưu ý ARC  居留證 Thẻ cư trú 重點 Lưu ý  NT$   10,000 - 50,000臺南市第一服務站 10 Phạt cư trú quá hạn (hiện tại)重點 Lưu ý  罰鍰金額 Mức phạt dao động NT$  2,000 to 10,000 在臺灣居住後如果因故變更居留地 ，務必於事實發生 後30日內到移民署辦理住址變更。 Nếu có thay đổi địa chỉ cư trú trong thời gian cư trú tại Đài Loan, bắt buộc phải đến Cục Di dân làm thủ tục thay đổi địa chỉ trong vòng 30 ngày kể từ sau ngày đổi nơi ở.如何出國 ? Làm  thế  nào  khi  ra  nước  ngoài ? 準備居留證及護照 Chuẩn']","Two items on an ARC that can result in a fine if not kept up to date are:
1. Residence (居留證)
2. Address (地址)",0.0,0.9970913296009916,0.5833333333041666,Llama3.1
Within how many days must a foreign resident notify the Immigration Agency after changing their residential address in Taiwan?,"['Newly arrived international students or overseas Chinese students must have resided in Taiwan continuously for six months before becoming eligible to join NHI.\n\nThe six-month period is calculated from the date the residence permit is issued. During this period, you may leave Taiwan only once, and the total number of days abroad must not exceed 29 days in total.', '(Trạm Phục vụ số 1 Thành phố Đài Nam)  2.所有更正 (護照、地址、姓名等) 都可以線上申請。 Tất cả thay đổi (hộ chiếu, địa chỉ, họ tên, …) đều có thể thực hiện trực tuyến. 3. 請填寫正確電子信箱。 Vui lòng điền địa chỉ email chí nhxác.7 申請人於接獲申請案件審查核准待繳費 通知 email 後，可於線上進行線上繳費 扣款功能。 完成付款後 ，申請人會收到電子郵件通 知。 請列印收據並攜帶舊ARC，並在3 個工作日後前往服務站領取新ARC Người nộp đơn sau khi nhận được email thông báo đơn xin đã được thông qua, vui lòng tiến hành đóng phítrên hệ thống trực tuyến. Sau khi hoàn thành đóng phí, chúng tôi sẽ gửi email thông báo. Vui lòng in hóa đơn và mang theo thẻ cư trú cũ đến Trạm phục vụ để nhận thẻ mới sau 3 ngày làm việc. 重點 Lưu ý ARC  居留證 Thẻ cư trú 重點 Lưu ý  NT$   10,000 - 50,000臺南市第一服務站 10 Phạt cư trú quá hạn (hiện tại)重點 Lưu ý  罰鍰金額 Mức phạt dao động NT$  2,000 to 10,000 在臺灣居住後如果因故變更居留地 ，務必於事實發生 後30日內到移民署辦理住址變更。 Nếu có thay đổi địa chỉ cư trú trong thời gian cư trú tại Đài Loan, bắt buộc phải đến Cục Di dân làm thủ tục thay đổi địa chỉ trong vòng 30 ngày kể từ sau ngày đổi nơi ở.如何出國 ? Làm  thế  nào  khi  ra  nước  ngoài ? 準備居留證及護照 Chuẩn', '(Trạm Phục vụ số 1 Thành phố Đài Nam)  2.所有更正 (護照、地址、姓名等) 都可以線上申請。 Tất cả thay đổi (hộ chiếu, địa chỉ, họ tên, …) đều có thể thực hiện trực tuyến. 3. 請填寫正確電子信箱。 Vui lòng điền địa chỉ email chí nhxác.7 申請人於接獲申請案件審查核准待繳費 通知 email 後，可於線上進行線上繳費 扣款功能。 完成付款後 ，申請人會收到電子郵件通 知。 請列印收據並攜帶舊ARC，並在3 個工作日後前往服務站領取新ARC Người nộp đơn sau khi nhận được email thông báo đơn xin đã được thông qua, vui lòng tiến hành đóng phítrên hệ thống trực tuyến. Sau khi hoàn thành đóng phí, chúng tôi sẽ gửi email thông báo. Vui lòng in hóa đơn và mang theo thẻ cư trú cũ đến Trạm phục vụ để nhận thẻ mới sau 3 ngày làm việc. 重點 Lưu ý ARC  居留證 Thẻ cư trú 重點 Lưu ý  NT$   10,000 - 50,000臺南市第一服務站 10 Phạt cư trú quá hạn (hiện tại)重點 Lưu ý  罰鍰金額 Mức phạt dao động NT$  2,000 to 10,000 在臺灣居住後如果因故變更居留地 ，務必於事實發生 後30日內到移民署辦理住址變更。 Nếu có thay đổi địa chỉ cư trú trong thời gian cư trú tại Đài Loan, bắt buộc phải đến Cục Di dân làm thủ tục thay đổi địa chỉ trong vòng 30 ngày kể từ sau ngày đổi nơi ở.如何出國 ? Làm  thế  nào  khi  ra  nước  ngoài ? 準備居留證及護照 Chuẩn']","Sorry, I am not sure about it. Maybe you could turn to OIA for help.",0.0,0.0,0.0,Llama3.1
What documents do you need to carry when traveling in and out of Taiwan as a foreign student?,"['will be ceased by the  authorized agency, and they may be expelled from Taiwan.    I. Required documents for applying Resident  Visa  1. A signed application form  2. The original and photocopy of your passport  3. The original and photocopy of the student ID card or the enrollment certificate  4. The satisfactory health examination report  5. 2 photos (4.5cm × 3.5cm)  6. Visa fee (https://www.boca.gov.tw/mp-2.html)  For more information on VISA application, please refer to the Bureau of Consular  Affairs, Ministry of Foreign Affairs Website: https://www.boca.gov.tw/mp-2.html    II. Required documents for applying Alien Resident Certificate (ARC)  1. The original and photocopy of your passport and Resident Visa  2. The original and photocopy of the student ID card with the right registered  stamp or the enrollment certificate  3. Application fee NT$1,000  4. Photo   5. ARC Application System:   https://coa.immigration.gov.tw/coa-frontend/student/entry?lang=en    Currently we have changed the application way,', 'will be ceased by the  authorized agency, and they may be expelled from Taiwan.    I. Required documents for applying Resident  Visa  1. A signed application form  2. The original and photocopy of your passport  3. The original and photocopy of the student ID card or the enrollment certificate  4. The satisfactory health examination report  5. 2 photos (4.5cm × 3.5cm)  6. Visa fee (https://www.boca.gov.tw/mp-2.html)  For more information on VISA application, please refer to the Bureau of Consular  Affairs, Ministry of Foreign Affairs Website: https://www.boca.gov.tw/mp-2.html    II. Required documents for applying Alien Resident Certificate (ARC)  1. The original and photocopy of your passport and Resident Visa  2. The original and photocopy of the student ID card with the right registered  stamp or the enrollment certificate  3. Application fee NT$1,000  4. Photo   5. ARC Application System:   https://coa.immigration.gov.tw/coa-frontend/student/entry?lang=en    Currently we have changed the application way,', 'authorized agency, and they may be expelled from Taiwan.    I. Required documents for applying Resident  Visa  1. A signed application form  2. The original and photocopy of your passport  3. The original and photocopy of the student ID card or the enrollment certificate  4. The satisfactory health examination report  5. 2 photos (4.5cm × 3.5cm)  6. Visa fee (https://www.boca.gov.tw/mp-2.html)  For more information on VISA application, please refer to the Bureau of Consular  Affairs, Ministry of Foreign Affairs Website: https://www.boca.gov.tw/mp-2.html    II. Required documents for applying Alien Resident Certificate (ARC)  1. The original and photocopy of your passport and Resident Visa  2. The original and photocopy of the student ID card with the right registered  stamp or the enrollment certificate  3. Application fee NT$1,000  4. Photo   5. ARC Application System:   https://coa.immigration.gov.tw/coa-frontend/student/entry?lang=en    Currently we have changed the application way, please apply directly']","**Required Documents for Traveling in and out of Taiwan**

To travel in and out of Taiwan, you will need the following documents:

* A signed application form
* The original and photocopy of your passport
* The original and photocopy of the student ID card or the enrollment certificate
* The satisfactory health examination report
* 2 photos (4.5cm × 3.5cm)
* Visa fee (NT$1,000 for ARC application)
* ARC Application System: https://coa.immigration.gov.tw/coa-frontend/student/entry?lang=en",0.0,0.9097170676354485,0.9999999999666667,Llama3.1
What is the maximum validity period of an ARC for foreign students under the new regulations?,"['International students must apply for an ARC 15 to 30 days before their Visitor Visa expires. This time window is very important. If you apply after the visa has expired, it may affect your residency status and could even require you to leave Taiwan and reapply.', 'VISA before coming to Taiwan, it is necessary that you apply for a  Resident VISA on your own and then the ARC.    For international students, the Alien Resident Certificate (ARC) serves as their temporary  ID card which can prove their resident status in Taiwan. Please remember to apply for the  Alien Resident Certificate at the local office of Ministry of Interior National Immigration  Agency on the next day upon arrival or within 30 days of the issue of your resident visa.  International students must apply for ARC extension within three months before the  expiration date. If the ARC expires during the summer vacation (from July to September),  students are allowed to apply for extension from the 1st of April. For over -staying  foreigners who did not apply for ARC extension, their residence will be ceased by the  authorized agency, and they may be expelled from Taiwan.    I. Required documents for applying Resident  Visa  1. A signed application form  2. The original and photocopy of your passport  3.', 'The ARC application and issuance must be completed within the validity period of your original visa, so it is strongly recommended that students prepare the required documents as early as possible after the semester begins, rather than waiting until the last minute.']","The maximum validity period of an ARC for foreign students under the new regulations is not specified in the context. However, it is mentioned that international students must apply for ARC extension within three months before the expiration date.",1.0,0.0,0.0,Llama3.1
How long after graduation can a foreign student extend their ARC in total?,"['VISA before coming to Taiwan, it is necessary that you apply for a  Resident VISA on your own and then the ARC.    For international students, the Alien Resident Certificate (ARC) serves as their temporary  ID card which can prove their resident status in Taiwan. Please remember to apply for the  Alien Resident Certificate at the local office of Ministry of Interior National Immigration  Agency on the next day upon arrival or within 30 days of the issue of your resident visa.  International students must apply for ARC extension within three months before the  expiration date. If the ARC expires during the summer vacation (from July to September),  students are allowed to apply for extension from the 1st of April. For over -staying  foreigners who did not apply for ARC extension, their residence will be ceased by the  authorized agency, and they may be expelled from Taiwan.    I. Required documents for applying Resident  Visa  1. A signed application form  2. The original and photocopy of your passport  3.', 'apply for a Resident VISA before coming to Taiwan, it is necessary that you apply for a  Resident VISA on your own and then the ARC.    For international students, the Alien Resident Certificate (ARC) serves as their temporary  ID card which can prove their resident status in Taiwan. Please remember to apply for the  Alien Resident Certificate at the local office of Ministry of Interior National Immigration  Agency on the next day upon arrival or within 30 days of the issue of your resident visa.  International students must apply for ARC extension within three months before the  expiration date. If the ARC expires during the summer vacation (from July to September),  students are allowed to apply for extension from the 1st of April. For over -staying  foreigners who did not apply for ARC extension, their residence will be ceased by the  authorized agency, and they may be expelled from Taiwan.    I. Required documents for applying Resident  Visa  1. A signed application form  2. The original and photocopy', 'apply for a Resident VISA before coming to Taiwan, it is necessary that you apply for a  Resident VISA on your own and then the ARC.    For international students, the Alien Resident Certificate (ARC) serves as their temporary  ID card which can prove their resident status in Taiwan. Please remember to apply for the  Alien Resident Certificate at the local office of Ministry of Interior National Immigration  Agency on the next day upon arrival or within 30 days of the issue of your resident visa.  International students must apply for ARC extension within three months before the  expiration date. If the ARC expires during the summer vacation (from July to September),  students are allowed to apply for extension from the 1st of April. For over -staying  foreigners who did not apply for ARC extension, their residence will be ceased by the  authorized agency, and they may be expelled from Taiwan.    I. Required documents for applying Resident  Visa  1. A signed application form  2. The original and photocopy']","International students must apply for ARC extension within three months before the expiration date. If the ARC expires during the summer vacation (from July to September), students are allowed to apply for extension from the 1st of April.",1.0,0.8379474371026632,0.9999999999666667,Llama3.1
How many months before ARC expiration can a foreign student now apply for an extension under the new rules?,"['VISA before coming to Taiwan, it is necessary that you apply for a  Resident VISA on your own and then the ARC.    For international students, the Alien Resident Certificate (ARC) serves as their temporary  ID card which can prove their resident status in Taiwan. Please remember to apply for the  Alien Resident Certificate at the local office of Ministry of Interior National Immigration  Agency on the next day upon arrival or within 30 days of the issue of your resident visa.  International students must apply for ARC extension within three months before the  expiration date. If the ARC expires during the summer vacation (from July to September),  students are allowed to apply for extension from the 1st of April. For over -staying  foreigners who did not apply for ARC extension, their residence will be ceased by the  authorized agency, and they may be expelled from Taiwan.    I. Required documents for applying Resident  Visa  1. A signed application form  2. The original and photocopy of your passport  3.', 'apply for a Resident VISA before coming to Taiwan, it is necessary that you apply for a  Resident VISA on your own and then the ARC.    For international students, the Alien Resident Certificate (ARC) serves as their temporary  ID card which can prove their resident status in Taiwan. Please remember to apply for the  Alien Resident Certificate at the local office of Ministry of Interior National Immigration  Agency on the next day upon arrival or within 30 days of the issue of your resident visa.  International students must apply for ARC extension within three months before the  expiration date. If the ARC expires during the summer vacation (from July to September),  students are allowed to apply for extension from the 1st of April. For over -staying  foreigners who did not apply for ARC extension, their residence will be ceased by the  authorized agency, and they may be expelled from Taiwan.    I. Required documents for applying Resident  Visa  1. A signed application form  2. The original and photocopy', 'apply for a Resident VISA before coming to Taiwan, it is necessary that you apply for a  Resident VISA on your own and then the ARC.    For international students, the Alien Resident Certificate (ARC) serves as their temporary  ID card which can prove their resident status in Taiwan. Please remember to apply for the  Alien Resident Certificate at the local office of Ministry of Interior National Immigration  Agency on the next day upon arrival or within 30 days of the issue of your resident visa.  International students must apply for ARC extension within three months before the  expiration date. If the ARC expires during the summer vacation (from July to September),  students are allowed to apply for extension from the 1st of April. For over -staying  foreigners who did not apply for ARC extension, their residence will be ceased by the  authorized agency, and they may be expelled from Taiwan.    I. Required documents for applying Resident  Visa  1. A signed application form  2. The original and photocopy']",International students must apply for ARC extension within three months before the expiration date.,1.0,0.8962076810430845,0.9999999999666667,Llama3.1
What is the hotline number for foreigners living in Taiwan to get assistance in multiple languages?,"[""Invested or Established by Overseas  Chinese or Foreigner(s), C. School teacher, D. Full -time Foreign Teacher in  Cram School, E. Sports Coaching or Athlete, F. Arts and Performing Arts, G.  Contracting Foreigners.          47    Work Information    2. Contact TAIWAN: https://contacttaiwan.tw/MainOne/Home.aspx?lang=2  Contact TAIWAN is an online job-matching platform for Taiwanese companies  and international professionals. In addition to providing online job -matching  services and personalized consulting, the Contact TAIWAN website also offers  information on Taiwan's talent acquisition policies. Furthermore, it organizes  domestic and international talent recruitment events, using diverse channels  to help Taiwanese companies attract international professionals.            48    Work Information  3. Network for International Student Advisors:  https://www.nisa.moe.gov.tw/index  The support system plan for overseas student counselors in colleges and  universities provides a  real-time information inquiry"", ""Invested or Established by Overseas  Chinese or Foreigner(s), C. School teacher, D. Full -time Foreign Teacher in  Cram School, E. Sports Coaching or Athlete, F. Arts and Performing Arts, G.  Contracting Foreigners.          47    Work Information    2. Contact TAIWAN: https://contacttaiwan.tw/MainOne/Home.aspx?lang=2  Contact TAIWAN is an online job-matching platform for Taiwanese companies  and international professionals. In addition to providing online job -matching  services and personalized consulting, the Contact TAIWAN website also offers  information on Taiwan's talent acquisition policies. Furthermore, it organizes  domestic and international talent recruitment events, using diverse channels  to help Taiwanese companies attract international professionals.            48    Work Information  3. Network for International Student Advisors:  https://www.nisa.moe.gov.tw/index  The support system plan for overseas student counselors in colleges and  universities provides a  real-time information inquiry"", 'Language Center)  □ 課業輔導助教 (Teaching Assistant)。  □ 其他 (Others)                學生 (Student)：      日期 (Date)：   Attachment III    44          國立中正大學外國學生協助轉介單      姓名: 性別: 男 □ 女 □ 出生日期:  年 月 日  系所: 系（所）  年級  學號: 收案日期:  年 月 日  現在住址: 電話:  轉介原因 輔導建議     轉介單位： 職稱： 姓名：  受理轉介單位： 職稱： 姓名：  45    07    Information On  Employment In  Taiwan        46    Work Information    If you have the need for staying Taiwan for long time and seeking for job,  there are some work information websites for you reference.    1. Ezworktaiwan: https://ezworktaiwan.wda.gov.tw/en/  The area provides necessary information for foreign professionals to work in  Taiwan. The approved works that foreign professionals can apply for include  7 categories such as: A. Specialized or Technical Works, B. The Director or  Manager of an Approved Business Invested or Established by Overseas  Chinese or Foreigner(s), C. School teacher, D. Full -time Foreign Teacher in  Cram School, E. Sports Coaching or Athlete, F. Arts and Performing Arts, G.']","Sorry, I am not sure about it. Maybe you could turn to OIA for help.",0.0,0.0,0.0,Llama3.1
"If a foreign student withdraws or takes a leave of absence from school, within how many days should they contact the Immigration Agency to arrange departure?","['mắc phải Hãy chú ý! Việc bị kết án do vi phạm pháp luật sẽ ảnh hưởng đến quyền cư trú và việc học của bạn. Có rất nhiều sinh viên cho rằng bản thân không vi phạm pháp luật, tuy nhiên bạn có biết không? Lái xe sau khi uống rượu là phạm pháp, cho người khác mượn tài khoản ngân hàng phạm tội lừa đảo, cãi nhau tức giận mà đánh nhau là phạm tội gây thương tí ch,sử dụng hoặc buôn bán chất gây nghiện, ... đều là những hành vi vi phạm pháp luật từng xảy ra trong quá khứ. Những hành vi không tốt này đều sẽ khiến cho bạn không thể tiếp tục ở lại Đài Loan!1.中、英、日語：24小時、全年無休。 2.越南語、印尼語、泰國語、柬埔寨語：每週一至週五(不含國定例 假日及其他休息日)上午9時至下午5時。大專院校夥伴經常致電移民署諮詢的問題 Q1.華語中心:同樣是華語中心學生，請問為何有些同學是電子居留證， 有些同學是IC卡居留證? A1.華語中心多為短期在臺之外國學生，通常核發電子居留證(A4紙張， 於系統中自行列印，不用跑服務站領取)，若有核發IC卡居留證，多屬 誤發。 Q2.外籍學生休退學多久後必須離境? A2.學校將休退學資料上傳校育部系統，移民署大約1~2週內會交換資 訊，並致電學生盡速繳回居留證離境，否則將廢止居留許可並註銷外 僑居留證，以學校端而言，建議學生辦理休退學，即明確告知應盡速 於7日內找移民署辦理出境手續。線上送件溝通事項1 • 路徑選錯 1. 例如簽證為停留簽證，卻點選成居留簽證 2. 還沒完成繳費註冊，卻選成「已註冊」，請注意， 如果還沒繳費註冊，就只能點選「已錄取未註冊」 3. 如果點選「已錄取未註冊」，請記住!這是只有「半', 'mắc phải Hãy chú ý! Việc bị kết án do vi phạm pháp luật sẽ ảnh hưởng đến quyền cư trú và việc học của bạn. Có rất nhiều sinh viên cho rằng bản thân không vi phạm pháp luật, tuy nhiên bạn có biết không? Lái xe sau khi uống rượu là phạm pháp, cho người khác mượn tài khoản ngân hàng phạm tội lừa đảo, cãi nhau tức giận mà đánh nhau là phạm tội gây thương tí ch,sử dụng hoặc buôn bán chất gây nghiện, ... đều là những hành vi vi phạm pháp luật từng xảy ra trong quá khứ. Những hành vi không tốt này đều sẽ khiến cho bạn không thể tiếp tục ở lại Đài Loan!1.中、英、日語：24小時、全年無休。 2.越南語、印尼語、泰國語、柬埔寨語：每週一至週五(不含國定例 假日及其他休息日)上午9時至下午5時。大專院校夥伴經常致電移民署諮詢的問題 Q1.華語中心:同樣是華語中心學生，請問為何有些同學是電子居留證， 有些同學是IC卡居留證? A1.華語中心多為短期在臺之外國學生，通常核發電子居留證(A4紙張， 於系統中自行列印，不用跑服務站領取)，若有核發IC卡居留證，多屬 誤發。 Q2.外籍學生休退學多久後必須離境? A2.學校將休退學資料上傳校育部系統，移民署大約1~2週內會交換資 訊，並致電學生盡速繳回居留證離境，否則將廢止居留許可並註銷外 僑居留證，以學校端而言，建議學生辦理休退學，即明確告知應盡速 於7日內找移民署辦理出境手續。線上送件溝通事項1 • 路徑選錯 1. 例如簽證為停留簽證，卻點選成居留簽證 2. 還沒完成繳費註冊，卻選成「已註冊」，請注意， 如果還沒繳費註冊，就只能點選「已錄取未註冊」 3. 如果點選「已錄取未註冊」，請記住!這是只有「半', '訊，並致電學生盡速繳回居留證離境，否則將廢止居留許可並註銷外 僑居留證，以學校端而言，建議學生辦理休退學，即明確告知應盡速 於7日內找移民署辦理出境手續。線上送件溝通事項1 • 路徑選錯 1. 例如簽證為停留簽證，卻點選成居留簽證 2. 還沒完成繳費註冊，卻選成「已註冊」，請注意， 如果還沒繳費註冊，就只能點選「已錄取未註冊」 3. 如果點選「已錄取未註冊」，請記住!這是只有「半 年效期」的「電子居留證」(一張A4紙，可自行下 載列印的電子證)，千萬要記得，註冊完畢並拿到在 學證明後，務必於系統再次換發卡式居留證，不然， 同樣會逾期罰錢線上送件溝通事項1 線上送件溝通事項2 • 居留證延期，系統卻點選「遺失補發」或「資料異 動」 請注意!「延期」選項，包括異動資料，如更新地址、 護照號碼等等 ，但是「資料異動」不能夠同時申請延 期 • 紙本電子居留證更換成 IC卡居留證，需選取「居留 證換證」選項，不能選延期線上送件溝通事項2 線上送件溝通事項3 • 學校以團件線上申請 ，請區分「停留簽證」、「居 留簽證」!首次申請「性別」也建議分開，減少混淆 不同簽證類別混在同一團送件 ，移民署一定會退件!至 於性別，「第1次」申請攸關統一證號的配賦號碼，因 此除非相當有自信不會點錯 ，否則也建議將男女分開 申請(延期就沒有這種問題) • 中文姓名請於系統送出之前詳加核對用字 若是製卡後要再修正，會有新臺幣500元費用問題，若 是行政助理輸入錯誤，就可能需要自掏腰包了! 線上送件溝通事項4 • 延期最久可申請延長3年(3千元)，休退學無法退費! 學校可統一律定，但3年後的居留證屆期日，很有可能 面臨行政助理換人或其他狀況 ，務必做好人員交接 ， 一旦逾期，都是整批學生，若有15位學生逾期1天，罰 鍰就是15萬元，逾期11天，罰鍰就是30萬元 • 在學證明必須是當學期1個月內 假設今年這批學生都是明年 10月15日居留證到期，那 麼最早7月15日之後就可辦理延期!']","According to the Retrieved Context, if a foreign student withdraws or takes a leave of absence from school, they should contact the Immigration Agency to arrange departure within 7 days.",,,0.9999999999666667,Llama3.1
What is the fine range for failing to update your residential address on your ARC within the required period?,"['(Trạm Phục vụ số 1 Thành phố Đài Nam)  2.所有更正 (護照、地址、姓名等) 都可以線上申請。 Tất cả thay đổi (hộ chiếu, địa chỉ, họ tên, …) đều có thể thực hiện trực tuyến. 3. 請填寫正確電子信箱。 Vui lòng điền địa chỉ email chí nhxác.7 申請人於接獲申請案件審查核准待繳費 通知 email 後，可於線上進行線上繳費 扣款功能。 完成付款後 ，申請人會收到電子郵件通 知。 請列印收據並攜帶舊ARC，並在3 個工作日後前往服務站領取新ARC Người nộp đơn sau khi nhận được email thông báo đơn xin đã được thông qua, vui lòng tiến hành đóng phítrên hệ thống trực tuyến. Sau khi hoàn thành đóng phí, chúng tôi sẽ gửi email thông báo. Vui lòng in hóa đơn và mang theo thẻ cư trú cũ đến Trạm phục vụ để nhận thẻ mới sau 3 ngày làm việc. 重點 Lưu ý ARC  居留證 Thẻ cư trú 重點 Lưu ý  NT$   10,000 - 50,000臺南市第一服務站 10 Phạt cư trú quá hạn (hiện tại)重點 Lưu ý  罰鍰金額 Mức phạt dao động NT$  2,000 to 10,000 在臺灣居住後如果因故變更居留地 ，務必於事實發生 後30日內到移民署辦理住址變更。 Nếu có thay đổi địa chỉ cư trú trong thời gian cư trú tại Đài Loan, bắt buộc phải đến Cục Di dân làm thủ tục thay đổi địa chỉ trong vòng 30 ngày kể từ sau ngày đổi nơi ở.如何出國 ? Làm  thế  nào  khi  ra  nước  ngoài ? 準備居留證及護照 Chuẩn', '(Trạm Phục vụ số 1 Thành phố Đài Nam)  2.所有更正 (護照、地址、姓名等) 都可以線上申請。 Tất cả thay đổi (hộ chiếu, địa chỉ, họ tên, …) đều có thể thực hiện trực tuyến. 3. 請填寫正確電子信箱。 Vui lòng điền địa chỉ email chí nhxác.7 申請人於接獲申請案件審查核准待繳費 通知 email 後，可於線上進行線上繳費 扣款功能。 完成付款後 ，申請人會收到電子郵件通 知。 請列印收據並攜帶舊ARC，並在3 個工作日後前往服務站領取新ARC Người nộp đơn sau khi nhận được email thông báo đơn xin đã được thông qua, vui lòng tiến hành đóng phítrên hệ thống trực tuyến. Sau khi hoàn thành đóng phí, chúng tôi sẽ gửi email thông báo. Vui lòng in hóa đơn và mang theo thẻ cư trú cũ đến Trạm phục vụ để nhận thẻ mới sau 3 ngày làm việc. 重點 Lưu ý ARC  居留證 Thẻ cư trú 重點 Lưu ý  NT$   10,000 - 50,000臺南市第一服務站 10 Phạt cư trú quá hạn (hiện tại)重點 Lưu ý  罰鍰金額 Mức phạt dao động NT$  2,000 to 10,000 在臺灣居住後如果因故變更居留地 ，務必於事實發生 後30日內到移民署辦理住址變更。 Nếu có thay đổi địa chỉ cư trú trong thời gian cư trú tại Đài Loan, bắt buộc phải đến Cục Di dân làm thủ tục thay đổi địa chỉ trong vòng 30 ngày kể từ sau ngày đổi nơi ở.如何出國 ? Làm  thế  nào  khi  ra  nước  ngoài ? 準備居留證及護照 Chuẩn', 'International students must apply for an ARC 15 to 30 days before their Visitor Visa expires. This time window is very important. If you apply after the visa has expired, it may affect your residency status and could even require you to leave Taiwan and reapply.']","Sorry, I am not sure about it. Maybe you could turn to OIA for help.",0.0,0.0,0.0,Llama3.1
When does the CCU Spring Semester 2026 begin?,"['to CCU and we are looking forward to seeing you on campus soon.    Best regards,    Office of International Affairs  National Chung Cheng University        Welcome to CCU!          3    01  CCU’s Calendar  for  Spring Semester  2026  CCU’s Calendar for Spring Semester 2026 國立中正大學 114 學年度第 2 學期行事曆  4  The academic calendar for CCU(114 學年度行事曆) is available at this website.  https://oia.ccu.edu.tw/p/405-1008-63090,c1425.php?Lang=en  Date 日期 Event  行事  2026.02.20 (Mon.)  Spring semester begins 第 2 學期開始 Dormitory move-in day 學生宿舍進住日  2026.02.23 (Mon.) New Student Registration 新生註冊  2026.02.23 (Mon.) ~ 2026.03.06 (Fri.)  First Course Selection for New Students (including Special Programs) 新生(含專班)第一階段選課  2026.02.25 (Wed.) 2026 Spring welcome orientation for international students 新生說明會  2026.02.27 (Fri.) ~ 2026.02.28 (Sat.)  Peace Memorial Day (day off) 二二八和平紀念日(放假)  2026.03.16 (Mon.)  Deadline for Students to Submit ""Waiver of Student Group Insurance"" 繳交「不參加學生團體保險切結書」截止日  2026.04.01 (Wed.)  Deadline for', 'to CCU and we are looking forward to seeing you on campus soon.    Best regards,    Office of International Affairs  National Chung Cheng University        Welcome to CCU!          3    01  CCU’s Calendar  for  Spring Semester  2026  CCU’s Calendar for Spring Semester 2026 國立中正大學 114 學年度第 2 學期行事曆  4  The academic calendar for CCU(114 學年度行事曆) is available at this website.  https://oia.ccu.edu.tw/p/405-1008-63090,c1425.php?Lang=en  Date 日期 Event  行事  2026.02.20 (Mon.)  Spring semester begins 第 2 學期開始 Dormitory move-in day 學生宿舍進住日  2026.02.23 (Mon.) New Student Registration 新生註冊  2026.02.23 (Mon.) ~ 2026.03.06 (Fri.)  First Course Selection for New Students (including Special Programs) 新生(含專班)第一階段選課  2026.02.25 (Wed.) 2026 Spring welcome orientation for international students 新生說明會  2026.02.27 (Fri.) ~ 2026.02.28 (Sat.)  Peace Memorial Day (day off) 二二八和平紀念日(放假)  2026.03.16 (Mon.)  Deadline for Students to Submit ""Waiver of Student Group Insurance"" 繳交「不參加學生團體保險切結書」截止日  2026.04.01 (Wed.)  Deadline for', '(Sat.)  Peace Memorial Day (day off) 二二八和平紀念日(放假)  2026.03.16 (Mon.)  Deadline for Students to Submit ""Waiver of Student Group Insurance"" 繳交「不參加學生團體保險切結書」截止日  2026.04.01 (Wed.)  Deadline for Registration (Upon Reaching 1/3 of Semester Classes)  註冊截止日(上課達 1/3 基準日)  2026.04.03 (Fri.) ~ 2026.04.06 (Mon.)  Make-up Holiday for Children\'s Day and Tomb-Sweeping Day 兒童節、民族掃墓節  2026.04.07(Tue.) ~ 2026.04.08(Wed.)  Inter-University Activities (Classes Suspended; Instructors to Schedule  Make-up Classes Independently)  校際活動（停課，課程由教師自行擇期補課）  2026.04.20(Mon.) ~ 2026.04.26(Sun.)  Midterm Exam Week 期中考試週  2026.04.27(Mon.) ~ 2026.05.25(Mon.)  Course drop-out application period 棄選申請  2026.05.01(Fri.)  Labor Day 勞動節 CCU’s Calendar for Spring Semester 2026  國立中正大學 114 學年度第 2 學期行事曆     5   Date 日期 Event  行事  2026.05.15 (Fri.)  Calculation Date for Student Withdrawal/Leave of Absence and  Tuition Refund (Upon Reaching 2/3 of Semester Classes)  學生申請休、退學退費上課達 2/3 基準日  2026.05.29 (Fri.)  Deadline for Early Graduation Application']",The Spring Semester 2026 at CCU begins on 2026.02.20 (Mon.).,1.0,0.9949656914144299,0.99999999995,Llama3.1
What is the dormitory move-in day for the Spring Semester 2026?,"['to CCU and we are looking forward to seeing you on campus soon.    Best regards,    Office of International Affairs  National Chung Cheng University        Welcome to CCU!          3    01  CCU’s Calendar  for  Spring Semester  2026  CCU’s Calendar for Spring Semester 2026 國立中正大學 114 學年度第 2 學期行事曆  4  The academic calendar for CCU(114 學年度行事曆) is available at this website.  https://oia.ccu.edu.tw/p/405-1008-63090,c1425.php?Lang=en  Date 日期 Event  行事  2026.02.20 (Mon.)  Spring semester begins 第 2 學期開始 Dormitory move-in day 學生宿舍進住日  2026.02.23 (Mon.) New Student Registration 新生註冊  2026.02.23 (Mon.) ~ 2026.03.06 (Fri.)  First Course Selection for New Students (including Special Programs) 新生(含專班)第一階段選課  2026.02.25 (Wed.) 2026 Spring welcome orientation for international students 新生說明會  2026.02.27 (Fri.) ~ 2026.02.28 (Sat.)  Peace Memorial Day (day off) 二二八和平紀念日(放假)  2026.03.16 (Mon.)  Deadline for Students to Submit ""Waiver of Student Group Insurance"" 繳交「不參加學生團體保險切結書」截止日  2026.04.01 (Wed.)  Deadline for', 'to CCU and we are looking forward to seeing you on campus soon.    Best regards,    Office of International Affairs  National Chung Cheng University        Welcome to CCU!          3    01  CCU’s Calendar  for  Spring Semester  2026  CCU’s Calendar for Spring Semester 2026 國立中正大學 114 學年度第 2 學期行事曆  4  The academic calendar for CCU(114 學年度行事曆) is available at this website.  https://oia.ccu.edu.tw/p/405-1008-63090,c1425.php?Lang=en  Date 日期 Event  行事  2026.02.20 (Mon.)  Spring semester begins 第 2 學期開始 Dormitory move-in day 學生宿舍進住日  2026.02.23 (Mon.) New Student Registration 新生註冊  2026.02.23 (Mon.) ~ 2026.03.06 (Fri.)  First Course Selection for New Students (including Special Programs) 新生(含專班)第一階段選課  2026.02.25 (Wed.) 2026 Spring welcome orientation for international students 新生說明會  2026.02.27 (Fri.) ~ 2026.02.28 (Sat.)  Peace Memorial Day (day off) 二二八和平紀念日(放假)  2026.03.16 (Mon.)  Deadline for Students to Submit ""Waiver of Student Group Insurance"" 繳交「不參加學生團體保險切結書」截止日  2026.04.01 (Wed.)  Deadline for', 'Festival 端午節  2026.06.20 (Sat.) ~  2026.06.26 (Fri.)  Final Exam Week (General Courses, Week 18); Flexible Teaching  Courses follow Course Syllabus  一般課程期末考試(彈性教學課程依課程大綱辦理)  2026.07.05 (Sun.) Dormitory move-out deadline  退宿截止日  2026.07.31 (Fri.) End of the spring semester 第 2 學期結束     6     02        Pre-departure Checklist Pre-departure Checklist    7   2.1 Pre-departure Checklist       Event Check  1 Valid Resident VISA & Health Certificate for Alien Residence Certificate(ARC)   2 Passport (Original and 3 photocopies)   3  Personal photos*4 & the digital file  The photo should be a color photo with a glossy finish taken with a white background  within the last six months. The photo should be 4.5cm × 3.5cm with an image of the  head that should be no shorter than 3.2 cm or longer  than 3.6 cm from the top of the head to the chin.  The photo should be with clear and identifiable  facial features without wearing a hat or a pair of  color glasses. Please refer to the sample photo.  If you are worried that the']",Dormitory move-in day is on 2026.02.20 (Mon.),1.0,0.8574507288200607,0.99999999995,Llama3.1
When is the New Student Registration for Spring Semester 2026?,"['to CCU and we are looking forward to seeing you on campus soon.    Best regards,    Office of International Affairs  National Chung Cheng University        Welcome to CCU!          3    01  CCU’s Calendar  for  Spring Semester  2026  CCU’s Calendar for Spring Semester 2026 國立中正大學 114 學年度第 2 學期行事曆  4  The academic calendar for CCU(114 學年度行事曆) is available at this website.  https://oia.ccu.edu.tw/p/405-1008-63090,c1425.php?Lang=en  Date 日期 Event  行事  2026.02.20 (Mon.)  Spring semester begins 第 2 學期開始 Dormitory move-in day 學生宿舍進住日  2026.02.23 (Mon.) New Student Registration 新生註冊  2026.02.23 (Mon.) ~ 2026.03.06 (Fri.)  First Course Selection for New Students (including Special Programs) 新生(含專班)第一階段選課  2026.02.25 (Wed.) 2026 Spring welcome orientation for international students 新生說明會  2026.02.27 (Fri.) ~ 2026.02.28 (Sat.)  Peace Memorial Day (day off) 二二八和平紀念日(放假)  2026.03.16 (Mon.)  Deadline for Students to Submit ""Waiver of Student Group Insurance"" 繳交「不參加學生團體保險切結書」截止日  2026.04.01 (Wed.)  Deadline for', 'to CCU and we are looking forward to seeing you on campus soon.    Best regards,    Office of International Affairs  National Chung Cheng University        Welcome to CCU!          3    01  CCU’s Calendar  for  Spring Semester  2026  CCU’s Calendar for Spring Semester 2026 國立中正大學 114 學年度第 2 學期行事曆  4  The academic calendar for CCU(114 學年度行事曆) is available at this website.  https://oia.ccu.edu.tw/p/405-1008-63090,c1425.php?Lang=en  Date 日期 Event  行事  2026.02.20 (Mon.)  Spring semester begins 第 2 學期開始 Dormitory move-in day 學生宿舍進住日  2026.02.23 (Mon.) New Student Registration 新生註冊  2026.02.23 (Mon.) ~ 2026.03.06 (Fri.)  First Course Selection for New Students (including Special Programs) 新生(含專班)第一階段選課  2026.02.25 (Wed.) 2026 Spring welcome orientation for international students 新生說明會  2026.02.27 (Fri.) ~ 2026.02.28 (Sat.)  Peace Memorial Day (day off) 二二八和平紀念日(放假)  2026.03.16 (Mon.)  Deadline for Students to Submit ""Waiver of Student Group Insurance"" 繳交「不參加學生團體保險切結書」截止日  2026.04.01 (Wed.)  Deadline for', '(Sat.)  Peace Memorial Day (day off) 二二八和平紀念日(放假)  2026.03.16 (Mon.)  Deadline for Students to Submit ""Waiver of Student Group Insurance"" 繳交「不參加學生團體保險切結書」截止日  2026.04.01 (Wed.)  Deadline for Registration (Upon Reaching 1/3 of Semester Classes)  註冊截止日(上課達 1/3 基準日)  2026.04.03 (Fri.) ~ 2026.04.06 (Mon.)  Make-up Holiday for Children\'s Day and Tomb-Sweeping Day 兒童節、民族掃墓節  2026.04.07(Tue.) ~ 2026.04.08(Wed.)  Inter-University Activities (Classes Suspended; Instructors to Schedule  Make-up Classes Independently)  校際活動（停課，課程由教師自行擇期補課）  2026.04.20(Mon.) ~ 2026.04.26(Sun.)  Midterm Exam Week 期中考試週  2026.04.27(Mon.) ~ 2026.05.25(Mon.)  Course drop-out application period 棄選申請  2026.05.01(Fri.)  Labor Day 勞動節 CCU’s Calendar for Spring Semester 2026  國立中正大學 114 學年度第 2 學期行事曆     5   Date 日期 Event  行事  2026.05.15 (Fri.)  Calculation Date for Student Withdrawal/Leave of Absence and  Tuition Refund (Upon Reaching 2/3 of Semester Classes)  學生申請休、退學退費上課達 2/3 基準日  2026.05.29 (Fri.)  Deadline for Early Graduation Application']",New Student Registration for Spring Semester 2026 is on 2026.02.23 (Mon.).,1.0,0.9529971706115279,0.99999999995,Llama3.1
When is the 2026 Spring welcome orientation for international students?,"['to CCU and we are looking forward to seeing you on campus soon.    Best regards,    Office of International Affairs  National Chung Cheng University        Welcome to CCU!          3    01  CCU’s Calendar  for  Spring Semester  2026  CCU’s Calendar for Spring Semester 2026 國立中正大學 114 學年度第 2 學期行事曆  4  The academic calendar for CCU(114 學年度行事曆) is available at this website.  https://oia.ccu.edu.tw/p/405-1008-63090,c1425.php?Lang=en  Date 日期 Event  行事  2026.02.20 (Mon.)  Spring semester begins 第 2 學期開始 Dormitory move-in day 學生宿舍進住日  2026.02.23 (Mon.) New Student Registration 新生註冊  2026.02.23 (Mon.) ~ 2026.03.06 (Fri.)  First Course Selection for New Students (including Special Programs) 新生(含專班)第一階段選課  2026.02.25 (Wed.) 2026 Spring welcome orientation for international students 新生說明會  2026.02.27 (Fri.) ~ 2026.02.28 (Sat.)  Peace Memorial Day (day off) 二二八和平紀念日(放假)  2026.03.16 (Mon.)  Deadline for Students to Submit ""Waiver of Student Group Insurance"" 繳交「不參加學生團體保險切結書」截止日  2026.04.01 (Wed.)  Deadline for', 'to CCU and we are looking forward to seeing you on campus soon.    Best regards,    Office of International Affairs  National Chung Cheng University        Welcome to CCU!          3    01  CCU’s Calendar  for  Spring Semester  2026  CCU’s Calendar for Spring Semester 2026 國立中正大學 114 學年度第 2 學期行事曆  4  The academic calendar for CCU(114 學年度行事曆) is available at this website.  https://oia.ccu.edu.tw/p/405-1008-63090,c1425.php?Lang=en  Date 日期 Event  行事  2026.02.20 (Mon.)  Spring semester begins 第 2 學期開始 Dormitory move-in day 學生宿舍進住日  2026.02.23 (Mon.) New Student Registration 新生註冊  2026.02.23 (Mon.) ~ 2026.03.06 (Fri.)  First Course Selection for New Students (including Special Programs) 新生(含專班)第一階段選課  2026.02.25 (Wed.) 2026 Spring welcome orientation for international students 新生說明會  2026.02.27 (Fri.) ~ 2026.02.28 (Sat.)  Peace Memorial Day (day off) 二二八和平紀念日(放假)  2026.03.16 (Mon.)  Deadline for Students to Submit ""Waiver of Student Group Insurance"" 繳交「不參加學生團體保險切結書」截止日  2026.04.01 (Wed.)  Deadline for', 'Festival 端午節  2026.06.20 (Sat.) ~  2026.06.26 (Fri.)  Final Exam Week (General Courses, Week 18); Flexible Teaching  Courses follow Course Syllabus  一般課程期末考試(彈性教學課程依課程大綱辦理)  2026.07.05 (Sun.) Dormitory move-out deadline  退宿截止日  2026.07.31 (Fri.) End of the spring semester 第 2 學期結束     6     02        Pre-departure Checklist Pre-departure Checklist    7   2.1 Pre-departure Checklist       Event Check  1 Valid Resident VISA & Health Certificate for Alien Residence Certificate(ARC)   2 Passport (Original and 3 photocopies)   3  Personal photos*4 & the digital file  The photo should be a color photo with a glossy finish taken with a white background  within the last six months. The photo should be 4.5cm × 3.5cm with an image of the  head that should be no shorter than 3.2 cm or longer  than 3.6 cm from the top of the head to the chin.  The photo should be with clear and identifiable  facial features without wearing a hat or a pair of  color glasses. Please refer to the sample photo.  If you are worried that the']",The 2026 Spring welcome orientation for international students is on 2026.02.25 (Wed.).,1.0,0.9958267255016643,0.99999999995,Llama3.1
What is the deadline for university registration (upon reaching 1/3 of semester classes)?,"['Date for Student Withdrawal/Leave of Absence and  Tuition Refund (Upon Reaching 2/3 of Semester Classes)  學生申請休、退學退費上課達 2/3 基準日  2026.05.29 (Fri.)  Deadline for Early Graduation Application (Undergraduate Students)   學士班學生提前畢業申請截止日  2026.06.01 (Mon.) Application for department transfer, minor, or double major for  undergraduate students. 學士班申請轉系、輔系、雙主修      2026.06.06 (Sat.) Graduation Ceremony  畢業典禮  2026.06.08 (Mon.) ~  2026.06.12 (Fri.)  Phase 1 Course Selection (1st Semester, AY 115)  115 學年第 1 學期第一階段選課  2026.06.08 (Mon.) ~  2026.06.14 (Sun.)  Final Exam Week (Flexible Teaching Period for Instructors)  因應彈性教學教師可規劃課程於第 16 週期末考試  2026.06.15 (Mon.) ~  2026.06.26 (Fri.)  Flexible Teaching Period for Instructors 教師彈性教學  2026.06.18 (Thu.) Last Day of Classes for 2nd Semester 第 2 學期上課最後一天  2026.06.19 (Fri.) Dragon Boat Festival 端午節  2026.06.20 (Sat.) ~  2026.06.26 (Fri.)  Final Exam Week (General Courses, Week 18); Flexible Teaching  Courses follow Course Syllabus  一般課程期末考試(彈性教學課程依課程大綱辦理)  2026.07.05 (Sun.)', 'Date for Student Withdrawal/Leave of Absence and  Tuition Refund (Upon Reaching 2/3 of Semester Classes)  學生申請休、退學退費上課達 2/3 基準日  2026.05.29 (Fri.)  Deadline for Early Graduation Application (Undergraduate Students)   學士班學生提前畢業申請截止日  2026.06.01 (Mon.) Application for department transfer, minor, or double major for  undergraduate students. 學士班申請轉系、輔系、雙主修      2026.06.06 (Sat.) Graduation Ceremony  畢業典禮  2026.06.08 (Mon.) ~  2026.06.12 (Fri.)  Phase 1 Course Selection (1st Semester, AY 115)  115 學年第 1 學期第一階段選課  2026.06.08 (Mon.) ~  2026.06.14 (Sun.)  Final Exam Week (Flexible Teaching Period for Instructors)  因應彈性教學教師可規劃課程於第 16 週期末考試  2026.06.15 (Mon.) ~  2026.06.26 (Fri.)  Flexible Teaching Period for Instructors 教師彈性教學  2026.06.18 (Thu.) Last Day of Classes for 2nd Semester 第 2 學期上課最後一天  2026.06.19 (Fri.) Dragon Boat Festival 端午節  2026.06.20 (Sat.) ~  2026.06.26 (Fri.)  Final Exam Week (General Courses, Week 18); Flexible Teaching  Courses follow Course Syllabus  一般課程期末考試(彈性教學課程依課程大綱辦理)  2026.07.05 (Sun.)', 'students’credits  新生(含專班)抵免學分申請  2025.09.03 (Wed.) On-campus health examination for freshman 校內新生體檢  2025.09.03 (Wed.) ~  2025.09.05 (Fri.)  First Course Selection for New Students (including Special Programs)新生 (含專班)第一階段選課  2025.09.05 (Fri.)  Deadline of applying full refund in the First semester (For expelled and  drop-out students). 第 1 學期學生申請休、退學全額退費截止日  2025.09.08 (Mon.)  Class begins. 第 1 學期上課開始  Registration deadline for all current and new students. 註冊截止日  Application for Degree Examination of Graduate Student Starts 研究生學 位考試申請開始  2025.09.08 (Mon.) ~  2025.09.19 (Fri.)  2nd Course Selection for Fall Semester 2025  114-1 學期第二階段選課  2025.09.19 (Fri.) National Disaster Prevention Day 國家防災日演習  2025.10.06 (Mon.) Mid-Autumn Festival (day off) 中秋節 (放假一天)  2025.10.10 (Fri.) National Day (day off) 國慶日 (放假一天)  2025.10.15 (Wed.)  Deadline for submitting “Cut-off book for not participating in students  group insurance”  繳交「不參加學生團體保險切結書」截止日  2025.10.17 (Fri.) Standard of one-third school days.  學生申請休、退學退費上課達 1/3']","Sorry, I am not sure about it. Maybe you could turn to OIA for help.",0.0,0.0,0.0,Llama3.1
When is the Midterm Exam Week for Spring Semester 2026?,"['(Sat.)  Peace Memorial Day (day off) 二二八和平紀念日(放假)  2026.03.16 (Mon.)  Deadline for Students to Submit ""Waiver of Student Group Insurance"" 繳交「不參加學生團體保險切結書」截止日  2026.04.01 (Wed.)  Deadline for Registration (Upon Reaching 1/3 of Semester Classes)  註冊截止日(上課達 1/3 基準日)  2026.04.03 (Fri.) ~ 2026.04.06 (Mon.)  Make-up Holiday for Children\'s Day and Tomb-Sweeping Day 兒童節、民族掃墓節  2026.04.07(Tue.) ~ 2026.04.08(Wed.)  Inter-University Activities (Classes Suspended; Instructors to Schedule  Make-up Classes Independently)  校際活動（停課，課程由教師自行擇期補課）  2026.04.20(Mon.) ~ 2026.04.26(Sun.)  Midterm Exam Week 期中考試週  2026.04.27(Mon.) ~ 2026.05.25(Mon.)  Course drop-out application period 棄選申請  2026.05.01(Fri.)  Labor Day 勞動節 CCU’s Calendar for Spring Semester 2026  國立中正大學 114 學年度第 2 學期行事曆     5   Date 日期 Event  行事  2026.05.15 (Fri.)  Calculation Date for Student Withdrawal/Leave of Absence and  Tuition Refund (Upon Reaching 2/3 of Semester Classes)  學生申請休、退學退費上課達 2/3 基準日  2026.05.29 (Fri.)  Deadline for Early Graduation Application', '(Sat.)  Peace Memorial Day (day off) 二二八和平紀念日(放假)  2026.03.16 (Mon.)  Deadline for Students to Submit ""Waiver of Student Group Insurance"" 繳交「不參加學生團體保險切結書」截止日  2026.04.01 (Wed.)  Deadline for Registration (Upon Reaching 1/3 of Semester Classes)  註冊截止日(上課達 1/3 基準日)  2026.04.03 (Fri.) ~ 2026.04.06 (Mon.)  Make-up Holiday for Children\'s Day and Tomb-Sweeping Day 兒童節、民族掃墓節  2026.04.07(Tue.) ~ 2026.04.08(Wed.)  Inter-University Activities (Classes Suspended; Instructors to Schedule  Make-up Classes Independently)  校際活動（停課，課程由教師自行擇期補課）  2026.04.20(Mon.) ~ 2026.04.26(Sun.)  Midterm Exam Week 期中考試週  2026.04.27(Mon.) ~ 2026.05.25(Mon.)  Course drop-out application period 棄選申請  2026.05.01(Fri.)  Labor Day 勞動節 CCU’s Calendar for Spring Semester 2026  國立中正大學 114 學年度第 2 學期行事曆     5   Date 日期 Event  行事  2026.05.15 (Fri.)  Calculation Date for Student Withdrawal/Leave of Absence and  Tuition Refund (Upon Reaching 2/3 of Semester Classes)  學生申請休、退學退費上課達 2/3 基準日  2026.05.29 (Fri.)  Deadline for Early Graduation Application', '2025.12.26 (Fri.)  First course selection for Spring Semester 2026  第 2 學期第一階段選課  2025.12.22 (Mon.) ~  2025.12.28 (Sun.)  Instructors at CCU can arrange their classes to accommodate flexible  teaching practices in relation to the final exams scheduled in the 16th  week. 因應彈性教學教師可規劃課程於第 16 週期末考試 2025.12.29 (Mon.) ~  2026.01.09 (Fri.)  Flexible teaching period for the 2025 Fall Semester 教師彈性教學  2025.12.31 (Wed.) Deadline of applying for graduating beforehand (For undergraduate  students) 學士班學生提前畢業申請截止日  2026.01.01 (Thu.) Anniversary of the Founding of R. O. C. (day off) 中華民國開國紀念日(放假)  2026.01.02 (Fri.)  Last lecture day. Deadline of applying for dropping out in the 2025 Fall  Semester.  第 1 學期上課最後一天，第 1 學期休學申請截止日  2026.01.03 (Sat.) ~  2026.01.09 (Fri.)  Final examination period 期末考週  2026.01.13 (Tues.) Dormitory move-out deadline 退宿截止日  2026.01.28 (Wed.)  Deadline for Graduate Students Degree Examination in Fall Semester  第 1 學期研究生學位考試截止日  2026.01.31 (Sat.) End of the first semester 第 1 學期結束   6     02']",Midterm Exam Week is from 2026.04.20(Mon.) to 2026.04.26(Sun.).,1.0,0.8555526642516039,0.99999999995,Llama3.1
When is the Graduation Ceremony for Spring Semester 2026?,"['Date for Student Withdrawal/Leave of Absence and  Tuition Refund (Upon Reaching 2/3 of Semester Classes)  學生申請休、退學退費上課達 2/3 基準日  2026.05.29 (Fri.)  Deadline for Early Graduation Application (Undergraduate Students)   學士班學生提前畢業申請截止日  2026.06.01 (Mon.) Application for department transfer, minor, or double major for  undergraduate students. 學士班申請轉系、輔系、雙主修      2026.06.06 (Sat.) Graduation Ceremony  畢業典禮  2026.06.08 (Mon.) ~  2026.06.12 (Fri.)  Phase 1 Course Selection (1st Semester, AY 115)  115 學年第 1 學期第一階段選課  2026.06.08 (Mon.) ~  2026.06.14 (Sun.)  Final Exam Week (Flexible Teaching Period for Instructors)  因應彈性教學教師可規劃課程於第 16 週期末考試  2026.06.15 (Mon.) ~  2026.06.26 (Fri.)  Flexible Teaching Period for Instructors 教師彈性教學  2026.06.18 (Thu.) Last Day of Classes for 2nd Semester 第 2 學期上課最後一天  2026.06.19 (Fri.) Dragon Boat Festival 端午節  2026.06.20 (Sat.) ~  2026.06.26 (Fri.)  Final Exam Week (General Courses, Week 18); Flexible Teaching  Courses follow Course Syllabus  一般課程期末考試(彈性教學課程依課程大綱辦理)  2026.07.05 (Sun.)', 'Date for Student Withdrawal/Leave of Absence and  Tuition Refund (Upon Reaching 2/3 of Semester Classes)  學生申請休、退學退費上課達 2/3 基準日  2026.05.29 (Fri.)  Deadline for Early Graduation Application (Undergraduate Students)   學士班學生提前畢業申請截止日  2026.06.01 (Mon.) Application for department transfer, minor, or double major for  undergraduate students. 學士班申請轉系、輔系、雙主修      2026.06.06 (Sat.) Graduation Ceremony  畢業典禮  2026.06.08 (Mon.) ~  2026.06.12 (Fri.)  Phase 1 Course Selection (1st Semester, AY 115)  115 學年第 1 學期第一階段選課  2026.06.08 (Mon.) ~  2026.06.14 (Sun.)  Final Exam Week (Flexible Teaching Period for Instructors)  因應彈性教學教師可規劃課程於第 16 週期末考試  2026.06.15 (Mon.) ~  2026.06.26 (Fri.)  Flexible Teaching Period for Instructors 教師彈性教學  2026.06.18 (Thu.) Last Day of Classes for 2nd Semester 第 2 學期上課最後一天  2026.06.19 (Fri.) Dragon Boat Festival 端午節  2026.06.20 (Sat.) ~  2026.06.26 (Fri.)  Final Exam Week (General Courses, Week 18); Flexible Teaching  Courses follow Course Syllabus  一般課程期末考試(彈性教學課程依課程大綱辦理)  2026.07.05 (Sun.)', 'Festival 端午節  2026.06.20 (Sat.) ~  2026.06.26 (Fri.)  Final Exam Week (General Courses, Week 18); Flexible Teaching  Courses follow Course Syllabus  一般課程期末考試(彈性教學課程依課程大綱辦理)  2026.07.05 (Sun.) Dormitory move-out deadline  退宿截止日  2026.07.31 (Fri.) End of the spring semester 第 2 學期結束     6     02        Pre-departure Checklist Pre-departure Checklist    7   2.1 Pre-departure Checklist       Event Check  1 Valid Resident VISA & Health Certificate for Alien Residence Certificate(ARC)   2 Passport (Original and 3 photocopies)   3  Personal photos*4 & the digital file  The photo should be a color photo with a glossy finish taken with a white background  within the last six months. The photo should be 4.5cm × 3.5cm with an image of the  head that should be no shorter than 3.2 cm or longer  than 3.6 cm from the top of the head to the chin.  The photo should be with clear and identifiable  facial features without wearing a hat or a pair of  color glasses. Please refer to the sample photo.  If you are worried that the']",The Graduation Ceremony for Spring Semester 2026 is on 2026.06.08 (Mon.) ~ 2026.06.12 (Fri.).,1.0,0.9933030361537575,0.99999999995,Llama3.1
What is the last day of classes for the 2nd Semester 2026?,"['Date for Student Withdrawal/Leave of Absence and  Tuition Refund (Upon Reaching 2/3 of Semester Classes)  學生申請休、退學退費上課達 2/3 基準日  2026.05.29 (Fri.)  Deadline for Early Graduation Application (Undergraduate Students)   學士班學生提前畢業申請截止日  2026.06.01 (Mon.) Application for department transfer, minor, or double major for  undergraduate students. 學士班申請轉系、輔系、雙主修      2026.06.06 (Sat.) Graduation Ceremony  畢業典禮  2026.06.08 (Mon.) ~  2026.06.12 (Fri.)  Phase 1 Course Selection (1st Semester, AY 115)  115 學年第 1 學期第一階段選課  2026.06.08 (Mon.) ~  2026.06.14 (Sun.)  Final Exam Week (Flexible Teaching Period for Instructors)  因應彈性教學教師可規劃課程於第 16 週期末考試  2026.06.15 (Mon.) ~  2026.06.26 (Fri.)  Flexible Teaching Period for Instructors 教師彈性教學  2026.06.18 (Thu.) Last Day of Classes for 2nd Semester 第 2 學期上課最後一天  2026.06.19 (Fri.) Dragon Boat Festival 端午節  2026.06.20 (Sat.) ~  2026.06.26 (Fri.)  Final Exam Week (General Courses, Week 18); Flexible Teaching  Courses follow Course Syllabus  一般課程期末考試(彈性教學課程依課程大綱辦理)  2026.07.05 (Sun.)', 'Date for Student Withdrawal/Leave of Absence and  Tuition Refund (Upon Reaching 2/3 of Semester Classes)  學生申請休、退學退費上課達 2/3 基準日  2026.05.29 (Fri.)  Deadline for Early Graduation Application (Undergraduate Students)   學士班學生提前畢業申請截止日  2026.06.01 (Mon.) Application for department transfer, minor, or double major for  undergraduate students. 學士班申請轉系、輔系、雙主修      2026.06.06 (Sat.) Graduation Ceremony  畢業典禮  2026.06.08 (Mon.) ~  2026.06.12 (Fri.)  Phase 1 Course Selection (1st Semester, AY 115)  115 學年第 1 學期第一階段選課  2026.06.08 (Mon.) ~  2026.06.14 (Sun.)  Final Exam Week (Flexible Teaching Period for Instructors)  因應彈性教學教師可規劃課程於第 16 週期末考試  2026.06.15 (Mon.) ~  2026.06.26 (Fri.)  Flexible Teaching Period for Instructors 教師彈性教學  2026.06.18 (Thu.) Last Day of Classes for 2nd Semester 第 2 學期上課最後一天  2026.06.19 (Fri.) Dragon Boat Festival 端午節  2026.06.20 (Sat.) ~  2026.06.26 (Fri.)  Final Exam Week (General Courses, Week 18); Flexible Teaching  Courses follow Course Syllabus  一般課程期末考試(彈性教學課程依課程大綱辦理)  2026.07.05 (Sun.)', '(Sat.)  Peace Memorial Day (day off) 二二八和平紀念日(放假)  2026.03.16 (Mon.)  Deadline for Students to Submit ""Waiver of Student Group Insurance"" 繳交「不參加學生團體保險切結書」截止日  2026.04.01 (Wed.)  Deadline for Registration (Upon Reaching 1/3 of Semester Classes)  註冊截止日(上課達 1/3 基準日)  2026.04.03 (Fri.) ~ 2026.04.06 (Mon.)  Make-up Holiday for Children\'s Day and Tomb-Sweeping Day 兒童節、民族掃墓節  2026.04.07(Tue.) ~ 2026.04.08(Wed.)  Inter-University Activities (Classes Suspended; Instructors to Schedule  Make-up Classes Independently)  校際活動（停課，課程由教師自行擇期補課）  2026.04.20(Mon.) ~ 2026.04.26(Sun.)  Midterm Exam Week 期中考試週  2026.04.27(Mon.) ~ 2026.05.25(Mon.)  Course drop-out application period 棄選申請  2026.05.01(Fri.)  Labor Day 勞動節 CCU’s Calendar for Spring Semester 2026  國立中正大學 114 學年度第 2 學期行事曆     5   Date 日期 Event  行事  2026.05.15 (Fri.)  Calculation Date for Student Withdrawal/Leave of Absence and  Tuition Refund (Upon Reaching 2/3 of Semester Classes)  學生申請休、退學退費上課達 2/3 基準日  2026.05.29 (Fri.)  Deadline for Early Graduation Application']",The last day of classes for the 2nd Semester 2026 is 2026.06.19 (Fri.).,1.0,0.963315611264503,0.99999999995,Llama3.1
When is the dormitory move-out deadline for Spring Semester 2026?,"['Festival 端午節  2026.06.20 (Sat.) ~  2026.06.26 (Fri.)  Final Exam Week (General Courses, Week 18); Flexible Teaching  Courses follow Course Syllabus  一般課程期末考試(彈性教學課程依課程大綱辦理)  2026.07.05 (Sun.) Dormitory move-out deadline  退宿截止日  2026.07.31 (Fri.) End of the spring semester 第 2 學期結束     6     02        Pre-departure Checklist Pre-departure Checklist    7   2.1 Pre-departure Checklist       Event Check  1 Valid Resident VISA & Health Certificate for Alien Residence Certificate(ARC)   2 Passport (Original and 3 photocopies)   3  Personal photos*4 & the digital file  The photo should be a color photo with a glossy finish taken with a white background  within the last six months. The photo should be 4.5cm × 3.5cm with an image of the  head that should be no shorter than 3.2 cm or longer  than 3.6 cm from the top of the head to the chin.  The photo should be with clear and identifiable  facial features without wearing a hat or a pair of  color glasses. Please refer to the sample photo.  If you are worried that the', 'Festival 端午節  2026.06.20 (Sat.) ~  2026.06.26 (Fri.)  Final Exam Week (General Courses, Week 18); Flexible Teaching  Courses follow Course Syllabus  一般課程期末考試(彈性教學課程依課程大綱辦理)  2026.07.05 (Sun.) Dormitory move-out deadline  退宿截止日  2026.07.31 (Fri.) End of the spring semester 第 2 學期結束     6     02        Pre-departure Checklist Pre-departure Checklist    7   2.1 Pre-departure Checklist       Event Check  1 Valid Resident VISA & Health Certificate for Alien Residence Certificate(ARC)   2 Passport (Original and 3 photocopies)   3  Personal photos*4 & the digital file  The photo should be a color photo with a glossy finish taken with a white background  within the last six months. The photo should be 4.5cm × 3.5cm with an image of the  head that should be no shorter than 3.2 cm or longer  than 3.6 cm from the top of the head to the chin.  The photo should be with clear and identifiable  facial features without wearing a hat or a pair of  color glasses. Please refer to the sample photo.  If you are worried that the', '(Sat.)  Peace Memorial Day (day off) 二二八和平紀念日(放假)  2026.03.16 (Mon.)  Deadline for Students to Submit ""Waiver of Student Group Insurance"" 繳交「不參加學生團體保險切結書」截止日  2026.04.01 (Wed.)  Deadline for Registration (Upon Reaching 1/3 of Semester Classes)  註冊截止日(上課達 1/3 基準日)  2026.04.03 (Fri.) ~ 2026.04.06 (Mon.)  Make-up Holiday for Children\'s Day and Tomb-Sweeping Day 兒童節、民族掃墓節  2026.04.07(Tue.) ~ 2026.04.08(Wed.)  Inter-University Activities (Classes Suspended; Instructors to Schedule  Make-up Classes Independently)  校際活動（停課，課程由教師自行擇期補課）  2026.04.20(Mon.) ~ 2026.04.26(Sun.)  Midterm Exam Week 期中考試週  2026.04.27(Mon.) ~ 2026.05.25(Mon.)  Course drop-out application period 棄選申請  2026.05.01(Fri.)  Labor Day 勞動節 CCU’s Calendar for Spring Semester 2026  國立中正大學 114 學年度第 2 學期行事曆     5   Date 日期 Event  行事  2026.05.15 (Fri.)  Calculation Date for Student Withdrawal/Leave of Absence and  Tuition Refund (Upon Reaching 2/3 of Semester Classes)  學生申請休、退學退費上課達 2/3 基準日  2026.05.29 (Fri.)  Deadline for Early Graduation Application']",The dormitory move-out deadline for Spring Semester 2026 is 2026.07.31 (Fri.).,0.5,0.9969804131753092,0.99999999995,Llama3.1
How many passport photocopies are required in the pre-departure checklist?,"['deadline 退宿截止日  2026.01.28 (Wed.)  Deadline for Graduate Students Degree Examination in Fall Semester  第 1 學期研究生學位考試截止日  2026.01.31 (Sat.) End of the first semester 第 1 學期結束   6     02        Pre-departure Checklist Pre-departure Checklist    7   2.1 Pre-departure Checklist       Event Check  1 Valid Resident VISA & Health Certificate for Alien Residence Certificate(ARC)   2 Passport (Original and 3 photocopies)                   3  Personal photos*4 & the digital file  The photo should be a color photo with a glossy finish taken with a white background  within the last six months. The photo should be 4.5cm × 3.5cm with an image of the  head that should be no shorter than 3.2 cm or longer  than 3.6 cm from the top of the head to the chin.  The photo should be with clear and identifiable  facial features without wearing a hat or a pair of  color glasses. Please refer to the sample photo.  If you are worried that the photos taken in  your country may not meet the requirement,  you can take a new photo at CCU', 'Festival 端午節  2026.06.20 (Sat.) ~  2026.06.26 (Fri.)  Final Exam Week (General Courses, Week 18); Flexible Teaching  Courses follow Course Syllabus  一般課程期末考試(彈性教學課程依課程大綱辦理)  2026.07.05 (Sun.) Dormitory move-out deadline  退宿截止日  2026.07.31 (Fri.) End of the spring semester 第 2 學期結束     6     02        Pre-departure Checklist Pre-departure Checklist    7   2.1 Pre-departure Checklist       Event Check  1 Valid Resident VISA & Health Certificate for Alien Residence Certificate(ARC)   2 Passport (Original and 3 photocopies)   3  Personal photos*4 & the digital file  The photo should be a color photo with a glossy finish taken with a white background  within the last six months. The photo should be 4.5cm × 3.5cm with an image of the  head that should be no shorter than 3.2 cm or longer  than 3.6 cm from the top of the head to the chin.  The photo should be with clear and identifiable  facial features without wearing a hat or a pair of  color glasses. Please refer to the sample photo.  If you are worried that the', 'Festival 端午節  2026.06.20 (Sat.) ~  2026.06.26 (Fri.)  Final Exam Week (General Courses, Week 18); Flexible Teaching  Courses follow Course Syllabus  一般課程期末考試(彈性教學課程依課程大綱辦理)  2026.07.05 (Sun.) Dormitory move-out deadline  退宿截止日  2026.07.31 (Fri.) End of the spring semester 第 2 學期結束     6     02        Pre-departure Checklist Pre-departure Checklist    7   2.1 Pre-departure Checklist       Event Check  1 Valid Resident VISA & Health Certificate for Alien Residence Certificate(ARC)   2 Passport (Original and 3 photocopies)   3  Personal photos*4 & the digital file  The photo should be a color photo with a glossy finish taken with a white background  within the last six months. The photo should be 4.5cm × 3.5cm with an image of the  head that should be no shorter than 3.2 cm or longer  than 3.6 cm from the top of the head to the chin.  The photo should be with clear and identifiable  facial features without wearing a hat or a pair of  color glasses. Please refer to the sample photo.  If you are worried that the']",2 photocopies of the passport are required in the pre-departure checklist.,0.0,0.9954540889334652,0.9999999999666667,Llama3.1
What are the required dimensions for the personal ID photo in the pre-departure checklist?,"['Festival 端午節  2026.06.20 (Sat.) ~  2026.06.26 (Fri.)  Final Exam Week (General Courses, Week 18); Flexible Teaching  Courses follow Course Syllabus  一般課程期末考試(彈性教學課程依課程大綱辦理)  2026.07.05 (Sun.) Dormitory move-out deadline  退宿截止日  2026.07.31 (Fri.) End of the spring semester 第 2 學期結束     6     02        Pre-departure Checklist Pre-departure Checklist    7   2.1 Pre-departure Checklist       Event Check  1 Valid Resident VISA & Health Certificate for Alien Residence Certificate(ARC)   2 Passport (Original and 3 photocopies)   3  Personal photos*4 & the digital file  The photo should be a color photo with a glossy finish taken with a white background  within the last six months. The photo should be 4.5cm × 3.5cm with an image of the  head that should be no shorter than 3.2 cm or longer  than 3.6 cm from the top of the head to the chin.  The photo should be with clear and identifiable  facial features without wearing a hat or a pair of  color glasses. Please refer to the sample photo.  If you are worried that the', 'Festival 端午節  2026.06.20 (Sat.) ~  2026.06.26 (Fri.)  Final Exam Week (General Courses, Week 18); Flexible Teaching  Courses follow Course Syllabus  一般課程期末考試(彈性教學課程依課程大綱辦理)  2026.07.05 (Sun.) Dormitory move-out deadline  退宿截止日  2026.07.31 (Fri.) End of the spring semester 第 2 學期結束     6     02        Pre-departure Checklist Pre-departure Checklist    7   2.1 Pre-departure Checklist       Event Check  1 Valid Resident VISA & Health Certificate for Alien Residence Certificate(ARC)   2 Passport (Original and 3 photocopies)   3  Personal photos*4 & the digital file  The photo should be a color photo with a glossy finish taken with a white background  within the last six months. The photo should be 4.5cm × 3.5cm with an image of the  head that should be no shorter than 3.2 cm or longer  than 3.6 cm from the top of the head to the chin.  The photo should be with clear and identifiable  facial features without wearing a hat or a pair of  color glasses. Please refer to the sample photo.  If you are worried that the', 'deadline 退宿截止日  2026.01.28 (Wed.)  Deadline for Graduate Students Degree Examination in Fall Semester  第 1 學期研究生學位考試截止日  2026.01.31 (Sat.) End of the first semester 第 1 學期結束   6     02        Pre-departure Checklist Pre-departure Checklist    7   2.1 Pre-departure Checklist       Event Check  1 Valid Resident VISA & Health Certificate for Alien Residence Certificate(ARC)   2 Passport (Original and 3 photocopies)                   3  Personal photos*4 & the digital file  The photo should be a color photo with a glossy finish taken with a white background  within the last six months. The photo should be 4.5cm × 3.5cm with an image of the  head that should be no shorter than 3.2 cm or longer  than 3.6 cm from the top of the head to the chin.  The photo should be with clear and identifiable  facial features without wearing a hat or a pair of  color glasses. Please refer to the sample photo.  If you are worried that the photos taken in  your country may not meet the requirement,  you can take a new photo at CCU']",The required dimensions for the personal ID photo are 4.5cm × 3.5cm. The image of the head should be no shorter than 3.2 cm or longer than 3.6 cm from the top of the head to the chin.,1.0,0.8175853545820116,0.9999999999666667,Llama3.1
What is the suggested personal fund amount per semester for international students at CCU?,"['33,000 (3,500 ~ 5,500 per month)  Computer lab fee  Bachelor 1,155 / Master 460 per semester  only pay for it in the first year (two semesters)  Living Expenses  around 54,000 (9,000 per month)  *Actual expenses depend on consumption habits of each person.  Currency Unit: NT (NT$31.40=US$1)  based on the rate on 2026/12/29      10                                03  Accommodation Accommodation    11     1. On-campus accommodation is guaranteed for international students. The first- year-students don’t need to apply; the CCU Office of International Affairs will  arrange it for you . However, your dormitory room will be assigned ; you are  unable to choose your own rooms or roommates.  2. Your dormitory room is not equipped with mattress, pillow, and quilt.  3. Besides the dormitory fee, each one of you has to pay a residence deposit of  NT$1,600 and an electricity cha rge of NT$ 2,000, a total of NT$3, 600 (not  included in CCU scholarship). You will get an IC card saved with NT$1,000 to use  for the', '33,000 (3,500 ~ 5,500 per month)  Computer lab fee  Bachelor 1,155 / Master 460 per semester  only pay for it in the first year (two semesters)  Living Expenses  around 54,000 (9,000 per month)  *Actual expenses depend on consumption habits of each person.  Currency Unit: NT (NT$31.40=US$1)  based on the rate on 2026/12/29      10                                03  Accommodation Accommodation    11     1. On-campus accommodation is guaranteed for international students. The first- year-students don’t need to apply; the CCU Office of International Affairs will  arrange it for you . However, your dormitory room will be assigned ; you are  unable to choose your own rooms or roommates.  2. Your dormitory room is not equipped with mattress, pillow, and quilt.  3. Besides the dormitory fee, each one of you has to pay a residence deposit of  NT$1,600 and an electricity cha rge of NT$ 2,000, a total of NT$3, 600 (not  included in CCU scholarship). You will get an IC card saved with NT$1,000 to use  for the', 'Expenses  around 54,000 (9,000 per month)  *Actual expenses depend on consumption habits of each person.  Currency Unit: NT (NT$28.89=US$1)           based on the rate on 2025/7/03      10                                03  Accommodation Accommodation    11     1. On-campus accommodation is guaranteed for international students. The first- year-students don’t need to apply; the CCU Office of International Affairs will  arrange it for you . However, your dormitory room will be assigned ; you are  unable to choose your own rooms or roommates.  2. Your dormitory room is not equipped with mattress, pillow, and quilt.  3. Besides the dormitory fee, each one of  you has to pay a residence deposit of  NT$1,600 and an electricity cha rge of NT$ 2,000, a total of NT$3, 600 (not  included in CCU scholarship). You will get an IC card saved with NT$1,000 to use  for the electricity cost of your room. If the amount of NT$1,000 runs out, you  should go to the Dormitory Service Center, with your card & money, to recharge']","The suggested personal fund amount per semester for international students at CCU is NT$33,000. This amount is broken down into a range of NT$3,500 to NT$5,500 per month. Additionally, international students should budget for computer lab fees, which are NT$1,155 for bachelors and NT$460 for masters per semester, and only need to be paid for in the first year. Living expenses are estimated to be around NT$54,000, or NT$9,000 per month.",0.875,0.973815846966657,0.9999999999666667,Llama3.1
"What is the voltage used in Taiwan, and what type of plug is required?","['fund  A personal fund of NT $60,000 (approximately US $2,000) for per semester  is suggested.    10  Clothes and other personal belongings/medication  The voltage in Taiwan is 110 V, and the plug please  refer to the sample photo.    11  Telephone  The country code for Taiwan is “886”. This code is needed when someone wants to  make a call to Taiwan from other countries. To make an international phone call from  Taiwan, you will need to dial “019” + country code + area code + local number. Please  apply for the cellular service at the airport.    Pre-departure Checklist  2.2 Estimated Fees and Expenses  (per semester)    8             Item Tuition Miscellaneous Fees Total  College of Engineering 34,833 20,457 55,290  College of Sciences & Department of  Psychology/Communications/Information  Management/Athletic Sports    34,200    20,085    54,285  College of Management  (Except for Department of Information  Management)    31,033    18,226    49,259  Other Colleges  (Except for Department of', 'fund  A personal fund of NT $60,000 (approximately US $2,000) for per semester  is suggested.    10  Clothes and other personal belongings/medication  The voltage in Taiwan is 110 V, and the plug please  refer to the sample photo.    11  Telephone  The country code for Taiwan is “886”. This code is needed when someone wants to  make a call to Taiwan from other countries. To make an international phone call from  Taiwan, you will need to dial “019” + country code + area code + local number. Please  apply for the cellular service at the airport.    Pre-departure Checklist  2.2 Estimated Fees and Expenses  (per semester)    8             Item Tuition Miscellaneous Fees Total  College of Engineering 34,833 20,457 55,290  College of Sciences & Department of  Psychology/Communications/Information  Management/Athletic Sports    34,200    20,085    54,285  College of Management  (Except for Department of Information  Management)    31,033    18,226    49,259  Other Colleges  (Except for Department of', 'voltage in Taiwan is 110 V, and the plug please  refer to the sample photo.          9  Telephone  The country code for Taiwan is “886”. This code is needed when someone wants to  make a call to Taiwan from other countries. To make an international phone call  from Taiwan, you will need to dial “019” + country code + area code + local  number. Please apply for the cellular service at the airport.    Pre-departure Checklist  2.2 Estimated Fees and Expenses  (per semester)    8             Item Tuition Miscellaneous Fees Total  College of Engineering 34,833 20,457 55,290  College of Sciences & Department of  Psychology/Communications/Information  Management/Athletic Sports    34,200    20,085    54,285  College of Management  (Except for Department of Information  Management)    31,033    18,226    49,259  Other Colleges  (Except for Department of  Psychology/Communications/Information  Management/Athletic Sports)      30,400      17,854      48,254  For undergraduate students who delay their study period or']",The voltage used in Taiwan is 110 V. The plug required is shown in the sample photo.,0.5,0.999369533048479,0.9999999999666667,Llama3.1
What is the total tuition and fees per semester for a student in the College of Engineering?,"['fund  A personal fund of NT $60,000 (approximately US $2,000) for per semester  is suggested.    10  Clothes and other personal belongings/medication  The voltage in Taiwan is 110 V, and the plug please  refer to the sample photo.    11  Telephone  The country code for Taiwan is “886”. This code is needed when someone wants to  make a call to Taiwan from other countries. To make an international phone call from  Taiwan, you will need to dial “019” + country code + area code + local number. Please  apply for the cellular service at the airport.    Pre-departure Checklist  2.2 Estimated Fees and Expenses  (per semester)    8             Item Tuition Miscellaneous Fees Total  College of Engineering 34,833 20,457 55,290  College of Sciences & Department of  Psychology/Communications/Information  Management/Athletic Sports    34,200    20,085    54,285  College of Management  (Except for Department of Information  Management)    31,033    18,226    49,259  Other Colleges  (Except for Department of', 'fund  A personal fund of NT $60,000 (approximately US $2,000) for per semester  is suggested.    10  Clothes and other personal belongings/medication  The voltage in Taiwan is 110 V, and the plug please  refer to the sample photo.    11  Telephone  The country code for Taiwan is “886”. This code is needed when someone wants to  make a call to Taiwan from other countries. To make an international phone call from  Taiwan, you will need to dial “019” + country code + area code + local number. Please  apply for the cellular service at the airport.    Pre-departure Checklist  2.2 Estimated Fees and Expenses  (per semester)    8             Item Tuition Miscellaneous Fees Total  College of Engineering 34,833 20,457 55,290  College of Sciences & Department of  Psychology/Communications/Information  Management/Athletic Sports    34,200    20,085    54,285  College of Management  (Except for Department of Information  Management)    31,033    18,226    49,259  Other Colleges  (Except for Department of', 'don’t have NHI card) /  (826*6 months, for new students who have NHI card already)  Rent   a    room  On-campus  Accommodation Fee : 7,530  (Deposit 1,600 & Electricity Fees  2,000 per semester)  Accommodation Fee :  7,210 / 10,130  (Including Winter Vacation 1,100  / Summer Vacation 2,900 in the  payment sheet per semester)  (Deposit 1,600 & Electricity  Fees 2,000 per semester)  Winter Vacation : 1,130  (Deposit 600 & Electricity Fees 500)  Summer Vacation : 3,000  (Deposit 1,000 & Electricity Fees 1,000)  Network connection fees: 1,000  (per semester for on-campus dormitory)  300  (Fees for living in the dormitory during the Chinese New Year period)  Off-campus 21,000 ~ 33,000 (3,500 ~ 5,500 per month)  Computer lab fee  Bachelor 1,155 / Master 460 per semester  only pay for it in the first year (two semesters)  Living Expenses  around 54,000 (9,000 per month)  *Actual expenses depend on consumption habits of each person.  Currency Unit: NT (NT$28.89=US$1)           based on the rate on 2025/7/03      10']","The total tuition and fees per semester for a student in the College of Engineering is NT $55,290.",1.0,0.9999999999999994,0.99999999995,Llama3.1
How many students share a room in the undergraduate dormitory?,"['pay a residence deposit of  NT$1,600 and an electricity cha rge of NT$ 2,000, a total of NT$3, 600 (not  included in CCU scholarship). You will get an IC card saved with NT$1,000 to use  for the electricity cost of your room. If the amount of NT$1,000 runs out, you  should go to the Dormitory Service Center, with your card & money, to recharge  your card. The rest of NT$500 is reserved for the cost of public space. In the end  of every semester, the Dormitory Service Center will calculate the exact cost of  the electricity charge. If it is greater than the amount paid in the beginning of  semester, you will have to pay the difference.  4. The dormitory doesn’t supply the sheet for tenants. Furthermore, it doesn’t  include kitchen space, so please do not cook in your room.  5. Please ask the buddy assigned by OIA to help you regarding the check in  procedure at Dormitory Service Center.    3.1 Undergraduate student Dormitory  1. Undergraduate: 4 students share a room.  2. Each room is equipped with beds,', 'to help you regarding the check in  procedure at Dormitory Service Center.    3.1 Undergraduate student Dormitory  1. Undergraduate: 4 students share a room.  2. Each room is equipped with beds, L-shaped desks,  closets, telephone, lamps. Internet access is  available in all dormitories.  3. You can apply for dormitory network in the  Computer Center; the fee is NT$1,000 per  semester.    Accommodation    12     3.2 Graduate student Dormitory  1. Graduate: 2 students share a room.  2. Each room is equipped with beds, desks, chairs,  book shelf, closets, telephone. Internet access is  available in all dormitories.  3. You can apply for dormitory network in the  Computer Center; the fee is NT$1,000 per semester.    3.3 PhD student Dormitory  1. PhD: one to three students share a room.  2. Each room is equipped with beds, desks, chairs,  book shelf, closets, telephone. Internet access is  available in all dormitories.  3. You can apply for dormitory network in the  Computer Center; the fee is NT$1,000 per', 'to help you regarding the check in  procedure at Dormitory Service Center.    3.1 Undergraduate student Dormitory  1. Undergraduate: 4 students share a room.  2. Each room is equipped with beds, L-shaped desks,  closets, telephone, lamps. Internet access is  available in all dormitories.  3. You can apply for dormitory network in the  Computer Center; the fee is NT$1,000 per  semester.    Accommodation    12     3.2 Graduate student Dormitory  1. Graduate: 2 students share a room.  2. Each room is equipped with beds, desks, chairs,  book shelf, closets, telephone. Internet access is  available in all dormitories.  3. You can apply for dormitory network in the  Computer Center; the fee is NT$1,000 per semester.    3.3 PhD student Dormitory  1. PhD: one to three students share a room.  2. Each room is equipped with beds, desks, chairs,  book shelf, closets, telephone. Internet access is  available in all dormitories.  3. You can apply for dormitory network in the  Computer Center; the fee is NT$1,000 per']",Undergraduate students share a room with 4 other students.,0.0,0.9425879827544357,0.9999999999666667,Llama3.1
What items are NOT provided in the dormitory room that students must bring themselves?,"['pay a residence deposit of  NT$1,600 and an electricity cha rge of NT$ 2,000, a total of NT$3, 600 (not  included in CCU scholarship). You will get an IC card saved with NT$1,000 to use  for the electricity cost of your room. If the amount of NT$1,000 runs out, you  should go to the Dormitory Service Center, with your card & money, to recharge  your card. The rest of NT$500 is reserved for the cost of public space. In the end  of every semester, the Dormitory Service Center will calculate the exact cost of  the electricity charge. If it is greater than the amount paid in the beginning of  semester, you will have to pay the difference.  4. The dormitory doesn’t supply the sheet for tenants. Furthermore, it doesn’t  include kitchen space, so please do not cook in your room.  5. Please ask the buddy assigned by OIA to help you regarding the check in  procedure at Dormitory Service Center.    3.1 Undergraduate student Dormitory  1. Undergraduate: 4 students share a room.  2. Each room is equipped with beds,', 'pay a residence deposit of  NT$1,600 and an electricity cha rge of NT$ 2,000, a total of NT$3, 600 (not  included in CCU scholarship). You will get an IC card saved with NT$1,000 to use  for the electricity cost of your room. If the amount of NT$1,000 runs out, you  should go to the Dormitory Service Center, with your card & money, to recharge  your card. The rest of NT$500 is reserved for the cost of public space. In the end  of every semester, the Dormitory Service Center will calculate the exact cost of  the electricity charge. If it is greater than the amount paid in the beginning of  semester, you will have to pay the difference.  4. The dormitory doesn’t supply the sheet for tenants. Furthermore, it doesn’t  include kitchen space, so please do not cook in your room.  5. Please ask the buddy assigned by OIA to help you regarding the check in  procedure at Dormitory Service Center.    3.1 Undergraduate student Dormitory  1. Undergraduate: 4 students share a room.  2. Each room is equipped with beds,', 'On-campus dormitories at National Chung Cheng University only provide bed frames.\n\nStudents are required to prepare their own mattresses, blankets, pillows, and bed sheets.']",The dormitory doesn’t supply the sheet for tenants. You will need to bring your own bed sheets.,1.0,0.7083722960806972,0.9999999999666667,Llama3.1
How much is the residence deposit and electricity charge that students must pay besides the dormitory fee?,"['pay a residence deposit of  NT$1,600 and an electricity cha rge of NT$ 2,000, a total of NT$3, 600 (not  included in CCU scholarship). You will get an IC card saved with NT$1,000 to use  for the electricity cost of your room. If the amount of NT$1,000 runs out, you  should go to the Dormitory Service Center, with your card & money, to recharge  your card. The rest of NT$500 is reserved for the cost of public space. In the end  of every semester, the Dormitory Service Center will calculate the exact cost of  the electricity charge. If it is greater than the amount paid in the beginning of  semester, you will have to pay the difference.  4. The dormitory doesn’t supply the sheet for tenants. Furthermore, it doesn’t  include kitchen space, so please do not cook in your room.  5. Please ask the buddy assigned by OIA to help you regarding the check in  procedure at Dormitory Service Center.    3.1 Undergraduate student Dormitory  1. Undergraduate: 4 students share a room.  2. Each room is equipped with beds,', 'pay a residence deposit of  NT$1,600 and an electricity cha rge of NT$ 2,000, a total of NT$3, 600 (not  included in CCU scholarship). You will get an IC card saved with NT$1,000 to use  for the electricity cost of your room. If the amount of NT$1,000 runs out, you  should go to the Dormitory Service Center, with your card & money, to recharge  your card. The rest of NT$500 is reserved for the cost of public space. In the end  of every semester, the Dormitory Service Center will calculate the exact cost of  the electricity charge. If it is greater than the amount paid in the beginning of  semester, you will have to pay the difference.  4. The dormitory doesn’t supply the sheet for tenants. Furthermore, it doesn’t  include kitchen space, so please do not cook in your room.  5. Please ask the buddy assigned by OIA to help you regarding the check in  procedure at Dormitory Service Center.    3.1 Undergraduate student Dormitory  1. Undergraduate: 4 students share a room.  2. Each room is equipped with beds,', 'don’t have NHI card) /  (826*6 months, for new students who have NHI card already)  Rent   a    room  On-campus  Accommodation Fee : 7,530  (Deposit 1,600 & Electricity Fees  2,000 per semester)  Accommodation Fee :  7,210 / 10,130  (Including Winter Vacation 1,100  / Summer Vacation 2,900 in the  payment sheet per semester)  (Deposit 1,600 & Electricity  Fees 2,000 per semester)  Winter Vacation : 1,130  (Deposit 600 & Electricity Fees 500)  Summer Vacation : 3,000  (Deposit 1,000 & Electricity Fees 1,000)  Network connection fees: 1,000  (per semester for on-campus dormitory)  300  (Fees for living in the dormitory during the Chinese New Year period)  Off-campus 21,000 ~ 33,000 (3,500 ~ 5,500 per month)  Computer lab fee  Bachelor 1,155 / Master 460 per semester  only pay for it in the first year (two semesters)  Living Expenses  around 54,000 (9,000 per month)  *Actual expenses depend on consumption habits of each person.  Currency Unit: NT (NT$28.89=US$1)           based on the rate on 2025/7/03      10']","The residence deposit is NT$1,600 and the electricity charge is NT$2,000. You will get an IC card saved with NT$1,000 to use for the electricity cost of your room. If the amount of NT$1,000 runs out, you should go to the Dormitory Service Center to recharge your card. The rest of NT$500 is reserved for the cost of public space.",1.0,0.8944735287684198,0.9999999999666667,Llama3.1
Within how many days after entering Taiwan must an international student apply for an ARC?,"['International students must apply for an ARC 15 to 30 days before their Visitor Visa expires. This time window is very important. If you apply after the visa has expired, it may affect your residency status and could even require you to leave Taiwan and reapply.', 'VISA before coming to Taiwan, it is necessary that you apply for a  Resident VISA on your own and then the ARC.    For international students, the Alien Resident Certificate (ARC) serves as their temporary  ID card which can prove their resident status in Taiwan. Please remember to apply for the  Alien Resident Certificate at the local office of Ministry of Interior National Immigration  Agency on the next day upon arrival or within 30 days of the issue of your resident visa.  International students must apply for ARC extension within three months before the  expiration date. If the ARC expires during the summer vacation (from July to September),  students are allowed to apply for extension from the 1st of April. For over -staying  foreigners who did not apply for ARC extension, their residence will be ceased by the  authorized agency, and they may be expelled from Taiwan.    I. Required documents for applying Resident  Visa  1. A signed application form  2. The original and photocopy of your passport  3.', 'the first 6 months, we help you get medical insurance at first that  can cover your medical procedures in Taiwan.    II. National Health Insurance (NHI)  It is necessary to apply National Health Insurance for staying in Taiwan. According to  Taiwan National Health Insurance Act, only students who have stayed for more than 6  months are qualified for NHI. For example, if the date of issue on your ARC is on Mar ch  10th, the nearest date you can apply is Sep. 10th.    Registration  4.5 Applying for Resident Visa and  Alien Resident Certificate (ARC)    20     You are required to possess a Resident VISA and an ARC in order to stay in Taiwan for  studying. If you have obtained a Resident VISA before coming to Taiwan, you only need  to apply for an ARC when you arrive at CCU. This will make things easier. If you did  not  apply for a Resident VISA before coming to Taiwan, it is necessary that you apply for a  Resident VISA on your own and then the ARC.    For international students, the Alien Resident Certificate']",International students must apply for an ARC within 30 days of the issue of their resident visa.,0.5,0.7778593009489181,0.49999999995,Llama3.1
What is the application fee for the Alien Resident Certificate (ARC)?,"['The basic ARC fee is NT$1,000 per year. However, if you are converting from visa-free entry or a Visitor Visa to an ARC, an additional NT$2,200 is charged according to official regulations.', 'will be ceased by the  authorized agency, and they may be expelled from Taiwan.    I. Required documents for applying Resident  Visa  1. A signed application form  2. The original and photocopy of your passport  3. The original and photocopy of the student ID card or the enrollment certificate  4. The satisfactory health examination report  5. 2 photos (4.5cm × 3.5cm)  6. Visa fee (https://www.boca.gov.tw/mp-2.html)  For more information on VISA application, please refer to the Bureau of Consular  Affairs, Ministry of Foreign Affairs Website: https://www.boca.gov.tw/mp-2.html    II. Required documents for applying Alien Resident Certificate (ARC)  1. The original and photocopy of your passport and Resident Visa  2. The original and photocopy of the student ID card with the right registered  stamp or the enrollment certificate  3. Application fee NT$1,000  4. Photo   5. ARC Application System:   https://coa.immigration.gov.tw/coa-frontend/student/entry?lang=en    Currently we have changed the application way,', 'will be ceased by the  authorized agency, and they may be expelled from Taiwan.    I. Required documents for applying Resident  Visa  1. A signed application form  2. The original and photocopy of your passport  3. The original and photocopy of the student ID card or the enrollment certificate  4. The satisfactory health examination report  5. 2 photos (4.5cm × 3.5cm)  6. Visa fee (https://www.boca.gov.tw/mp-2.html)  For more information on VISA application, please refer to the Bureau of Consular  Affairs, Ministry of Foreign Affairs Website: https://www.boca.gov.tw/mp-2.html    II. Required documents for applying Alien Resident Certificate (ARC)  1. The original and photocopy of your passport and Resident Visa  2. The original and photocopy of the student ID card with the right registered  stamp or the enrollment certificate  3. Application fee NT$1,000  4. Photo   5. ARC Application System:   https://coa.immigration.gov.tw/coa-frontend/student/entry?lang=en    Currently we have changed the application way,']","The application fee for the Alien Resident Certificate (ARC) is NT$1,000 per year. However, if you are converting from visa-free entry or a Visitor Visa to an ARC, an additional NT$2,200 is charged.",1.0,0.8868128083648008,0.9999999999666667,Llama3.1
What fine can an international student face for working off-campus without a work permit?,"['saved into your post bank account)    After getting bank account, remember to send the following documents to OIA  (ccuoiais@ccu.edu.tw)    Filled Personal Account Form    Bank of Passbook      Registration  4.7 Guides for Part-time Jobs  OFF/ON Campus    22        A. OFF Campus (Work permit required!)  International students who would like to work in Taiwan OFF campus, including  both full-time and part -time jobs, are required to obtain a work permit from  the Workforce Development Agency. Working without such an official work  permit, you will be subject to a fine of NT $30,000 to $150,000 . Further, only  degree-seeking students are allowed to apply for a work permit.     B. ON Campus (Requirement of work permit  depends on type of part-time job)  All part-time assistant jobs ON campus are classified into two types, namely (a)  Learning-Oriented Part-Time Assistant, for which there is no need to apply for  work permit, and (b) Labor-Oriented Part-Time Assistant, for which work permit  must be applied f', 'saved into your post bank account)    After getting bank account, remember to send the following documents to OIA  (ccuoiais@ccu.edu.tw)    Filled Personal Account Form    Bank of Passbook      Registration  4.7 Guides for Part-time Jobs  OFF/ON Campus    22        A. OFF Campus (Work permit required!)  International students who would like to work in Taiwan OFF campus, including  both full-time and part -time jobs, are required to obtain a work permit from  the Workforce Development Agency. Working without such an official work  permit, you will be subject to a fine of NT $30,000 to $150,000 . Further, only  degree-seeking students are allowed to apply for a work permit.     B. ON Campus (Requirement of work permit  depends on type of part-time job)  All part-time assistant jobs ON campus are classified into two types, namely (a)  Learning-Oriented Part-Time Assistant, for which there is no need to apply for  work permit, and (b) Labor-Oriented Part-Time Assistant, for which work permit  must be applied f', 'post bank account)    After getting bank account, remember to send the following documents to OIA  (ccuoiais@ccu.edu.tw)    Filled Personal Account Form    Bank of Passbook      Registration  4.7 Guides for Part-time Jobs  OFF/ON Campus    22        A. OFF Campus (Work permit required!)  International students who would like to work in Taiwan OFF campus, including  both full-time and part -time jobs, are required to obtain a work permit from  the Workforce Development Agency. Working without such an official work  permit, you will be subject to a fine of NT $30,000 to $150,000 . Further, only  degree-seeking students are allowed to apply for a work permit.     B. ON Campus (Requirement of work permit  depends on type of part-time job)  All part-time assistant jobs ON campus are classified into two types, namely (a)  Learning-Oriented Part-Time Assistant, for which there is no need to apply for  work permit, and (b) Labor-Oriented Part-Time Assistant, for which work permit  must be applied f rom the Workforce']","International students who would like to work in Taiwan OFF campus are required to obtain a work permit from the Workforce Development Agency. Working without such an official work permit, you will be subject to a fine of NT $30,000 to $150,000.",1.0,0.7575486606858902,0.9999999999666667,Llama3.1
What is the maximum number of work hours permitted per week for international students with a work permit?,"['studying for a minimum of six months. 2. 申請方式： How to apply 工作許可有效期間最長為1年，工作時間每星期以20小時為限 (寒暑假除外) Work permits are valid for a maximum of one year. Applicants can  work up to 20 hours per week, with additional working hours allowed  during summer and winter vacations. 1', 'studying for a minimum of six months. 2. 申請方式： How to apply 工作許可有效期間最長為1年，工作時間每星期以20小時為限 (寒暑假除外) Work permits are valid for a maximum of one year. Applicants can  work up to 20 hours per week, with additional working hours allowed  during summer and winter vacations. 1', 'semester, the work permit is valid until September 30th of the same   year.  5. The maximum work hours are 20 hours per week , except during  summer and winter vacation.  6. Workforce Development Agency has the right to revoke the permit if  the applicants do not follow the regulations.  7. According to Employment Services Act, foreigners who work without a  work permit will be fined from NT 30,000 to NT150, 000.  8. Students should return the work permit (if valid) to the OIA if they  suspend or discontinue their schooling.    V. Application for Reissuing the Work Permit:  Please prepare the following documents, and repeat the procedure above:  1. Application form  2. Declaration to explain the reasons for renewal (with Stamp from your  Dept./Inst. Director, or OIA)  3. Copies of Valid Passport and ARC (Front and Back)   Registration  4.8 English E-course    25        E-course2 is an electronic course system, which creates a  single informational space. With this system, professors have the  opportunity']",The maximum number of work hours permitted per week for international students with a work permit is 20 hours.,1.0,0.9999999999999994,0.9999999999666667,Llama3.1
How long is the validity period of a student work permit at most?,"['studying for a minimum of six months. 2. 申請方式： How to apply 工作許可有效期間最長為1年，工作時間每星期以20小時為限 (寒暑假除外) Work permits are valid for a maximum of one year. Applicants can  work up to 20 hours per week, with additional working hours allowed  during summer and winter vacations. 1', 'studying for a minimum of six months. 2. 申請方式： How to apply 工作許可有效期間最長為1年，工作時間每星期以20小時為限 (寒暑假除外) Work permits are valid for a maximum of one year. Applicants can  work up to 20 hours per week, with additional working hours allowed  during summer and winter vacations. 1', 'regulation, please refer to - Ministry of Labor Employment Service  Act   Registration  4.7 Guides for Part-time Jobs  OFF/ON Campus    24       IV. Other Related Regulations:  1. The status of international students in Taiwan should be in accordance  with the regulations of Ministry of Education.  2. According to the “Regulations on the Permission and Administration of  the Employment of Foreign Workers”, the applicants can apply for the  student work permit only if they are officially enrolled as a degree  student in any university or have tak en one -year language course in  Taiwan.  3. The period validity of a work permit is six months at most.  4. For applications made in the Fall semester, the work permit is valid until  March 31st of the next semester; for applications made in the Spring  semester, the work permit is valid until September 30th of the same   year.  5. The maximum work hours are 20 hours per week , except during  summer and winter vacation.  6. Workforce Development Agency has the right']",The validity period of a student work permit at most is six months.,1.0,0.9762999035275018,0.3333333333,Llama3.1
What is the minimum deposit required to open a Post Office bank account at CCU?,"['CRS-I form, and   NTD 100 to the Post Office in CCU to apply for your financial   account of Post Office.', 'CRS-I form, and   NTD 100 to the Post Office in CCU to apply for your financial   account of Post Office.', 'The CCU Post Office is located on the first floor of the Activity Center.\n\nAt the post office, you can send letters and parcels, receive registered mail, and use basic financial services such as deposits, withdrawals, transfers, and bill payments. You can also purchase stamps and postal supplies.']","To open a Post Office bank account at CCU, you need to submit the CRS-I form and deposit NTD 100 at the Post Office in CCU.",1.0,0.9092087610472349,0.99999999995,Llama3.1
Which type of health insurance is available for international students who have stayed in Taiwan for more than 6 months?,"['Examination  4.4 Health Insurance    19      4.3 Health Examination     All new students are asked to do a simple health check on campus, even if you have  already done the Health Check that the Taipei Representative Office has required.   Notes:  If you wear glasses or contact lenses, please bring the glasses on the day of health  check so that your post-treatment eyesight can be tested.  4.4 Health Insurance    During your stay in Taiwan, you have to apply for health insurance for your own health  and well-being. There are two kinds of insurances available for international students.   The National Health Insurance is for the international students who have an ARC for  more than 6 months.  The Medical Insurance is for the international students who don’t have an ARC or  staying less than 6 months.  You only need to apply for either one of them. Please refer to the following website for  details: https://www.nhi.gov.tw/en/mp-2.html    I. Short-term Medical and Injury Insurance  According to Article 21 of', '19      4.3 Health Examination     All new students are asked to do a simple health check on campus, even if you have  already done the Health Check that the Taipei Representative Office has required.  Notes:  If you wear glasses or contact lenses, please bring the glasses on the day of health  check so that your post-treatment eyesight can be tested.  4.4 Health Insurance    During your stay in Taiwan, you have to apply for health insurance for your own health  and well-being. There are two kinds of insurances available for international students.   The National Health Insurance is for the international students who have an ARC for  more than 6 months.  The Medical Insurance is for the international students who don’t have an ARC or  staying less than 6 months.  You only need to apply for either one of them. Please refer to the following website for  details: https://www.nhi.gov.tw/en/mp-2.html    I. Short-term Medical and Injury Insurance  According to Article 21 of the MOE Regulations Regarding', 'Please refer to the following website for  details: https://www.nhi.gov.tw/en/mp-2.html    I. Short-term Medical and Injury Insurance  According to Article 21 of the MOE Regulations Regarding International Students  Undertaking Studies in Taiwan, ""At the time of re gistration a new international student  shall present proof of a medical and injury insurance policy which is valid for at least 6  months from the date the student enters Taiwan. Current student shall present written  proof that they have joined Taiwan’s the  National Health Insurance Plan. The above- mentioned written proof of insurance issued in foreign country shall be verified by the  ‘Overseas Agencies’.”  Since you can only get NHI after 6 months of your arrival, in order to safeguard your right  to health care during the first 6 months, we help you get medical insurance at first that  can cover your medical procedures in Taiwan.    II. National Health Insurance (NHI)  It is necessary to apply National Health Insurance for staying in']",The National Health Insurance is for the international students who have an ARC for more than 6 months.,0.6666666666666666,0.5093454360253439,0.9999999999666667,Llama3.1
What is the contact email address for the CCU Office of International Affairs?,"['experience in pursuing your academic study and research  at CCU.    Since this may be the first time you visit Taiwan or CCU, and there will be many  procedures and responsibilities you will soon have to work on, we have prepared  the Handbook for International Students to help you go through these tasks  smoothly.    In what follows, we first provide a guideline of items you need to prepare before  departure from your home country. We then provide a wide range of useful  information, including answer to many of the questions you may have when you  arrive at National Chung Cheng University. In case you still need any further support,  please feel free to contact our office or visit our English website at  https://oia.ccu.edu.tw/?Lang=en  .     E-mail: ccuoiais@ccu.edu.tw   Phone: 866-5-2720411, ext.17618    Again, welcome to CCU and we are looking forward to seeing you on campus soon.    Best regards,    Office of International Affairs  National Chung Cheng University        Welcome to CCU!          3    01', 'experience in pursuing your academic study and research  at CCU.    Since this may be the first time you visit Taiwan or CCU, and there will be many  procedures and responsibilities you will soon have to work on, we have prepared  the Handbook for International Students to help you go through these tasks  smoothly.    In what follows, we first provide a guideline of items you need to prepare before  departure from your home country. We then provide a wide range of useful  information, including answer to many of the questions you may have when you  arrive at National Chung Cheng University. In case you still need any further support,  please feel free to contact our office or visit our English website at  https://oia.ccu.edu.tw/?Lang=en  .     E-mail: ccuoiais@ccu.edu.tw   Phone: 866-5-2720411, ext.17618    Again, welcome to CCU and we are looking forward to seeing you on campus soon.    Best regards,    Office of International Affairs  National Chung Cheng University        Welcome to CCU!          3    01', 'experience in pursuing your academic study and research  at CCU.    Since this may be the first time you visit Taiwan or CCU, and there will be many  procedures and responsibilities you will soon have to work on, we have prepared  the Handbook for I nternational Students to help you go through these tasks  smoothly.    In what follows, we first provide a guideline of items you need to prepare before  departure from your home country. We then provide a wide range of useful  information, including answer to many of the questions you may have when you  arrive at National Chung Cheng University. In case you still need any further support,  please feel free to contact our office or visit our English website at  https://oia.ccu.edu.tw/?Lang=en  .     E-mail: ccuoiais@ccu.edu.tw   Phone: 866-5-2720411, ext.17616, 17618    Again, welcome to CCU and we are looking forward to seeing you on campus soon.    Best regards,    Office of International Affairs  National Chung Cheng University        Welcome to CCU!']",The contact email address for the CCU Office of International Affairs is ccuoiais@ccu.edu.tw.,1.0,0.9999999999999994,0.9999999999666667,Llama3.1
What form must new students use to complete their health check-up at CCU?,"['Overseas Chinese Students:   They may need to complete additional health check-up items, specifically  the ""Residence or Settlement Health Check-up Items Form”.  You can find two kinds of form in handbook or the website.    Information for   Health Examination    52              6. Further Details:   For more information, please refer to the Health and Welfare Section\'s  webpage or follow their Facebook/Instagram.       Information for   Health Examination    53            On-campus health Examination    What When Remark  Do a health check to  complete the CCU  student Health  Examination  115.03.05 (Thu)  09:30-13:30    * Please come before  13:00.  Mandatory for every new student  Fees: NTD$630    Documents required:  ⚫ Your passport  ⚫ CCU student Health Examination form    If you miss the health check that we arrange  on campus, you must go to the hospital by  yourself. The fees will be more expensive.      Health Check-up Instructions  1. Please be sure to bring the health check-up form and fill out the', 'Overseas Chinese Students:   They may need to complete additional health check-up items, specifically  the ""Residence or Settlement Health Check-up Items Form”.  You can find two kinds of form in handbook or the website.    Information for   Health Examination    52              6. Further Details:   For more information, please refer to the Health and Welfare Section\'s  webpage or follow their Facebook/Instagram.       Information for   Health Examination    53            On-campus health Examination    What When Remark  Do a health check to  complete the CCU  student Health  Examination  115.03.05 (Thu)  09:30-13:30    * Please come before  13:00.  Mandatory for every new student  Fees: NTD$630    Documents required:  ⚫ Your passport  ⚫ CCU student Health Examination form    If you miss the health check that we arrange  on campus, you must go to the hospital by  yourself. The fees will be more expensive.      Health Check-up Instructions  1. Please be sure to bring the health check-up form and fill out the', 'items, specifically  the ""Residence or Settlement Health Check-up Items Form”.  You can find two kinds of form in handbook or the website.    Information for   Health Examination    52              6. Further Details:   For more information, please refer to the Health and Welfare Section\'s  webpage or follow their Facebook/Instagram.       Information for   Health Examination    53            On-campus health Examination    What When Remark  Do a health check to  complete the CCU  student Health  Examination  114.09.03 (Wed)  09:00-10:00    * Please come before  10:00.  Mandatory for every new student  Fees: NTD$630    Documents required:  ⚫ Your passport  ⚫ CCU student Health Examination form    If you miss the health check that we arrange  on campus, you must go to the hospital by  yourself. The fees will be more expensive.      Health Check-up Instructions  1. Please be sure to bring the health check-up form and fill out the self-reported  sections on the front. For the 3 days prior to the check-up,']","To complete the health check-up at CCU, new students must use the CCU student Health Examination form. This form is required to be filled out by the student. The health check-up is mandatory for every new student, and the fees are NTD$630. Please come before 13:00 on the designated day. Documents required include your passport and the CCU student Health Examination form.",1.0,0.942581942345607,0.9999999999666667,Llama3.1
Where can the CCU Student Health Data Form be downloaded?,"['Overseas Chinese Students:   They may need to complete additional health check-up items, specifically  the ""Residence or Settlement Health Check-up Items Form”.  You can find two kinds of form in handbook or the website.    Information for   Health Examination    52              6. Further Details:   For more information, please refer to the Health and Welfare Section\'s  webpage or follow their Facebook/Instagram.       Information for   Health Examination    53            On-campus health Examination    What When Remark  Do a health check to  complete the CCU  student Health  Examination  115.03.05 (Thu)  09:30-13:30    * Please come before  13:00.  Mandatory for every new student  Fees: NTD$630    Documents required:  ⚫ Your passport  ⚫ CCU student Health Examination form    If you miss the health check that we arrange  on campus, you must go to the hospital by  yourself. The fees will be more expensive.      Health Check-up Instructions  1. Please be sure to bring the health check-up form and fill out the', 'Overseas Chinese Students:   They may need to complete additional health check-up items, specifically  the ""Residence or Settlement Health Check-up Items Form”.  You can find two kinds of form in handbook or the website.    Information for   Health Examination    52              6. Further Details:   For more information, please refer to the Health and Welfare Section\'s  webpage or follow their Facebook/Instagram.       Information for   Health Examination    53            On-campus health Examination    What When Remark  Do a health check to  complete the CCU  student Health  Examination  115.03.05 (Thu)  09:30-13:30    * Please come before  13:00.  Mandatory for every new student  Fees: NTD$630    Documents required:  ⚫ Your passport  ⚫ CCU student Health Examination form    If you miss the health check that we arrange  on campus, you must go to the hospital by  yourself. The fees will be more expensive.      Health Check-up Instructions  1. Please be sure to bring the health check-up form and fill out the', ""(or mail)  the documents to the Health and Welfare Section directly. Please do not  send them to other offices , as health check -up reports contain sensitive  personal information, and the school will not be responsible for any data  leaks or loss during the process.  Information for   Health Examination    55          5. Fasting Requirement:   Before going to the off -campus hospital, please ask the hospital's check -up  department whether fasting is required, as this could affect the check -up  process.             Click here to check hospitals near CCU Information for   Health Examination    56          Health Examination for CCU and ARC  In order to follow government policy, after you register in CCU, you have to  go to the hospital to do your health examination as soon as possible and  provide the health examination report to the Health Center of CCU. Also, in  order to apply for ARC , you must provide your health examination report.  Please complete both health examinations as soon as possible.""]","You can find the CCU Student Health Data Form in the handbook or the website. For more information, please refer to the Health and Welfare Section's webpage or follow their Facebook/Instagram.",1.0,0.9746863446062246,0.99999999995,Llama3.1
On what type of paper and in what format should the health check-up form be printed?,"['Section webpage. Print it  on A4 paper, both sides, as one page. Fill in the basic personal information  and lifestyle details, and complete all required check-up items.    3. Leave of Absence or Deferred Admission:   New students who take a leave of absence or defer their enrollment in the  semester of admission are temporarily exempt from submitting the health  check-up report. They must submit the completed health check-up form to  the Health and Welfare Section on the first day of the semester when they  return to study. It is recommended to participate in the on -campus health  check-up that semester or to complete the check -up at an off -campus  medical institution in advance.    4. Check-up Method:   Students must choose either the on-campus or off-campus health check-up.    5. International Students and Overseas Chinese Students:   They may need to complete additional health check-up items, specifically  the ""Residence or Settlement Health Check-up Items Form”.  You can find two kinds of form in', 'Section webpage. Print it  on A4 paper, both sides, as one page. Fill in the basic personal information  and lifestyle details, and complete all required check-up items.    3. Leave of Absence or Deferred Admission:   New students who take a leave of absence or defer their enrollment in the  semester of admission are temporarily exempt from submitting the health  check-up report. They must submit the completed health check-up form to  the Health and Welfare Section on the first day of the semester when they  return to study. It is recommended to participate in the on -campus health  check-up that semester or to complete the check -up at an off -campus  medical institution in advance.    4. Check-up Method:   Students must choose either the on-campus or off-campus health check-up.    5. International Students and Overseas Chinese Students:   They may need to complete additional health check-up items, specifically  the ""Residence or Settlement Health Check-up Items Form”.  You can find two kinds of form in', 'more expensive.      Health Check-up Instructions  1. Please be sure to bring the health check-up form and fill out the self-reported  sections on the front. For the 3 days prior to the check-up, maintain a normal  routine and avoid overeating or drinking excessively.   2. On the day of the check -up, fasting is not required, but please inform the  testing staff if you have eaten before the blood draw. (Eating may affect test  items such as cholesterol).   3. Please avoid wearing contact lenses, as it will help with vision tests. If you  must wear them, please bring your contact lens case.   4. Avoid wearing clothing with metal items (buttons, necklaces, sequins, etc.) to  facilitate the chest X -ray. Pregnant women or those who might be pregnant  should inform the staff before the chest X-ray.   After approximately 45 days, please go to the department office to collect the  health check -up report. For domestic students under the age of 18, an  additional copy will be mailed to their legal guardian. No']","Print the health check-up form on A4 paper, both sides, as one page.",1.0,0.9250208979605299,0.99999999995,Llama3.1
Are new students who defer their enrollment required to submit a health check-up report immediately?,"['in the basic personal information  and lifestyle details, and complete all required check-up items.    3. Leave of Absence or Deferred Admission:   New students who take a leave of absence or defer their enrollment in the  semester of admission are temporarily exempt from submitting the health  check-up report. They must submit the completed health check-up form to  the Health and Welfare Section on the first day of the semester when they  return to study. It is recommended to participate in the on -campus health  check-up that semester or to complete the check -up at an off -campus  medical institution in advance.    4. Check-up Method:   Students must choose either the on-campus or off-campus health check-up.    5. International Students and Overseas Chinese Students:   They may need to complete additional health check-up items, specifically  the ""Residence or Settlement Health Check-up Items Form”.  You can find two kinds of form in handbook or the website.    Information for   Health Examination    52', 'Section webpage. Print it  on A4 paper, both sides, as one page. Fill in the basic personal information  and lifestyle details, and complete all required check-up items.    3. Leave of Absence or Deferred Admission:   New students who take a leave of absence or defer their enrollment in the  semester of admission are temporarily exempt from submitting the health  check-up report. They must submit the completed health check-up form to  the Health and Welfare Section on the first day of the semester when they  return to study. It is recommended to participate in the on -campus health  check-up that semester or to complete the check -up at an off -campus  medical institution in advance.    4. Check-up Method:   Students must choose either the on-campus or off-campus health check-up.    5. International Students and Overseas Chinese Students:   They may need to complete additional health check-up items, specifically  the ""Residence or Settlement Health Check-up Items Form”.  You can find two kinds of form in', 'Section webpage. Print it  on A4 paper, both sides, as one page. Fill in the basic personal information  and lifestyle details, and complete all required check-up items.    3. Leave of Absence or Deferred Admission:   New students who take a leave of absence or defer their enrollment in the  semester of admission are temporarily exempt from submitting the health  check-up report. They must submit the completed health check-up form to  the Health and Welfare Section on the first day of the semester when they  return to study. It is recommended to participate in the on -campus health  check-up that semester or to complete the check -up at an off -campus  medical institution in advance.    4. Check-up Method:   Students must choose either the on-campus or off-campus health check-up.    5. International Students and Overseas Chinese Students:   They may need to complete additional health check-up items, specifically  the ""Residence or Settlement Health Check-up Items Form”.  You can find two kinds of form in']",New students who defer their enrollment are temporarily exempt from submitting the health check-up report. They must submit the completed health check-up form to the Health and Welfare Section on the first day of the semester when they return to study. It is recommended to participate in the on-campus health check-up that semester or to complete the check-up at an off-campus medical institution in advance.,1.0,0.9394103743958683,0.9999999999666667,Llama3.1
What are the two methods students can choose for completing their health check-up?,"['in the basic personal information  and lifestyle details, and complete all required check-up items.    3. Leave of Absence or Deferred Admission:   New students who take a leave of absence or defer their enrollment in the  semester of admission are temporarily exempt from submitting the health  check-up report. They must submit the completed health check-up form to  the Health and Welfare Section on the first day of the semester when they  return to study. It is recommended to participate in the on -campus health  check-up that semester or to complete the check -up at an off -campus  medical institution in advance.    4. Check-up Method:   Students must choose either the on-campus or off-campus health check-up.    5. International Students and Overseas Chinese Students:   They may need to complete additional health check-up items, specifically  the ""Residence or Settlement Health Check-up Items Form”.  You can find two kinds of form in handbook or the website.    Information for   Health Examination    52', 'Section webpage. Print it  on A4 paper, both sides, as one page. Fill in the basic personal information  and lifestyle details, and complete all required check-up items.    3. Leave of Absence or Deferred Admission:   New students who take a leave of absence or defer their enrollment in the  semester of admission are temporarily exempt from submitting the health  check-up report. They must submit the completed health check-up form to  the Health and Welfare Section on the first day of the semester when they  return to study. It is recommended to participate in the on -campus health  check-up that semester or to complete the check -up at an off -campus  medical institution in advance.    4. Check-up Method:   Students must choose either the on-campus or off-campus health check-up.    5. International Students and Overseas Chinese Students:   They may need to complete additional health check-up items, specifically  the ""Residence or Settlement Health Check-up Items Form”.  You can find two kinds of form in', 'Section webpage. Print it  on A4 paper, both sides, as one page. Fill in the basic personal information  and lifestyle details, and complete all required check-up items.    3. Leave of Absence or Deferred Admission:   New students who take a leave of absence or defer their enrollment in the  semester of admission are temporarily exempt from submitting the health  check-up report. They must submit the completed health check-up form to  the Health and Welfare Section on the first day of the semester when they  return to study. It is recommended to participate in the on -campus health  check-up that semester or to complete the check -up at an off -campus  medical institution in advance.    4. Check-up Method:   Students must choose either the on-campus or off-campus health check-up.    5. International Students and Overseas Chinese Students:   They may need to complete additional health check-up items, specifically  the ""Residence or Settlement Health Check-up Items Form”.  You can find two kinds of form in']",Students can choose either the on-campus or off-campus health check-up.,1.0,0.8898870559653632,0.9999999999666667,Llama3.1
What additional health check-up form may international and overseas Chinese students need to complete?,"['Section webpage. Print it  on A4 paper, both sides, as one page. Fill in the basic personal information  and lifestyle details, and complete all required check-up items.    3. Leave of Absence or Deferred Admission:   New students who take a leave of absence or defer their enrollment in the  semester of admission are temporarily exempt from submitting the health  check-up report. They must submit the completed health check-up form to  the Health and Welfare Section on the first day of the semester when they  return to study. It is recommended to participate in the on -campus health  check-up that semester or to complete the check -up at an off -campus  medical institution in advance.    4. Check-up Method:   Students must choose either the on-campus or off-campus health check-up.    5. International Students and Overseas Chinese Students:   They may need to complete additional health check-up items, specifically  the ""Residence or Settlement Health Check-up Items Form”.  You can find two kinds of form in', 'in the basic personal information  and lifestyle details, and complete all required check-up items.    3. Leave of Absence or Deferred Admission:   New students who take a leave of absence or defer their enrollment in the  semester of admission are temporarily exempt from submitting the health  check-up report. They must submit the completed health check-up form to  the Health and Welfare Section on the first day of the semester when they  return to study. It is recommended to participate in the on -campus health  check-up that semester or to complete the check -up at an off -campus  medical institution in advance.    4. Check-up Method:   Students must choose either the on-campus or off-campus health check-up.    5. International Students and Overseas Chinese Students:   They may need to complete additional health check-up items, specifically  the ""Residence or Settlement Health Check-up Items Form”.  You can find two kinds of form in handbook or the website.    Information for   Health Examination    52', 'Overseas Chinese Students:   They may need to complete additional health check-up items, specifically  the ""Residence or Settlement Health Check-up Items Form”.  You can find two kinds of form in handbook or the website.    Information for   Health Examination    52              6. Further Details:   For more information, please refer to the Health and Welfare Section\'s  webpage or follow their Facebook/Instagram.       Information for   Health Examination    53            On-campus health Examination    What When Remark  Do a health check to  complete the CCU  student Health  Examination  115.03.05 (Thu)  09:30-13:30    * Please come before  13:00.  Mandatory for every new student  Fees: NTD$630    Documents required:  ⚫ Your passport  ⚫ CCU student Health Examination form    If you miss the health check that we arrange  on campus, you must go to the hospital by  yourself. The fees will be more expensive.      Health Check-up Instructions  1. Please be sure to bring the health check-up form and fill out the']","International Students and Overseas Chinese Students may need to complete additional health check-up items, specifically the ""Residence or Settlement Health Check-up Items Form”. You can find two kinds of form in the handbook or the website.",1.0,0.9347781880270144,0.9999999999666667,Llama3.1
What was the scheduled date and time for the on-campus health examination?,"['items, specifically  the ""Residence or Settlement Health Check-up Items Form”.  You can find two kinds of form in handbook or the website.    Information for   Health Examination    52              6. Further Details:   For more information, please refer to the Health and Welfare Section\'s  webpage or follow their Facebook/Instagram.       Information for   Health Examination    53            On-campus health Examination    What When Remark  Do a health check to  complete the CCU  student Health  Examination  114.09.03 (Wed)  09:00-10:00    * Please come before  10:00.  Mandatory for every new student  Fees: NTD$630    Documents required:  ⚫ Your passport  ⚫ CCU student Health Examination form    If you miss the health check that we arrange  on campus, you must go to the hospital by  yourself. The fees will be more expensive.      Health Check-up Instructions  1. Please be sure to bring the health check-up form and fill out the self-reported  sections on the front. For the 3 days prior to the check-up,', 'should inform the staff before the chest X-ray.   After approximately 45 days, please go to the department office to collect the  health check -up report. For domestic students under the age of 18, an  additional copy will be mailed to their legal guardian. No additional report  will be mailed to other individuals.    Information for   Health Examination    54          Off-Campus Health  For Off-Campus Hospitals:   1. Choosing a hospital:   Choose a hospital that is certified by the Ministry of Health and Welfare and  meets the new hospital evaluation standards (qualified, excellent, or  superior). You can check the list of certified hospitals on the Ministry’s  website or ask the hospital\'s health check-up department.   2. What to Bring:   ✓ Bring the ""National Chung Cheng University Health Check-up Form"" (printed  double-sided on A4 paper) to the hospital and remind the hospital to follow  the listed items for the check-up to avoid missing any items. If any items are  missed, you will need to undergo a', 'should inform the staff before the chest X-ray.   After approximately 45 days, please go to the department office to collect the  health check -up report. For domestic students under the age of 18, an  additional copy will be mailed to their legal guardian. No additional report  will be mailed to other individuals.    Information for   Health Examination    54          Off-Campus Health  For Off-Campus Hospitals:   1. Choosing a hospital:   Choose a hospital that is certified by the Ministry of Health and Welfare and  meets the new hospital evaluation standards (qualified, excellent, or  superior). You can check the list of certified hospitals on the Ministry’s  website or ask the hospital\'s health check-up department.   2. What to Bring:   ✓ Bring the ""National Chung Cheng University Health Check-up Form"" (printed  double-sided on A4 paper) to the hospital and remind the hospital to follow  the listed items for the check-up to avoid missing any items. If any items are  missed, you will need to undergo a']","The scheduled date and time for the on-campus health examination is:
Wednesday, September 3rd, 09:00-10:00.",1.0,0.9511808369726076,0.9999999999,Llama3.1
What is the fee for the on-campus health examination?,"['items, specifically  the ""Residence or Settlement Health Check-up Items Form”.  You can find two kinds of form in handbook or the website.    Information for   Health Examination    52              6. Further Details:   For more information, please refer to the Health and Welfare Section\'s  webpage or follow their Facebook/Instagram.       Information for   Health Examination    53            On-campus health Examination    What When Remark  Do a health check to  complete the CCU  student Health  Examination  114.09.03 (Wed)  09:00-10:00    * Please come before  10:00.  Mandatory for every new student  Fees: NTD$630    Documents required:  ⚫ Your passport  ⚫ CCU student Health Examination form    If you miss the health check that we arrange  on campus, you must go to the hospital by  yourself. The fees will be more expensive.      Health Check-up Instructions  1. Please be sure to bring the health check-up form and fill out the self-reported  sections on the front. For the 3 days prior to the check-up,', 'Overseas Chinese Students:   They may need to complete additional health check-up items, specifically  the ""Residence or Settlement Health Check-up Items Form”.  You can find two kinds of form in handbook or the website.    Information for   Health Examination    52              6. Further Details:   For more information, please refer to the Health and Welfare Section\'s  webpage or follow their Facebook/Instagram.       Information for   Health Examination    53            On-campus health Examination    What When Remark  Do a health check to  complete the CCU  student Health  Examination  115.03.05 (Thu)  09:30-13:30    * Please come before  13:00.  Mandatory for every new student  Fees: NTD$630    Documents required:  ⚫ Your passport  ⚫ CCU student Health Examination form    If you miss the health check that we arrange  on campus, you must go to the hospital by  yourself. The fees will be more expensive.      Health Check-up Instructions  1. Please be sure to bring the health check-up form and fill out the', 'Overseas Chinese Students:   They may need to complete additional health check-up items, specifically  the ""Residence or Settlement Health Check-up Items Form”.  You can find two kinds of form in handbook or the website.    Information for   Health Examination    52              6. Further Details:   For more information, please refer to the Health and Welfare Section\'s  webpage or follow their Facebook/Instagram.       Information for   Health Examination    53            On-campus health Examination    What When Remark  Do a health check to  complete the CCU  student Health  Examination  115.03.05 (Thu)  09:30-13:30    * Please come before  13:00.  Mandatory for every new student  Fees: NTD$630    Documents required:  ⚫ Your passport  ⚫ CCU student Health Examination form    If you miss the health check that we arrange  on campus, you must go to the hospital by  yourself. The fees will be more expensive.      Health Check-up Instructions  1. Please be sure to bring the health check-up form and fill out the']",The fee for the on-campus health examination is NTD$630.,1.0,0.9968031554135875,0.9999999999666667,Llama3.1
What two documents must students bring to the on-campus health examination?,"['Overseas Chinese Students:   They may need to complete additional health check-up items, specifically  the ""Residence or Settlement Health Check-up Items Form”.  You can find two kinds of form in handbook or the website.    Information for   Health Examination    52              6. Further Details:   For more information, please refer to the Health and Welfare Section\'s  webpage or follow their Facebook/Instagram.       Information for   Health Examination    53            On-campus health Examination    What When Remark  Do a health check to  complete the CCU  student Health  Examination  115.03.05 (Thu)  09:30-13:30    * Please come before  13:00.  Mandatory for every new student  Fees: NTD$630    Documents required:  ⚫ Your passport  ⚫ CCU student Health Examination form    If you miss the health check that we arrange  on campus, you must go to the hospital by  yourself. The fees will be more expensive.      Health Check-up Instructions  1. Please be sure to bring the health check-up form and fill out the', 'Overseas Chinese Students:   They may need to complete additional health check-up items, specifically  the ""Residence or Settlement Health Check-up Items Form”.  You can find two kinds of form in handbook or the website.    Information for   Health Examination    52              6. Further Details:   For more information, please refer to the Health and Welfare Section\'s  webpage or follow their Facebook/Instagram.       Information for   Health Examination    53            On-campus health Examination    What When Remark  Do a health check to  complete the CCU  student Health  Examination  115.03.05 (Thu)  09:30-13:30    * Please come before  13:00.  Mandatory for every new student  Fees: NTD$630    Documents required:  ⚫ Your passport  ⚫ CCU student Health Examination form    If you miss the health check that we arrange  on campus, you must go to the hospital by  yourself. The fees will be more expensive.      Health Check-up Instructions  1. Please be sure to bring the health check-up form and fill out the', 'items, specifically  the ""Residence or Settlement Health Check-up Items Form”.  You can find two kinds of form in handbook or the website.    Information for   Health Examination    52              6. Further Details:   For more information, please refer to the Health and Welfare Section\'s  webpage or follow their Facebook/Instagram.       Information for   Health Examination    53            On-campus health Examination    What When Remark  Do a health check to  complete the CCU  student Health  Examination  114.09.03 (Wed)  09:00-10:00    * Please come before  10:00.  Mandatory for every new student  Fees: NTD$630    Documents required:  ⚫ Your passport  ⚫ CCU student Health Examination form    If you miss the health check that we arrange  on campus, you must go to the hospital by  yourself. The fees will be more expensive.      Health Check-up Instructions  1. Please be sure to bring the health check-up form and fill out the self-reported  sections on the front. For the 3 days prior to the check-up,']","Documents required for the on-campus health examination are:
 
 • Your passport
 • CCU student Health Examination form",1.0,0.9422729416152656,0.9999999999666667,Llama3.1
What happens if a student misses the on-campus health check arranged by the university?,"['Section webpage. Print it  on A4 paper, both sides, as one page. Fill in the basic personal information  and lifestyle details, and complete all required check-up items.    3. Leave of Absence or Deferred Admission:   New students who take a leave of absence or defer their enrollment in the  semester of admission are temporarily exempt from submitting the health  check-up report. They must submit the completed health check-up form to  the Health and Welfare Section on the first day of the semester when they  return to study. It is recommended to participate in the on -campus health  check-up that semester or to complete the check -up at an off -campus  medical institution in advance.    4. Check-up Method:   Students must choose either the on-campus or off-campus health check-up.    5. International Students and Overseas Chinese Students:   They may need to complete additional health check-up items, specifically  the ""Residence or Settlement Health Check-up Items Form”.  You can find two kinds of form in', 'Section webpage. Print it  on A4 paper, both sides, as one page. Fill in the basic personal information  and lifestyle details, and complete all required check-up items.    3. Leave of Absence or Deferred Admission:   New students who take a leave of absence or defer their enrollment in the  semester of admission are temporarily exempt from submitting the health  check-up report. They must submit the completed health check-up form to  the Health and Welfare Section on the first day of the semester when they  return to study. It is recommended to participate in the on -campus health  check-up that semester or to complete the check -up at an off -campus  medical institution in advance.    4. Check-up Method:   Students must choose either the on-campus or off-campus health check-up.    5. International Students and Overseas Chinese Students:   They may need to complete additional health check-up items, specifically  the ""Residence or Settlement Health Check-up Items Form”.  You can find two kinds of form in', 'in the basic personal information  and lifestyle details, and complete all required check-up items.    3. Leave of Absence or Deferred Admission:   New students who take a leave of absence or defer their enrollment in the  semester of admission are temporarily exempt from submitting the health  check-up report. They must submit the completed health check-up form to  the Health and Welfare Section on the first day of the semester when they  return to study. It is recommended to participate in the on -campus health  check-up that semester or to complete the check -up at an off -campus  medical institution in advance.    4. Check-up Method:   Students must choose either the on-campus or off-campus health check-up.    5. International Students and Overseas Chinese Students:   They may need to complete additional health check-up items, specifically  the ""Residence or Settlement Health Check-up Items Form”.  You can find two kinds of form in handbook or the website.    Information for   Health Examination    52']","If a student misses the on-campus health check arranged by the university, they must submit the completed health check-up form to the Health and Welfare Section on the first day of the semester when they return to study. It is recommended to participate in the on-campus health check-up that semester or to complete the check-up at an off-campus medical institution in advance.",0.75,0.9656462881256536,0.9999999999666667,Llama3.1
Should students fast before the on-campus health check-up?,"['on campus, you must go to the hospital by  yourself. The fees will be more expensive.      Health Check-up Instructions  1. Please be sure to bring the health check-up form and fill out the self-reported  sections on the front. For the 3 days prior to the check-up, maintain a normal  routine and avoid overeating or drinking excessively.   2. On the day of the check -up, fasting is not required, but please inform the  testing staff if you have eaten before the blood draw. (Eating may affect test  items such as cholesterol).   3. Please avoid wearing contact lenses, as it will help with vision tests. If you  must wear them, please bring your contact lens case.   4. Avoid wearing clothing with metal items (buttons, necklaces, sequins, etc.) to  facilitate the chest X -ray. Pregnant women or those who might be pregnant  should inform the staff before the chest X-ray.   After approximately 45 days, please go to the department office to collect the  health check -up report. For domestic students under the age of', 'on campus, you must go to the hospital by  yourself. The fees will be more expensive.      Health Check-up Instructions  1. Please be sure to bring the health check-up form and fill out the self-reported  sections on the front. For the 3 days prior to the check-up, maintain a normal  routine and avoid overeating or drinking excessively.   2. On the day of the check -up, fasting is not required, but please inform the  testing staff if you have eaten before the blood draw. (Eating may affect test  items such as cholesterol).   3. Please avoid wearing contact lenses, as it will help with vision tests. If you  must wear them, please bring your contact lens case.   4. Avoid wearing clothing with metal items (buttons, necklaces, sequins, etc.) to  facilitate the chest X -ray. Pregnant women or those who might be pregnant  should inform the staff before the chest X-ray.   After approximately 45 days, please go to the department office to collect the  health check -up report. For domestic students under the age of', ""(or mail)  the documents to the Health and Welfare Section directly. Please do not  send them to other offices , as health check -up reports contain sensitive  personal information, and the school will not be responsible for any data  leaks or loss during the process.  Information for   Health Examination    55          5. Fasting Requirement:   Before going to the off -campus hospital, please ask the hospital's check -up  department whether fasting is required, as this could affect the check -up  process.             Click here to check hospitals near CCU Information for   Health Examination    56          Health Examination for CCU and ARC  In order to follow government policy, after you register in CCU, you have to  go to the hospital to do your health examination as soon as possible and  provide the health examination report to the Health Center of CCU. Also, in  order to apply for ARC , you must provide your health examination report.  Please complete both health examinations as soon as possible.""]","On the day of the check-up, fasting is not required, but please inform the testing staff if you have eaten before the blood draw. Eating may affect test items such as cholesterol.",1.0,0.7735525376677711,0.99999999995,Llama3.1
Why should students avoid wearing contact lenses on the day of the check-up?,"['more expensive.      Health Check-up Instructions  1. Please be sure to bring the health check-up form and fill out the self-reported  sections on the front. For the 3 days prior to the check-up, maintain a normal  routine and avoid overeating or drinking excessively.   2. On the day of the check -up, fasting is not required, but please inform the  testing staff if you have eaten before the blood draw. (Eating may affect test  items such as cholesterol).   3. Please avoid wearing contact lenses, as it will help with vision tests. If you  must wear them, please bring your contact lens case.   4. Avoid wearing clothing with metal items (buttons, necklaces, sequins, etc.) to  facilitate the chest X -ray. Pregnant women or those who might be pregnant  should inform the staff before the chest X-ray.   After approximately 45 days, please go to the department office to collect the  health check -up report. For domestic students under the age of 18, an  additional copy will be mailed to their legal guardian. No', 'on campus, you must go to the hospital by  yourself. The fees will be more expensive.      Health Check-up Instructions  1. Please be sure to bring the health check-up form and fill out the self-reported  sections on the front. For the 3 days prior to the check-up, maintain a normal  routine and avoid overeating or drinking excessively.   2. On the day of the check -up, fasting is not required, but please inform the  testing staff if you have eaten before the blood draw. (Eating may affect test  items such as cholesterol).   3. Please avoid wearing contact lenses, as it will help with vision tests. If you  must wear them, please bring your contact lens case.   4. Avoid wearing clothing with metal items (buttons, necklaces, sequins, etc.) to  facilitate the chest X -ray. Pregnant women or those who might be pregnant  should inform the staff before the chest X-ray.   After approximately 45 days, please go to the department office to collect the  health check -up report. For domestic students under the age of', 'on campus, you must go to the hospital by  yourself. The fees will be more expensive.      Health Check-up Instructions  1. Please be sure to bring the health check-up form and fill out the self-reported  sections on the front. For the 3 days prior to the check-up, maintain a normal  routine and avoid overeating or drinking excessively.   2. On the day of the check -up, fasting is not required, but please inform the  testing staff if you have eaten before the blood draw. (Eating may affect test  items such as cholesterol).   3. Please avoid wearing contact lenses, as it will help with vision tests. If you  must wear them, please bring your contact lens case.   4. Avoid wearing clothing with metal items (buttons, necklaces, sequins, etc.) to  facilitate the chest X -ray. Pregnant women or those who might be pregnant  should inform the staff before the chest X-ray.   After approximately 45 days, please go to the department office to collect the  health check -up report. For domestic students under the age of']","Please avoid wearing contact lenses on the day of the check-up, as it will help with vision tests. If you must wear them, please bring your contact lens case.",1.0,0.8231859095923232,0.9999999999666667,Llama3.1
Why should students avoid wearing clothing with metal items on check-up day?,"['more expensive.      Health Check-up Instructions  1. Please be sure to bring the health check-up form and fill out the self-reported  sections on the front. For the 3 days prior to the check-up, maintain a normal  routine and avoid overeating or drinking excessively.   2. On the day of the check -up, fasting is not required, but please inform the  testing staff if you have eaten before the blood draw. (Eating may affect test  items such as cholesterol).   3. Please avoid wearing contact lenses, as it will help with vision tests. If you  must wear them, please bring your contact lens case.   4. Avoid wearing clothing with metal items (buttons, necklaces, sequins, etc.) to  facilitate the chest X -ray. Pregnant women or those who might be pregnant  should inform the staff before the chest X-ray.   After approximately 45 days, please go to the department office to collect the  health check -up report. For domestic students under the age of 18, an  additional copy will be mailed to their legal guardian. No', 'on campus, you must go to the hospital by  yourself. The fees will be more expensive.      Health Check-up Instructions  1. Please be sure to bring the health check-up form and fill out the self-reported  sections on the front. For the 3 days prior to the check-up, maintain a normal  routine and avoid overeating or drinking excessively.   2. On the day of the check -up, fasting is not required, but please inform the  testing staff if you have eaten before the blood draw. (Eating may affect test  items such as cholesterol).   3. Please avoid wearing contact lenses, as it will help with vision tests. If you  must wear them, please bring your contact lens case.   4. Avoid wearing clothing with metal items (buttons, necklaces, sequins, etc.) to  facilitate the chest X -ray. Pregnant women or those who might be pregnant  should inform the staff before the chest X-ray.   After approximately 45 days, please go to the department office to collect the  health check -up report. For domestic students under the age of', 'on campus, you must go to the hospital by  yourself. The fees will be more expensive.      Health Check-up Instructions  1. Please be sure to bring the health check-up form and fill out the self-reported  sections on the front. For the 3 days prior to the check-up, maintain a normal  routine and avoid overeating or drinking excessively.   2. On the day of the check -up, fasting is not required, but please inform the  testing staff if you have eaten before the blood draw. (Eating may affect test  items such as cholesterol).   3. Please avoid wearing contact lenses, as it will help with vision tests. If you  must wear them, please bring your contact lens case.   4. Avoid wearing clothing with metal items (buttons, necklaces, sequins, etc.) to  facilitate the chest X -ray. Pregnant women or those who might be pregnant  should inform the staff before the chest X-ray.   After approximately 45 days, please go to the department office to collect the  health check -up report. For domestic students under the age of']","Avoid wearing clothing with metal items (buttons, necklaces, sequins, etc.) to facilitate the chest X-ray.",1.0,0.6679924848877512,0.9999999999666667,Llama3.1
Approximately how long does it take to receive the health check-up report after the on-campus check?,"['double-sided on A4 paper) to the hospital and remind the hospital to follow  the listed items for the check-up to avoid missing any items. If any items are  missed, you will need to undergo a supplementary check-up. The cost of the  check-up varies by hospital, so please inquire with each hospital.   3. Report Pickup Time:   The processing time for check -up reports at different hospitals varies, but it  usually takes 1-2 weeks to receive the report.  4. Report Submission:   ✓ Submit the ""Student Health Data Form"" and a photocopy of the off-campus  check-up report at the service desk during the on -campus check-up event  (at the Auditorium).   ✓ If any results are incomplete, you can pay for supplementary tests on-site at  the on-campus check-up.   ✓ If you are unable to attend the on-campus check-up, please submit (or mail)  the documents to the Health and Welfare Section directly. Please do not  send them to other offices , as health check -up reports contain sensitive  personal information, and the', 'double-sided on A4 paper) to the hospital and remind the hospital to follow  the listed items for the check-up to avoid missing any items. If any items are  missed, you will need to undergo a supplementary check-up. The cost of the  check-up varies by hospital, so please inquire with each hospital.   3. Report Pickup Time:   The processing time for check -up reports at different hospitals varies, but it  usually takes 1-2 weeks to receive the report.  4. Report Submission:   ✓ Submit the ""Student Health Data Form"" and a photocopy of the off-campus  check-up report at the service desk during the on -campus check-up event  (at the Auditorium).   ✓ If any results are incomplete, you can pay for supplementary tests on-site at  the on-campus check-up.   ✓ If you are unable to attend the on-campus check-up, please submit (or mail)  the documents to the Health and Welfare Section directly. Please do not  send them to other offices , as health check -up reports contain sensitive  personal information, and the', 'double-sided on A4 paper) to the hospital and remind the hospital to follow  the listed items for the check-up to avoid missing any items. If any items are  missed, you will need to undergo a supplementary check-up. The cost of the  check-up varies by hospital, so please inquire with each hospital.   3. Report Pickup Time:   The processing time for check -up reports at different hospitals varies, but it  usually takes 1 -2 weeks to receive the r eport. Please plan your check -up in  advance to ensure you can submit the report by September 22, 2025.   4. Report Submission:   ✓ Submit the ""Student Health Data Form"" and a photocopy of the off-campus  check-up report at the service desk during the on -campus check-up event  on September 03, 2025 (at the Auditorium).   ✓ If any results are incomplete, you can pay for supplementary tests on-site at  the on-campus check-up.   ✓ If you are unable to attend the on-campus check-up, please submit (or mail)  the documents to the Health and Welfare Section directly.']","The processing time for check-up reports at different hospitals varies, but it usually takes 1-2 weeks to receive the report.",0.5,0.8412890579828103,0.9999999999666667,Llama3.1
What standard must off-campus hospitals meet to be eligible for the CCU health check-up?,"[""(or mail)  the documents to the Health and Welfare Section directly. Please do not  send them to other offices , as health check -up reports contain sensitive  personal information, and the school will not be responsible for any data  leaks or loss during the process.  Information for   Health Examination    55          5. Fasting Requirement:   Before going to the off -campus hospital, please ask the hospital's check -up  department whether fasting is required, as this could affect the check -up  process.             Click here to check hospitals near CCU Information for   Health Examination    56          Health Examination for CCU and ARC  In order to follow government policy, after you register in CCU, you have to  go to the hospital to do your health examination as soon as possible and  provide the health examination report to the Health Center of CCU. Also, in  order to apply for ARC , you must provide your health examination report.  Please complete both health examinations as soon as possible."", ""(or mail)  the documents to the Health and Welfare Section directly. Please do not  send them to other offices , as health check -up reports contain sensitive  personal information, and the school will not be responsible for any data  leaks or loss during the process.  Information for   Health Examination    55          5. Fasting Requirement:   Before going to the off -campus hospital, please ask the hospital's check -up  department whether fasting is required, as this could affect the check -up  process.             Click here to check hospitals near CCU Information for   Health Examination    56          Health Examination for CCU and ARC  In order to follow government policy, after you register in CCU, you have to  go to the hospital to do your health examination as soon as possible and  provide the health examination report to the Health Center of CCU. Also, in  order to apply for ARC , you must provide your health examination report.  Please complete both health examinations as soon as possible."", ""supplementary tests on-site at  the on-campus check-up.   ✓ If you are unable to attend the on-campus check-up, please submit (or mail)  the documents to the Health and Welfare Section directly. Please do not  send them to other offices , as health check -up reports contain sensitive  personal information, and the schoo l will not be responsible for any data  leaks or loss during the process.   5. Fasting Requirement:   Before going to the off -campus hospital, please ask the hospital's check -up  department whether fasting is required, as this could affect the check -up  process.            Information for   Health Examination    56          Health Examination for CCU and ARC  In order to follow government policy, after you register in CCU, you have to  go to the hospital to do your health examination as soon as possible and  provide the health examination report to the Health Center of C CU. Also, in  order to apply for ARC , you must provide your health examination report.  Please complete both health""]","To be eligible for the CCU health check-up, off-campus hospitals must meet the standard that is not explicitly stated in the Retrieved Context. However, it is mentioned that ""in order to follow government policy, after you register in CCU, you have to go to the hospital to do your health examination as soon as possible and provide the health examination report to the Health Center of CCU."" This implies that the off-campus hospitals must meet the government's health examination standards.",0.6,0.0,0.3333333333,Llama3.1
How long does it typically take to receive a report from an off-campus hospital?,"['double-sided on A4 paper) to the hospital and remind the hospital to follow  the listed items for the check-up to avoid missing any items. If any items are  missed, you will need to undergo a supplementary check-up. The cost of the  check-up varies by hospital, so please inquire with each hospital.   3. Report Pickup Time:   The processing time for check -up reports at different hospitals varies, but it  usually takes 1 -2 weeks to receive the r eport. Please plan your check -up in  advance to ensure you can submit the report by September 22, 2025.   4. Report Submission:   ✓ Submit the ""Student Health Data Form"" and a photocopy of the off-campus  check-up report at the service desk during the on -campus check-up event  on September 03, 2025 (at the Auditorium).   ✓ If any results are incomplete, you can pay for supplementary tests on-site at  the on-campus check-up.   ✓ If you are unable to attend the on-campus check-up, please submit (or mail)  the documents to the Health and Welfare Section directly.', 'double-sided on A4 paper) to the hospital and remind the hospital to follow  the listed items for the check-up to avoid missing any items. If any items are  missed, you will need to undergo a supplementary check-up. The cost of the  check-up varies by hospital, so please inquire with each hospital.   3. Report Pickup Time:   The processing time for check -up reports at different hospitals varies, but it  usually takes 1-2 weeks to receive the report.  4. Report Submission:   ✓ Submit the ""Student Health Data Form"" and a photocopy of the off-campus  check-up report at the service desk during the on -campus check-up event  (at the Auditorium).   ✓ If any results are incomplete, you can pay for supplementary tests on-site at  the on-campus check-up.   ✓ If you are unable to attend the on-campus check-up, please submit (or mail)  the documents to the Health and Welfare Section directly. Please do not  send them to other offices , as health check -up reports contain sensitive  personal information, and the', 'double-sided on A4 paper) to the hospital and remind the hospital to follow  the listed items for the check-up to avoid missing any items. If any items are  missed, you will need to undergo a supplementary check-up. The cost of the  check-up varies by hospital, so please inquire with each hospital.   3. Report Pickup Time:   The processing time for check -up reports at different hospitals varies, but it  usually takes 1-2 weeks to receive the report.  4. Report Submission:   ✓ Submit the ""Student Health Data Form"" and a photocopy of the off-campus  check-up report at the service desk during the on -campus check-up event  (at the Auditorium).   ✓ If any results are incomplete, you can pay for supplementary tests on-site at  the on-campus check-up.   ✓ If you are unable to attend the on-campus check-up, please submit (or mail)  the documents to the Health and Welfare Section directly. Please do not  send them to other offices , as health check -up reports contain sensitive  personal information, and the']","The processing time for check-up reports at different hospitals varies, but it usually takes 1-2 weeks to receive the report.",0.5,0.8422175916404254,0.9999999999666667,Llama3.1
Where should students submit their off-campus health check-up report during the on-campus event?,"['45 days, please go to the department office to collect the  health check -up report. For domestic students under the age of 18, an  additional copy will be mailed to their legal guardian. No additional report  will be mailed to other individuals.    Information for   Health Examination    54          Off-Campus Health  Designated Medical Institution for Off-Campus Health Check-up:   Taian Hospital, Shuangshifen Branch （台安醫院雙十分院——健康檢查中心）  1. Check-up Hospital:   Taian Hospital, Shuangshifen Branch – Health Check-up Center  Address: No. 29, Section 2, Shuangshi Road, Taichung City.   （台中市北區雙十路二段 29 號）  2. Reservation Phone Number:   (04) 2220-9636. Please make an appointment before going.   3. What to Bring:   ✓ The ""National Chung Cheng University Student Health Data Form""  (please fill out the self-report sections on the front).   ✓ The health check-up fee of NT$630. This amount should be paid directly  to the hospital.   4. Report Distribution:   The hospital will mail t he health check-up report to both', ""supplementary tests on-site at  the on-campus check-up.   ✓ If you are unable to attend the on-campus check-up, please submit (or mail)  the documents to the Health and Welfare Section directly. Please do not  send them to other offices , as health check -up reports contain sensitive  personal information, and the schoo l will not be responsible for any data  leaks or loss during the process.   5. Fasting Requirement:   Before going to the off -campus hospital, please ask the hospital's check -up  department whether fasting is required, as this could affect the check -up  process.            Information for   Health Examination    56          Health Examination for CCU and ARC  In order to follow government policy, after you register in CCU, you have to  go to the hospital to do your health examination as soon as possible and  provide the health examination report to the Health Center of C CU. Also, in  order to apply for ARC , you must provide your health examination report.  Please complete both health"", 'double-sided on A4 paper) to the hospital and remind the hospital to follow  the listed items for the check-up to avoid missing any items. If any items are  missed, you will need to undergo a supplementary check-up. The cost of the  check-up varies by hospital, so please inquire with each hospital.   3. Report Pickup Time:   The processing time for check -up reports at different hospitals varies, but it  usually takes 1 -2 weeks to receive the r eport. Please plan your check -up in  advance to ensure you can submit the report by September 22, 2025.   4. Report Submission:   ✓ Submit the ""Student Health Data Form"" and a photocopy of the off-campus  check-up report at the service desk during the on -campus check-up event  on September 03, 2025 (at the Auditorium).   ✓ If any results are incomplete, you can pay for supplementary tests on-site at  the on-campus check-up.   ✓ If you are unable to attend the on-campus check-up, please submit (or mail)  the documents to the Health and Welfare Section directly.']","To submit your off-campus health check-up report during the on-campus event, please submit the ""Student Health Data Form"" and a photocopy of the off-campus check-up report at the service desk during the on-campus check-up event on September 03, 2025 (at the Auditorium). If any results are incomplete, you can pay for supplementary tests on-site at the on-campus check-up. If you are unable to attend the on-campus check-up, please submit (or mail) the documents to the Health and Welfare Section directly.",1.0,0.946502355835061,0.3333333333,Llama3.1
Which hospital is specifically mentioned for the CCU and ARC health examination?,"['report to the Health Center of CCU. Also, in  order to apply for ARC , you must provide your health examination report.  Please complete both health examinations as soon as possible.    Hospital Information   Chia-Yi Christian Hospital(嘉義基督教醫院)    Tel: 05‑2765041 ext.\u202f2792 /\u202f2750–2751    Service hour: • Mon–Sat morning: 08:00–12:00    • Mon–Fri afternoon: 13:30–17:30    ※ Please call to make an appointment or inquire about your report.    Things to note    1. No need to fast    2. Bring the original residence permit or passport    3. Feces needs to be collected on site    4. Women who are pregnant or may be pregnant are not allowed to undergo  X-ray examination.    5. If you have been vaccinated against German measles and measles vaccine,  please bring the original and photocopy of your vaccination certificate.    6. No appointment required, on-site processing    7. ID photo   Information for   Health Examination    57       Information for   Health Examination    58       Information for   Health', 'report to the Health Center of CCU. Also, in  order to apply for ARC , you must provide your health examination report.  Please complete both health examinations as soon as possible.    Hospital Information   Chia-Yi Christian Hospital(嘉義基督教醫院)    Tel: 05‑2765041 ext.\u202f2792 /\u202f2750–2751    Service hour: • Mon–Sat morning: 08:00–12:00    • Mon–Fri afternoon: 13:30–17:30    ※ Please call to make an appointment or inquire about your report.    Things to note    1. No need to fast    2. Bring the original residence permit or passport    3. Feces needs to be collected on site    4. Women who are pregnant or may be pregnant are not allowed to undergo  X-ray examination.    5. If you have been vaccinated against German measles and measles vaccine,  please bring the original and photocopy of your vaccination certificate.    6. No appointment required, on-site processing    7. ID photo   Information for   Health Examination    57       Information for   Health Examination    58       Information for   Health', ""(or mail)  the documents to the Health and Welfare Section directly. Please do not  send them to other offices , as health check -up reports contain sensitive  personal information, and the school will not be responsible for any data  leaks or loss during the process.  Information for   Health Examination    55          5. Fasting Requirement:   Before going to the off -campus hospital, please ask the hospital's check -up  department whether fasting is required, as this could affect the check -up  process.             Click here to check hospitals near CCU Information for   Health Examination    56          Health Examination for CCU and ARC  In order to follow government policy, after you register in CCU, you have to  go to the hospital to do your health examination as soon as possible and  provide the health examination report to the Health Center of CCU. Also, in  order to apply for ARC , you must provide your health examination report.  Please complete both health examinations as soon as possible.""]",The hospital specifically mentioned for the CCU and ARC health examination is Chia-Yi Christian Hospital (嘉義基督教醫院). You can contact them at 05-2765041 ext. 2792 / 2750–2751.,0.75,0.9999999999999994,0.99999999995,Llama3.1
What are the service hours of Chia-Yi Christian Hospital's check-up department?,"['report to the Health Center of CCU. Also, in  order to apply for ARC , you must provide your health examination report.  Please complete both health examinations as soon as possible.    Hospital Information   Chia-Yi Christian Hospital(嘉義基督教醫院)    Tel: 05‑2765041 ext.\u202f2792 /\u202f2750–2751    Service hour: • Mon–Sat morning: 08:00–12:00    • Mon–Fri afternoon: 13:30–17:30    ※ Please call to make an appointment or inquire about your report.    Things to note    1. No need to fast    2. Bring the original residence permit or passport    3. Feces needs to be collected on site    4. Women who are pregnant or may be pregnant are not allowed to undergo  X-ray examination.    5. If you have been vaccinated against German measles and measles vaccine,  please bring the original and photocopy of your vaccination certificate.    6. No appointment required, on-site processing    7. ID photo   Information for   Health Examination    57       Information for   Health Examination    58       Information for   Health', 'report to the Health Center of CCU. Also, in  order to apply for ARC , you must provide your health examination report.  Please complete both health examinations as soon as possible.    Hospital Information   Chia-Yi Christian Hospital(嘉義基督教醫院)    Tel: 05‑2765041 ext.\u202f2792 /\u202f2750–2751    Service hour: • Mon–Sat morning: 08:00–12:00    • Mon–Fri afternoon: 13:30–17:30    ※ Please call to make an appointment or inquire about your report.    Things to note    1. No need to fast    2. Bring the original residence permit or passport    3. Feces needs to be collected on site    4. Women who are pregnant or may be pregnant are not allowed to undergo  X-ray examination.    5. If you have been vaccinated against German measles and measles vaccine,  please bring the original and photocopy of your vaccination certificate.    6. No appointment required, on-site processing    7. ID photo   Information for   Health Examination    57       Information for   Health Examination    58       Information for   Health', 'possible and  provide the health examination report to the Health Center of C CU. Also, in  order to apply for ARC , you must provide your health examination report.  Please complete both health examinations as soon as possible.    Hospital Information   Chia-Yi Christian Hospital(嘉義基督教醫院)    Tel: 05‑2765041 ext.\u202f2792 /\u202f2750–2751    Service hour: • Mon–Sat morning: 08:00–12:00    • Mon–Fri afternoon: 13:30–17:30    ※ Please call to make an appointment or inquire about your report.    Things to note    1. No need to fast    2. Bring the original residence permit or passport    3. Feces needs to be collected on site    4. Women who are pregnant or may be pregnant are not allowed to undergo  X-ray examination.    5. If you have been vaccinated against German measles and measles vaccine,  please bring the original and photocopy of your vaccination certificate.    6. No appointment required, on-site processing    7. ID photo   Information for   Health Examination    57       Information for   Health Examination']","The service hours of Chia-Yi Christian Hospital's check-up department are:
• Mon–Sat morning: 08:00–12:00
• Mon–Fri afternoon: 13:30–17:30
You can call to make an appointment or inquire about your report.",1.0,0.9999999999999994,0.9999999999666667,Llama3.1
Is an appointment required at Chia-Yi Christian Hospital for the health examination?,"['report to the Health Center of CCU. Also, in  order to apply for ARC , you must provide your health examination report.  Please complete both health examinations as soon as possible.    Hospital Information   Chia-Yi Christian Hospital(嘉義基督教醫院)    Tel: 05‑2765041 ext.\u202f2792 /\u202f2750–2751    Service hour: • Mon–Sat morning: 08:00–12:00    • Mon–Fri afternoon: 13:30–17:30    ※ Please call to make an appointment or inquire about your report.    Things to note    1. No need to fast    2. Bring the original residence permit or passport    3. Feces needs to be collected on site    4. Women who are pregnant or may be pregnant are not allowed to undergo  X-ray examination.    5. If you have been vaccinated against German measles and measles vaccine,  please bring the original and photocopy of your vaccination certificate.    6. No appointment required, on-site processing    7. ID photo   Information for   Health Examination    57       Information for   Health Examination    58       Information for   Health', 'report to the Health Center of CCU. Also, in  order to apply for ARC , you must provide your health examination report.  Please complete both health examinations as soon as possible.    Hospital Information   Chia-Yi Christian Hospital(嘉義基督教醫院)    Tel: 05‑2765041 ext.\u202f2792 /\u202f2750–2751    Service hour: • Mon–Sat morning: 08:00–12:00    • Mon–Fri afternoon: 13:30–17:30    ※ Please call to make an appointment or inquire about your report.    Things to note    1. No need to fast    2. Bring the original residence permit or passport    3. Feces needs to be collected on site    4. Women who are pregnant or may be pregnant are not allowed to undergo  X-ray examination.    5. If you have been vaccinated against German measles and measles vaccine,  please bring the original and photocopy of your vaccination certificate.    6. No appointment required, on-site processing    7. ID photo   Information for   Health Examination    57       Information for   Health Examination    58       Information for   Health', 'possible and  provide the health examination report to the Health Center of C CU. Also, in  order to apply for ARC , you must provide your health examination report.  Please complete both health examinations as soon as possible.    Hospital Information   Chia-Yi Christian Hospital(嘉義基督教醫院)    Tel: 05‑2765041 ext.\u202f2792 /\u202f2750–2751    Service hour: • Mon–Sat morning: 08:00–12:00    • Mon–Fri afternoon: 13:30–17:30    ※ Please call to make an appointment or inquire about your report.    Things to note    1. No need to fast    2. Bring the original residence permit or passport    3. Feces needs to be collected on site    4. Women who are pregnant or may be pregnant are not allowed to undergo  X-ray examination.    5. If you have been vaccinated against German measles and measles vaccine,  please bring the original and photocopy of your vaccination certificate.    6. No appointment required, on-site processing    7. ID photo   Information for   Health Examination    57       Information for   Health Examination']",No appointment is required for the health examination at Chia-Yi Christian Hospital.,1.0,0.9966728084133436,0.9999999999666667,Llama3.1
What are the three Taiwan sexual harassment-related laws mentioned in the document?,"['71    Sexual Assault, Sexual Harassment,  & Sexual Bully Prevention Regulations    10        Regulations Regulations  Sexual Assault, Sexual Harassment,  & Sexual Bully Prevention Regulations    72   National Chung Cheng University  Rules Governing Prevention of Gender-Related Incidents on Campuses         Approved at 3rd Gender Equity Education Committee Meeting of 2nd Semester of 2004 Academic Year on July 26, 2005  Revised at 303rd Executive Meeting on September 19, 2005  Revised at 63rd School Affairs Meeting on October 17, 2005  Revised at 332nd Executive Meeting on May 26, 2008  Revised at 77th School Affairs Meeting on June 9, 2008  Revised at 379th Executive Meeting on April 30, 2012  Revised at the 1st Gender Equity Education Committee Meeting of 2nd Semester of 2011 Academic Year on September 6, 2012  Revised at 386th Executive Meeting on November 26, 2012  Revised at 96th School Affairs Meeting on January 7, 2013  Revised at 392nd Executive Meeting on May 27, 2013  Revised at 98th School Affairs', '71    Sexual Assault, Sexual Harassment,  & Sexual Bully Prevention Regulations    10        Regulations Regulations  Sexual Assault, Sexual Harassment,  & Sexual Bully Prevention Regulations    72   National Chung Cheng University  Rules Governing Prevention of Gender-Related Incidents on Campuses         Approved at 3rd Gender Equity Education Committee Meeting of 2nd Semester of 2004 Academic Year on July 26, 2005  Revised at 303rd Executive Meeting on September 19, 2005  Revised at 63rd School Affairs Meeting on October 17, 2005  Revised at 332nd Executive Meeting on May 26, 2008  Revised at 77th School Affairs Meeting on June 9, 2008  Revised at 379th Executive Meeting on April 30, 2012  Revised at the 1st Gender Equity Education Committee Meeting of 2nd Semester of 2011 Academic Year on September 6, 2012  Revised at 386th Executive Meeting on November 26, 2012  Revised at 96th School Affairs Meeting on January 7, 2013  Revised at 392nd Executive Meeting on May 27, 2013  Revised at 98th School Affairs', 'Harassment  Information    70       71    Sexual Assault, Sexual Harassment,  & Sexual Bully Prevention Regulations    10        Regulations Regulations  Sexual Assault, Sexual Harassment,  & Sexual Bully Prevention Regulations    72   National Chung Cheng University  Rules Governing Prevention of Gender-Related Incidents on Campuses         Approved at 3rd Gender Equity Education Committee Meeting of 2nd Semester of 2004 Academic Year on July 26, 2005  Revised at 303rd Executive Meeting on September 19, 2005  Revised at 63rd School Affairs Meeting on October 17, 2005  Revised at 332nd Executive Meeting on May 26, 2008  Revised at 77th School Affairs Meeting on June 9, 2008  Revised at 379th Executive Meeting on April 30, 2012  Revised at the 1st Gender Equity Education Committee Meeting of 2nd Semester of 2011 Academic Year on September 6, 2012  Revised at 386th Executive Meeting on November 26, 2012  Revised at 96th School Affairs Meeting on January 7, 2013  Revised at 392nd Executive Meeting on May 27,']","Sorry, I am not sure about it. Maybe you could turn to OIA for help.",0.0,0.0,0.0,Llama3.1
What is the fine range for sexual harassment of others under the Sexual Harassment Prevention Act?,"['Assault Crime Prevention Act.  The sexual harassment as referred to in the Rules refers to any acts meeting one of the following  criteria but not constituting sexual assault:  Article 1  Article 2  Regulations  Sexual Assault, Sexual Harassment,  & Sexual Bully Prevention Regulations    73   1. Engaging in unwelcome  sex- or gender -related s peech or behavior, whether explicit or  implied, which adversely affect the other party’s personal dignity, learning, or work  opportunities or performance.  2. Sex- or gender-related behavior that serves as the condition for oneself or others to gain or  lose rights or interests in learning or work.  The sexual bullying as referred to in the Rules refers to  ridicule, attacks, or threats directed at  another person’s gender characteristics, gender temperaments, sexual orientation, or gender  identity by using verbal, physical or other forms of violence under the category of sexual bullying  not sexual harassment.     The applicable objects of the Rules include those', 'harassment as referred to in the Rules refers to any acts meeting one of the following  criteria but not constituting sexual assault:  Article 1  Article 2  Regulations  Sexual Assault, Sexual Harassment,  & Sexual Bully Prevention Regulations    73   1. Engaging in unwelcome  sex- or gender -related s peech or behavior, whether explicit or  implied, which adversely affect the other party’s personal dignity, learning, or work  opportunities or performance.  2. Sex- or gender-related behavior that serves as the condition for oneself or others to gain or  lose rights or interests in learning or work.  The sexual bullying as referred to in the Rules refers to  ridicule, attacks, or threats directed at  another person’s gender characteristics, gender temperaments, sexual orientation, or gender  identity by using verbal, physical or other forms of violence under the category of sexual bullying  not sexual harassment.     The applicable objects of the Rules include those in which one party of the gender-related', 'harassment as referred to in the Rules refers to any acts meeting one of the following  criteria but not constituting sexual assault:  Article 1  Article 2  Regulations  Sexual Assault, Sexual Harassment,  & Sexual Bully Prevention Regulations    73   1. Engaging in unwelcome  sex- or gender -related s peech or behavior, whether explicit or  implied, which adversely affect the other party’s personal dignity, learning, or work  opportunities or performance.  2. Sex- or gender-related behavior that serves as the condition for oneself or others to gain or  lose rights or interests in learning or work.  The sexual bullying as referred to in the Rules refers to  ridicule, attacks, or threats directed at  another person’s gender characteristics, gender temperaments, sexual orientation, or gender  identity by using verbal, physical or other forms of violence under the category of sexual bullying  not sexual harassment.     The applicable objects of the Rules include those in which one party of the gender-related']","The fine range for sexual harassment of others under the Sexual Harassment Prevention Act is not explicitly stated in the provided context. However, it is mentioned that the acts meeting one of the following criteria but not constituting sexual assault are considered sexual harassment: 
1. Engaging in unwelcome sex- or gender-related speech or behavior, which adversely affect the other party’s personal dignity, learning, or work opportunities or performance.
2. Sex- or gender-related behavior that serves as the condition for oneself or others to gain or lose rights or interests in learning or work.",1.0,0.8465394125850275,0.0,Llama3.1
What emergency numbers are listed for self-defense against sexual harassment?,"['6. No appointment required, on-site processing    7. ID photo   Information for   Health Examination    57       Information for   Health Examination    58       Information for   Health Examination    59      Information for   Health Examination    60      Information for   Health Examination    61         Information for   Health Examination    62         Information for   Health Examination    63         Information for   Health Examination    64         Information for   Health Examination    65       Information for   Health Examination    66    67    09                  Anti-Sexual Harassment  Information      Anti-sexual Harassment Information    68                                    Anti-sexual Harassment Information    69                                      Anti-sexual Harassment Information    70       71    Sexual Assault, Sexual Harassment,  & Sexual Bully Prevention Regulations    10        Regulations Regulations  Sexual Assault, Sexual Harassment,  & Sexual Bully Prevention Regulations', '6. No appointment required, on-site processing    7. ID photo   Information for   Health Examination    57       Information for   Health Examination    58       Information for   Health Examination    59      Information for   Health Examination    60      Information for   Health Examination    61         Information for   Health Examination    62         Information for   Health Examination    63         Information for   Health Examination    64         Information for   Health Examination    65       Information for   Health Examination    66    67    09                  Anti-Sexual Harassment  Information      Anti-sexual Harassment Information    68                                    Anti-sexual Harassment Information    69                                      Anti-sexual Harassment Information    70       71    Sexual Assault, Sexual Harassment,  & Sexual Bully Prevention Regulations    10        Regulations Regulations  Sexual Assault, Sexual Harassment,  & Sexual Bully Prevention Regulations', 'invited to assist in the investigation, the educational institution or the competent  authority shall avoid any face-to-face confrontation between them.  5. The name of any offender, victim, informant, or person invited to assist in the investigation,  and any other information sufficient to identify them, shall be kept confidential. This restriction  Article 24  Article 25 Regulations  Sexual Assault, Sexual Harassment,  & Sexual Bully Prevention Regulations    86   does not apply, however, if such details are required for the investigation or based on  considerations of public safety.  6. When, in accordance with the provisions of Paragraph 5, Article 33 of the Gender Equity  Education Act, written notification is given to the parties involved, and to associated personnel  or agencies to cooperate with an investigation and provide information , the notification shall  state the purpose of the investigation, the time and location, and the consequences of failure to  attend.  7. The notification referred to']","Sorry, I am not sure about it. Maybe you could turn to OIA for help.",0.0,0.0,0.0,Llama3.1
What are the four self-defense measures listed for protecting oneself against sexual harassment?,"['Assault Crime Prevention Act.  The sexual harassment as referred to in the Rules refers to any acts meeting one of the following  criteria but not constituting sexual assault:  Article 1  Article 2  Regulations  Sexual Assault, Sexual Harassment,  & Sexual Bully Prevention Regulations    73   1. Engaging in unwelcome  sex- or gender -related s peech or behavior, whether explicit or  implied, which adversely affect the other party’s personal dignity, learning, or work  opportunities or performance.  2. Sex- or gender-related behavior that serves as the condition for oneself or others to gain or  lose rights or interests in learning or work.  The sexual bullying as referred to in the Rules refers to  ridicule, attacks, or threats directed at  another person’s gender characteristics, gender temperaments, sexual orientation, or gender  identity by using verbal, physical or other forms of violence under the category of sexual bullying  not sexual harassment.     The applicable objects of the Rules include those', 'harassment as referred to in the Rules refers to any acts meeting one of the following  criteria but not constituting sexual assault:  Article 1  Article 2  Regulations  Sexual Assault, Sexual Harassment,  & Sexual Bully Prevention Regulations    73   1. Engaging in unwelcome  sex- or gender -related s peech or behavior, whether explicit or  implied, which adversely affect the other party’s personal dignity, learning, or work  opportunities or performance.  2. Sex- or gender-related behavior that serves as the condition for oneself or others to gain or  lose rights or interests in learning or work.  The sexual bullying as referred to in the Rules refers to  ridicule, attacks, or threats directed at  another person’s gender characteristics, gender temperaments, sexual orientation, or gender  identity by using verbal, physical or other forms of violence under the category of sexual bullying  not sexual harassment.     The applicable objects of the Rules include those in which one party of the gender-related', 'harassment as referred to in the Rules refers to any acts meeting one of the following  criteria but not constituting sexual assault:  Article 1  Article 2  Regulations  Sexual Assault, Sexual Harassment,  & Sexual Bully Prevention Regulations    73   1. Engaging in unwelcome  sex- or gender -related s peech or behavior, whether explicit or  implied, which adversely affect the other party’s personal dignity, learning, or work  opportunities or performance.  2. Sex- or gender-related behavior that serves as the condition for oneself or others to gain or  lose rights or interests in learning or work.  The sexual bullying as referred to in the Rules refers to  ridicule, attacks, or threats directed at  another person’s gender characteristics, gender temperaments, sexual orientation, or gender  identity by using verbal, physical or other forms of violence under the category of sexual bullying  not sexual harassment.     The applicable objects of the Rules include those in which one party of the gender-related']","The four self-defense measures listed for protecting oneself against sexual harassment are not explicitly mentioned in the Retrieved Context. However, the context does provide the definition of sexual harassment and its criteria.",1.0,0.0,0.0,Llama3.1
How long must CCU keep confidential documents related to campus gender-related incidents?,"['34 Regulations  Sexual Assault, Sexual Harassment,  & Sexual Bully Prevention Regulations    95       This University shall establish a file of campus gender -related incidents and offenders in  accordance with regulations, and the secretarial department shall keep it in confidential documents  for 25 years; if the database is preserved using electronic storage media, when necessary, an  electronic signature or encryption may be used for dealing with the data.  The database established in accordance with the provisions of the preceding paragraph shall be  divided into archives of original data and archives of report documents.  The content of the archives of the original data referred to in the preceding paragraph includes the  following information:  1. The time the incident occurred and its category.  2. The parties associated with the incident and the parties involved (the informant, the victim,  and the offender).  3. The personnel handling the case, and the process, and case records.  4. Text documents', '95       This University shall establish a file of campus gender -related incidents and offenders in  accordance with regulations, and the secretarial department shall keep it in confidential documents  for 25 years; if the database is preserved using electronic stora ge media, when necessary, an  electronic signature or encryption may be used for dealing with the data.  The database established in accordance with the provisions of the preceding paragraph shall be  divided into archives of original data and archives of report documents.  The content of the archives of the original data referred to in the preceding paragraph includes the  following information:  1. The time the incident occurred and its category.  2. The parties associated with the incident and the parties involved (the informant, the victim,  and the offender).  3. The personnel handling the case, and the process, and case records.  4. Text documents produced during the handling of the case, audio files of recorded interviews,  evidence', '95       This University shall establish a file of campus gender -related incidents and offenders in  accordance with regulations, and the secretarial department shall keep it in confidential documents  for 25 years; if the database is preserved using electronic stora ge media, when necessary, an  electronic signature or encryption may be used for dealing with the data.  The database established in accordance with the provisions of the preceding paragraph shall be  divided into archives of original data and archives of report documents.  The content of the archives of the original data referred to in the preceding paragraph includes the  following information:  1. The time the incident occurred and its category.  2. The parties associated with the incident and the parties involved (the informant, the victim,  and the offender).  3. The personnel handling the case, and the process, and case records.  4. Text documents produced during the handling of the case, audio files of recorded interviews,  evidence']",CCU must keep confidential documents related to campus gender-related incidents for 25 years.,1.0,0.9999999999999996,0.9999999999666667,Llama3.1
